Paper_Name,Difficulty,English_Marks,GK_Marks,Maths_Marks,Total_Marks,OTA_Total_Marks,IMA_Selection,INA_Selection,AFA_Selection,OTA_Selection
CDS 2 2023,Moderate,64.96714153011233,55.77226245720831,33.61735698828815,154.35676097560878,98.58449851840048,1,1,1,0
Standard Mock,Moderate,75.23029856408026,45.19035651660983,32.658466252766644,153.07912133345673,107.8887648168469,1,1,1,1
CDS 2 2023,Moderate,75.79212815507391,42.366307368780575,42.67434729152909,160.83278281538358,118.466475446603,1,1,1,1
CDS 2 2022,Easy,70.42560043585965,49.411242957156915,35.365823071875376,155.20266646489193,105.79142350773503,1,1,1,0
CDS 2 2023,Moderate,62.41962271566034,27.300986009843605,15.86719755342202,105.58780627892597,78.28682026908236,0,0,0,0
Standard Mock,Moderate,54.37712470759027,51.77096799114329,24.87168879665576,131.0197814953893,79.24881350424603,0,1,0,0
Standard Mock,Moderate,50.91975924478789,65.58778522705865,20.876962986647086,137.38450745849363,71.79672223143498,1,1,0,0
CDS 2 2022,Easy,62.74223699513465,37.90302176543852,40.67528204687924,141.3205408074524,103.41751904201388,1,1,0,0
CDS 1 2023,Hard,49.556172754748175,26.188077070932366,30.88738071767893,106.63163054335948,80.44355347242711,0,0,0,0
CDS 2 2022,Easy,68.75698018345672,51.49967500248068,33.99361310081195,154.25026828674933,102.75059328426866,1,1,1,0
CDS 1 2022,Moderate,53.98293387770603,47.83803330314479,53.522781845089376,155.34374902594018,107.5057157227954,1,1,1,1
CDS 2 2023,Moderate,49.422890710440996,33.34987620034774,43.225449121031886,125.99821603182062,92.64833983147288,0,1,0,0
Standard Mock,Moderate,62.08863595004755,32.06176741321883,15.403298761202244,109.55370212446863,77.4919347112498,0,0,0,0
CDS 2 2022,Easy,66.96861235869123,57.05641937427965,47.38466579995411,171.40969753292498,114.35327815864534,1,1,1,1
CDS 2 2022,Easy,63.843517176117594,37.25773611559087,36.98896304410711,138.09021633581557,100.83248022022471,0,1,0,0
CDS 2 2023,Moderate,52.801557916052914,60.68546671462699,30.393612290402125,143.88063692108202,83.19517020645503,1,1,1,0
CDS 2 2023,Moderate,63.43618289568462,51.88900763273754,17.36959844637266,132.69478897479482,80.80578134205727,1,1,0,0
CDS 2 2023,Moderate,56.149177195836835,55.34011546609042,28.230779996940413,139.72007265886768,84.37995719277725,1,1,0,0
CDS 2 2023,Moderate,70.30999522495951,37.929389721328334,44.31280119116199,152.55218613744984,114.6227964161215,1,1,1,1
CDS 1 2022,Moderate,56.907876241487855,59.70654152546831,38.31263431403564,154.9270520809918,95.2205105555235,1,1,1,0
Standard Mock,Moderate,55.2082576215471,34.72398031192766,33.14341023336183,123.07564816683659,88.35166785490892,0,0,0,0
CDS 2 2022,Easy,53.037933759193294,71.27488034284988,48.125258223941984,172.43807232598516,101.16319198313528,1,1,1,0
CDS 2 2022,Easy,64.27989878419666,59.33963230057161,50.03532897892024,173.6548600636885,114.3152277631169,1,1,1,1
CDS 2 2022,Easy,58.54880245394876,73.45643879759163,43.61395605508414,175.61919730662453,102.1627585090329,1,1,1,0
CDS 2 2023,Moderate,59.64173960890049,16.56305875092307,50.64643655814006,126.85123491796361,110.28817616704055,0,1,0,1
CDS 2 2023,Moderate,68.21902504375224,44.41191179440959,35.870470682381715,148.50140752054352,104.08949572613395,1,1,1,1
CDS 2 2022,Easy,65.91760776535503,52.36393734594986,20.124310853991073,138.40585596529596,86.0419186193461,0,1,0,0
CDS 2 2023,Moderate,63.57112571511746,41.78075738071623,49.77894044741516,155.13082354324885,113.35006616253261,1,1,1,1
Standard Mock,Moderate,51.91506397106812,58.98482541242489,29.982429564154636,140.88231894764766,81.89749353522276,1,1,0,0
CDS 2 2023,Moderate,63.287511096596845,54.15920919736027,29.702397962329613,147.14911825628673,92.98990905892646,1,1,1,0
CDS 2 2022,Easy,65.9707754934804,46.575362873471775,49.68644990532889,162.23258827228108,115.65722539880929,1,1,1,1
CDS 1 2022,Moderate,56.723378534022316,30.437820622414577,31.078918468678424,118.24011762511532,87.80229700270074,0,0,0,0
CDS 1 2023,Hard,57.96120277064576,40.06136147970953,32.08844217743911,130.1110064277944,90.04964494808488,1,1,0,0
CDS 2 2023,Moderate,57.65412866624853,42.95225612681569,20.84629257949586,121.45267737256009,78.50042124574439,0,1,0,0
Standard Mock,Moderate,56.572854834732304,46.06457146000789,26.97722730778381,129.61465360252402,83.55008214251612,0,1,0,0
CDS 2 2023,Moderate,64.04050856814538,50.09493375398207,53.8618590121053,167.99730133423276,117.90236758025068,1,1,1,1
Standard Mock,Moderate,62.57550390722764,24.9747454164115,34.25554084233833,121.80579016597747,96.83104474956596,0,0,0,0
CDS 1 2022,Moderate,59.73486124550783,77.55890534982343,35.60230209941027,172.89606869474153,95.3371633449181,1,1,1,0
CDS 1 2023,Hard,53.076390352188774,39.58345876353708,32.4123787386689,125.07222785439475,85.48876909085767,1,1,0,0
CDS 2 2022,Easy,53.31321962380468,64.02319639224129,51.42822814515021,168.76464416119617,104.74144776895488,1,1,1,0
CDS 2 2022,Easy,72.91031947043047,71.8335317312332,30.90612545205261,175.64997665371627,103.81644492248307,1,1,1,0
CDS 2 2022,Easy,50.98148937207719,81.28546750971975,45.868570938002705,178.13552781979965,96.8500603100799,1,1,1,0
Standard Mock,Moderate,50.09463674869312,49.19581638105169,29.33702270397228,128.62747583371709,79.4316594526654,0,1,0,0
CDS 2 2023,Moderate,54.96524345883801,48.82275569767233,19.493365689338674,123.28136484584903,74.45860914817669,0,1,0,0
CDS 1 2023,Hard,44.37696286273895,28.96690918919436,33.788739445081454,107.13261149701475,78.1657023078204,0,0,0,0
CDS 1 2022,Moderate,75.4993440501754,44.13526180553189,27.167467076637628,146.8020729323449,102.66681112681303,1,1,0,0
CDS 2 2023,Moderate,68.1351721736967,50.72951921524955,22.69135683566045,141.5560482246067,90.82652900935716,1,1,0,0
CDS 2 2023,Moderate,73.07142754282428,50.21560630238765,18.925167654387725,142.21220149959964,91.996595197212,1,1,1,0
CDS 1 2022,Moderate,62.598827942484235,33.15659146946302,42.8182287177731,138.57364812972037,105.41705666025734,1,1,0,1
CDS 2 2023,Moderate,46.795433869157236,51.56381607879823,40.21941565616898,138.57866560412444,87.01484952532621,1,1,0,0
CDS 1 2022,Moderate,62.504928503458764,39.83970334105811,38.46448209496975,140.80911393948662,100.96941059842851,1,1,0,0
CDS 2 2023,Moderate,62.322536971610035,39.427782983683585,37.93072473298681,139.68104468828042,100.25326170459684,1,1,0,0
CDS 1 2022,Moderate,78.65774511144757,33.70435803356821,39.73832920911788,152.10043235413366,118.39607432056545,1,1,1,1
CDS 2 2023,Moderate,66.5655360863383,57.44501524490943,25.253183297726785,149.2637346289745,91.81871938406508,1,1,1,0
CDS 1 2022,Moderate,71.58595579007404,59.56051355093186,26.793176816482895,157.9396461574888,98.37913260655694,1,1,1,0
CDS 2 2023,Moderate,64.12780926936499,70.76151579184737,43.2206015999449,178.10992666115726,107.34841086930989,1,1,1,1
CDS 1 2022,Moderate,57.54611883997129,37.32582684449372,27.462638356425103,122.33458404089012,85.0087571963964,0,0,0,0
CDS 2 2023,Moderate,51.841897150345616,52.09382369779973,34.228982905858956,138.1647037540043,86.07088005620457,1,1,0,0
CDS 2 2022,Easy,67.7669079933002,55.156022702534884,48.27183249036024,171.1947631861953,116.03874048366043,1,1,1,1
CDS 1 2022,Moderate,74.53534077157317,80.64202999907542,32.35343166762044,187.53080243826903,106.88877243919362,1,1,1,1
CDS 1 2022,Moderate,66.25667347765007,35.14929002326665,26.428424435837172,127.8343879367539,92.68509791348724,0,0,0,0
CDS 2 2022,Easy,69.82472415243186,63.568005929105105,37.76537214674149,171.15810222827847,107.59009629917335,1,1,1,1
CDS 1 2022,Moderate,64.73237624573545,37.838475383179144,34.271710873431275,136.84256250234586,99.00408711916673,1,1,0,0
CDS 2 2023,Moderate,44.851527753141355,58.27678553188167,30.53485047932979,133.66316376435282,75.38637823247115,1,1,0,0
CDS 1 2023,Hard,57.14093744130204,42.078171110214186,20.034089770304096,119.25319832182032,77.17502721160614,0,1,0,0
CDS 2 2023,Moderate,63.85317379728837,49.84470127134634,26.16142563798867,139.85930070662337,90.01459943527703,1,1,0,0
Standard Mock,Moderate,60.58208718446,52.2934483241794,23.57029702169377,136.44583253033318,84.15238420615377,1,1,0,0
CDS 2 2023,Moderate,65.60784526368235,60.645624624418836,45.830512431752766,172.08398231985396,111.43835769543512,1,1,1,1
CDS 1 2022,Moderate,46.22330632042909,54.18042320650392,25.621749600848773,126.02547912778178,71.84505592127786,0,0,0,0
CDS 1 2023,Hard,60.13785950912209,86.23277788785666,34.12038149044838,180.49101888742712,94.25824099957046,1,1,1,0
Standard Mock,Moderate,65.70890510693167,59.448021161918426,46.35565640180599,171.5125826706561,112.06456150873765,1,1,1,1
CDS 1 2023,Hard,61.51391251305798,49.10763064591921,27.477846042877236,138.09938920185442,88.99175855593522,1,1,1,0
Standard Mock,Moderate,52.27174785462428,42.175637426050756,32.63181393259991,127.07919921327495,84.90356178722419,0,1,0,0
CDS 2 2022,Easy,65.81874139386322,32.592817688899025,63.146585666735085,161.55814474949733,128.9653270605983,1,1,1,1
CDS 1 2023,Hard,61.86260190374514,34.3368176105268,17.098273030482787,113.29769254475471,78.96087493422792,0,1,0,0
CDS 1 2022,Moderate,70.88950596967366,35.06706266484832,35.64280019095463,141.59936882547663,106.5323061606283,1,1,0,1
CDS 1 2023,Hard,47.84696290740032,31.23560041939436,35.4367819914774,114.51934531827209,83.28374489887773,0,1,0,0
CDS 1 2022,Moderate,62.16458589581975,40.1807958287302,35.45571839903814,137.80110012358807,97.62030429485789,1,1,0,0
CDS 1 2023,Hard,76.43944089325325,15.698288960108712,35.07135217854409,127.20908203190605,111.51079307179734,1,1,0,1
CDS 2 2022,Easy,66.86454314769428,65.22920001755469,33.38213535231612,165.4758785175651,100.2466785000104,1,1,1,0
CDS 1 2022,Moderate,52.07479261567299,54.05984734776548,33.85263558533101,139.9872755487695,85.927428201004,1,1,0,0
Standard Mock,Moderate,68.65755194170121,43.985985169908616,22.997035929442237,135.64057304105205,91.65458787114345,1,1,0,0
Standard Mock,Moderate,55.25054688839044,69.18545088337316,28.46670767426288,152.9027054460265,83.71725456265332,1,1,1,0
CDS 1 2023,Hard,59.049817109609556,51.014343364657314,19.912928365319637,129.97708883958651,78.96274547492919,1,1,0,0
Standard Mock,Moderate,81.22156197012633,29.767560408551837,45.32465260551147,156.31377498418965,126.5462145756378,1,1,1,1
CDS 1 2022,Moderate,55.15765927133749,39.50796641257463,47.669111491866225,142.33473717577834,102.82677076320371,1,1,0,0
CDS 1 2022,Moderate,64.43819428146229,36.876834341063,42.74634053429337,144.06136915681867,107.18453481575565,1,1,0,1
CDS 1 2022,Moderate,59.404746439382,35.707348303988525,2.5873265993092716,97.6994213426798,61.992073038691274,0,0,0,0
CDS 1 2022,Moderate,57.4743184860684,67.58893564717962,22.522168180351507,147.58542231359954,79.99648666641991,1,1,1,0
CDS 1 2022,Moderate,45.69858622039367,49.5688869274331,30.59955513303016,125.86702828085693,76.29814135342383,0,0,0,0
Standard Mock,Moderate,74.41273289066116,61.957965025859515,20.641378488205607,157.0120764047263,95.05411137886676,1,1,1,0
CDS 2 2023,Moderate,60.10233061019587,53.54524169115925,25.18491348952049,138.8324857908756,85.28724409971636,1,1,0,0
CDS 1 2023,Hard,56.9905969557347,40.83762501988023,25.198264982729643,123.02648695834458,82.18886193846434,1,1,0,0
CDS 2 2023,Moderate,56.1468640313824,55.94556809425256,36.13517345251248,148.22760557814743,92.28203748389488,1,1,1,0
CDS 1 2022,Moderate,75.86016816145352,73.5964004958752,22.62184501173151,172.07841366906024,98.48201317318502,1,1,1,0
CDS 1 2023,Hard,35.47912200477498,47.05980647781492,28.785719239715334,111.32464772230523,64.26484124449031,0,0,0,0
CDS 2 2023,Moderate,62.809918677350325,45.5025329957127,28.773004801794063,137.0854564748571,91.58292347914438,1,1,0,0
CDS 1 2022,Moderate,55.06999065341167,58.19522516425229,29.106352430557884,142.37156824822185,84.17634308396956,1,1,0,0
Standard Mock,Moderate,63.57015485965047,58.79519850519901,28.07090404739346,150.43625741224292,91.64105890704393,1,1,1,0
CDS 1 2022,Moderate,63.072995208766095,55.555546103083344,43.1286211883896,161.75716250023905,106.2016163971557,1,1,1,1
CDS 1 2022,Moderate,51.710049890779274,56.967523261479144,29.398189598030307,138.07576275028873,81.10823948880957,1,1,0,0
CDS 1 2022,Moderate,66.10370265433465,49.407928599705386,34.79098406035852,150.30261531439857,100.89468671469317,1,1,1,0
CDS 2 2022,Easy,77.77664895788425,61.565168574040456,34.0842861116417,173.42610364356642,111.86093506952595,1,1,1,1
CDS 1 2023,Hard,52.97807347566106,53.185322223846285,28.25855037418224,134.42194607368958,81.2366238498433,1,1,0,0
CDS 2 2022,Easy,73.2541634898803,70.66574568585195,48.135096360006386,192.05500553573864,121.38925984988668,1,1,1,1
Standard Mock,Moderate,60.21003841632759,44.27679892087853,41.81952971294964,146.30636705015576,102.02956812927724,1,1,1,1
CDS 2 2023,Moderate,63.24166352488442,49.16395157991262,33.698569456323156,146.10418456112018,96.94023298120757,1,1,1,0
CDS 2 2023,Moderate,65.95157025436913,73.10864730822553,26.817793167665275,165.87801073025992,92.7693634220344,1,1,1,0
CDS 1 2022,Moderate,49.93982618500298,61.89733048200081,22.85811387212268,134.69527053912645,72.79794005712566,0,1,0,0
CDS 2 2022,Easy,72.91662693962935,62.54014611117136,46.24119817052155,181.69797122132226,119.1578251101509,1,1,1,1
CDS 2 2022,Easy,64.87753227153085,55.909654698324715,31.027456285141685,151.81464325499724,95.90498855667254,1,1,0,0
CDS 2 2023,Moderate,53.22838288487888,46.23531142197434,44.75119733417751,144.21489164103073,97.9795802190564,1,1,1,0
CDS 2 2022,Easy,56.745028032074885,59.95517745130749,36.78614158347007,153.48634706685243,93.53116961554495,1,1,1,0
CDS 1 2022,Moderate,54.36275447196025,50.924246537902945,26.777796044335687,132.0647970541989,81.14055051629595,0,1,0,0
CDS 2 2023,Moderate,62.44966571108723,42.347540332580124,29.9305682462887,134.72777428995607,92.38023395737594,1,1,0,0
CDS 2 2022,Easy,67.32049937357637,38.11043470748134,25.519156585026757,130.95009066608446,92.83965595860312,0,0,0,0
CDS 1 2022,Moderate,52.81555778747564,51.73089078717606,32.86552848288153,137.41197705753322,85.68108627035717,1,1,0,0
CDS 2 2022,Easy,79.75356216949552,53.080737640438876,48.576596232020194,181.4108960419546,128.33015840151572,1,1,1,1
CDS 1 2023,Hard,54.80983792097311,39.77784236809132,21.97976508289753,116.56744537196195,76.78960300387064,0,1,0,0
CDS 1 2023,Hard,52.11341361079862,30.073228677372125,32.58174848270472,114.76839077087547,84.69516209350334,0,1,0,0
CDS 1 2023,Hard,60.193465142411725,38.69487821851771,42.26191130402062,141.15025466495007,102.45537644643235,1,1,1,1
CDS 1 2023,Hard,59.01711722098941,35.185354337369965,35.5211519336889,129.7236234920483,94.53826915467832,1,1,0,0
CDS 1 2022,Moderate,62.24092481810417,49.17211318258598,35.12592400781795,146.5389620085081,97.36684882592212,1,1,0,0
CDS 2 2022,Easy,57.26990216144534,60.9759794949454,40.245101742589426,158.49098339898015,97.51500390403476,1,1,1,0
CDS 1 2023,Hard,69.51143607795042,65.83818949013867,37.67416660868165,173.02379217677077,107.18560268663208,1,1,1,1
CDS 2 2023,Moderate,52.326524371119504,50.20010406886022,43.723206367206785,146.24983480718652,96.04973073832629,1,1,1,0
CDS 2 2023,Moderate,81.89802933217672,37.92333789383069,26.917017146448487,146.7383843724559,108.8150464786252,1,1,1,1
CDS 1 2022,Moderate,54.00607354555978,41.69093973983087,13.76104275690193,109.45805604229258,67.76711630246172,0,0,0,0
CDS 1 2022,Moderate,52.40867338446302,52.101071709325915,36.50393786476208,141.01368295855102,88.91261124922511,1,1,0,0
CDS 2 2023,Moderate,78.76170839215887,41.077156132051165,44.5042383818605,164.34310290607053,123.26594677401937,1,1,1,1
CDS 2 2023,Moderate,51.01585328651642,32.15720151575229,39.919191715065054,123.09224651733376,90.93504500158147,0,1,0,0
CDS 2 2022,Easy,83.31458765854353,49.36989217474354,51.79440120721287,184.47888104049994,135.1089888657564,1,1,1,1
CDS 2 2023,Moderate,42.868654709091224,46.62552185696858,48.538723741654124,138.03290030771393,91.40737845074534,1,1,0,0
Standard Mock,Moderate,72.37816311973462,40.807499724554724,19.05572341205633,132.2413862563457,91.43388653179096,0,1,0,0
CDS 2 2022,Easy,65.05243699718183,49.59921434224908,40.46980593764742,155.12145727707832,105.52224293482925,1,1,1,0
CDS 2 2023,Moderate,66.22849932347499,46.291446179744476,24.323795706174057,136.84374120939353,90.55229502964904,1,1,0,0
Standard Mock,Moderate,61.20295631711899,56.53937853706668,40.14438834058749,157.88672319477317,101.34734465770649,1,1,1,1
Standard Mock,Moderate,48.75357908162131,63.33212186278211,19.658858292643778,131.7445592370472,68.4124373742651,0,1,0,0
CDS 2 2023,Moderate,63.323140119795916,66.61382370627027,27.515134634434464,157.45209846050065,90.83827475423038,1,1,1,0
CDS 1 2022,Moderate,61.156746342928585,48.81022177692131,46.792971840638266,156.75993996048817,107.94971818356686,1,1,1,1
CDS 1 2023,Hard,75.60747924881987,37.01243021825112,44.042726739545635,156.66263620661664,119.65020598836551,1,1,1,1
CDS 1 2023,Hard,64.71570950954356,56.42357869038818,35.16300759668118,156.30229579661292,99.87871710622474,1,1,1,1
CDS 2 2023,Moderate,50.35076539419896,60.70109384219505,41.86051459998439,152.91237383637838,92.21127999418334,1,1,1,0
CDS 1 2022,Moderate,42.41260513576886,23.52921386687879,23.16741487334225,89.1092338759899,65.58002000911111,0,0,0,0
Standard Mock,Moderate,57.305931655554424,66.02828462515234,42.17542255795962,165.50963883866638,99.48135421351404,1,1,1,0
CDS 1 2022,Moderate,60.74094780419775,31.438782501421304,51.286155455712915,143.46588576133198,112.02710325991066,1,1,0,1
CDS 2 2023,Moderate,42.96617560644845,52.60878538727169,34.44452301103381,130.01948400475396,77.41069861748227,1,1,0,0
Standard Mock,Moderate,59.67305251905907,46.93055952584654,14.325578999601234,120.92919104450684,73.9986315186603,0,0,0,0
CDS 1 2022,Moderate,46.95530499495147,52.39917895316218,41.69672548830039,141.051209436414,88.65203048325185,1,1,0,0
Standard Mock,Moderate,50.60120213672645,35.28943773733258,29.861330826633065,115.75197070069208,80.46253296335951,0,0,0,0
CDS 1 2023,Hard,54.37320902726828,28.171287443973476,37.64113856400991,120.18563503525166,92.01434759127818,1,1,0,0
Standard Mock,Moderate,65.04046515517844,38.48552601285187,29.69742381627559,133.2234149843059,94.73788897145403,0,1,0,0
CDS 1 2022,Moderate,58.929696400454425,41.35620833583381,24.647576775806257,124.9334815120945,83.57727317626069,0,0,0,0
CDS 1 2023,Hard,43.021221074111516,40.423162623660744,45.717801063331116,129.1621847611034,88.73902213744263,1,1,0,0
CDS 1 2022,Moderate,53.00274492007414,46.652063403710045,37.13979910734222,136.7946074311264,90.14254402741636,1,1,0,0
CDS 2 2022,Easy,62.79030400466777,64.09009252056767,46.14166700043425,173.0220635256697,108.93197100510201,1,1,1,1
CDS 2 2022,Easy,59.69498852389472,51.699379634180275,34.2418175935532,145.6361857516282,93.93680611744793,1,1,0,0
CDS 1 2022,Moderate,36.980788352644154,64.4024912093343,19.84808937801448,121.23136893999293,56.82887773065863,0,0,0,0
CDS 1 2022,Moderate,76.44967713501283,54.918683556669194,32.50963960443622,163.87800029611824,108.95931673944905,1,1,1,1
CDS 2 2023,Moderate,63.112501545435364,61.434898937214925,65.78880808455239,190.33620856720268,128.90130962998774,1,1,1,1
CDS 2 2022,Easy,63.72082408519233,35.722644156909126,30.444595593995743,129.88806383609722,94.16541967918808,0,0,0,0
Standard Mock,Moderate,62.03463635867223,30.93295548482791,27.436492547156966,120.40408439065712,89.4711289058292,0,0,0,0
CDS 2 2022,Easy,58.534271157574736,75.24569962087078,29.18451996385605,162.96449074230156,87.71879112143078,1,1,1,0
Standard Mock,Moderate,68.81639756949451,65.75932966668032,34.92027358683383,169.49600082300867,103.73667115632834,1,1,1,1
CDS 2 2022,Easy,65.77368307647619,73.27748892723588,31.387157986717362,170.43832999042942,97.16084106319354,1,1,1,0
CDS 1 2022,Moderate,65.38910043684659,45.7159358629967,24.627538456735437,135.73257475657874,90.01663889358203,0,1,0,0
CDS 2 2023,Moderate,51.24381746615243,59.1141305703797,21.17200269035664,131.52995072688879,72.41582015650907,1,1,0,0
CDS 1 2022,Moderate,79.0941664047013,54.75563084028685,21.01432426180859,154.86412150679672,100.10849066650988,1,1,1,0
CDS 2 2023,Moderate,53.49357430878173,40.89127290913357,30.12874616235304,124.51359338026833,83.62232047113477,0,1,0,0
CDS 2 2022,Easy,56.36009230320184,45.02859860306755,40.48521627944827,141.87390718571766,96.8453085826501,1,1,0,0
CDS 2 2023,Moderate,62.704568257798385,45.13262343760309,34.49761890550863,142.3348106009101,97.20218716330702,1,1,1,0
CDS 1 2023,Hard,45.92436337958402,49.06469470990908,25.38582935545334,120.37488744494644,71.31019273503736,1,1,0,0
CDS 1 2023,Hard,60.009171876243805,41.19198766515071,22.179558041611593,123.38071758300612,82.1887299178554,1,1,0,0
CDS 2 2023,Moderate,67.5138712337179,54.52032230855922,18.305947188786284,140.3401407310634,85.81981842250417,1,1,0,0
Standard Mock,Moderate,53.37376241054153,38.8408901214898,40.70598668593159,132.92063921796293,94.07974909647312,0,1,0,0
CDS 1 2023,Hard,36.95117899335481,40.577019359936585,16.9796604969347,94.50785885022609,53.93083949028951,0,0,0,0
CDS 1 2022,Moderate,62.59722501721482,55.663109505328485,25.956833748955916,144.21716827149922,88.55405876617073,1,1,0,0
Standard Mock,Moderate,43.3847993773104,33.46780560285052,34.33920201352684,111.19180699368775,77.72400139083723,0,0,0,0
CDS 1 2022,Moderate,53.48163892197841,37.67503961659257,35.47398671316414,126.63066525173512,88.95562563514255,0,0,0,0
Standard Mock,Moderate,56.154444557701744,41.07729756572222,45.0629280921444,142.29467021556837,101.21737264984614,1,1,0,1
CDS 1 2023,Hard,63.35692112065142,46.357650134983395,20.962345162739055,130.67691641837388,84.31926628339048,1,1,0,0
CDS 1 2022,Moderate,74.41568620657901,38.43725693435428,10.283554998727105,123.1364981396604,84.69924120530612,0,0,0,0
Standard Mock,Moderate,65.7707212718054,52.4537504804557,32.96954613957007,151.19401789183118,98.74026741137547,1,1,1,0
CDS 1 2022,Moderate,53.960148132841795,46.13187317529505,35.865897874729,135.95791918286585,89.8260460075708,0,1,0,0
CDS 2 2023,Moderate,71.67782061659807,52.051231944902426,37.54420843301213,161.2732609945126,109.2220290496102,1,1,1,1
CDS 1 2022,Moderate,55.881230338775325,42.80930174616455,30.123937759275066,128.81446984421495,86.00516809805039,0,1,0,0
CDS 1 2023,Hard,58.944521423782966,43.477298282756955,26.632124153437896,129.0539438599778,85.57664557722086,1,1,0,0
CDS 1 2023,Hard,75.75400798645438,36.08771761398591,36.96899762745354,148.81072322789385,112.72300561390793,1,1,1,1
CDS 1 2022,Moderate,72.01213922163944,23.542505577865754,30.919246269784487,126.47389106928968,102.93138549142392,0,0,0,0
CDS 2 2023,Moderate,49.91913689082596,43.78183819150429,16.292080789741444,109.9930558720717,66.2112176805674,0,0,0,0
CDS 1 2022,Moderate,60.184183791895514,51.923128485169954,51.76437312275283,163.87168539981832,111.94855691464835,1,1,1,1
CDS 2 2022,Easy,62.80899471191136,28.466376291905377,48.294055811834895,139.56942681565164,111.10305052374625,0,1,0,1
CDS 1 2022,Moderate,62.356145581085656,30.256965050641902,42.708651938869664,135.32176257059723,105.06479751995532,0,1,0,1
CDS 1 2023,Hard,66.43754043206928,35.01654503319038,32.707971259955315,134.162056725215,99.1455116920246,1,1,0,1
CDS 1 2023,Hard,61.32781866106285,42.18239506070194,48.16554286243517,151.67575658419995,109.49336152349801,1,1,1,1
CDS 2 2023,Moderate,62.48220586300336,37.8018675664225,30.40639100459756,130.6904644340234,92.88859686760091,1,1,0,0
Standard Mock,Moderate,68.30335816544246,48.85879484663271,26.439161740911327,143.6013147529865,94.74251990635379,1,1,0,0
CDS 1 2022,Moderate,55.223425532348834,52.00394526344338,39.78979825746392,147.01716905325614,95.01322378981276,1,1,1,0
CDS 1 2022,Moderate,70.375399442579,44.761500776479544,29.89983601145253,145.03673623051108,100.27523545403153,1,1,0,0
Standard Mock,Moderate,50.21236284217693,52.52760591653823,30.557067399238882,133.29703615795404,80.76943024141582,0,1,0,0
CDS 2 2022,Easy,72.56988616645351,65.43527104126792,30.778346758223748,168.7835039659452,103.34823292467726,1,1,1,0
CDS 2 2023,Moderate,73.55637858804951,70.52154975069679,39.13434903223701,183.21227737098332,112.69072762028652,1,1,1,1
CDS 2 2023,Moderate,52.26210800896427,26.655357013148656,22.55345296688583,101.47091798899876,74.8155609758501,0,0,0,0
CDS 2 2022,Easy,79.96044311489183,54.33298394907454,46.54365656354058,180.83708362750696,126.50409967843241,1,1,1,1
CDS 1 2022,Moderate,62.799686263198204,77.34902375540192,23.745109527016233,163.89381954561634,86.54479579021444,1,1,1,0
CDS 2 2022,Easy,66.29221181975228,63.7091994867843,41.09394794604893,171.09535925258552,107.38615976580121,1,1,1,1
CDS 1 2023,Hard,59.810092317367136,30.514306534656257,31.791072194233053,122.11547104625645,91.60116451160019,1,1,0,0
CDS 2 2023,Moderate,64.71468357135996,64.14504055385973,53.82024496475034,182.67996908997003,118.5349285361103,1,1,1,1
Standard Mock,Moderate,75.93186626639397,36.12474215689703,29.88784323568815,141.94445165897915,105.81970950208212,1,1,0,1
CDS 2 2023,Moderate,58.74213079900352,61.13029822165139,35.557249122886944,155.42967814354185,94.29937992189046,1,1,1,0
CDS 2 2023,Moderate,43.07535370285181,46.10390521705213,50.29550319460614,139.47476211451007,93.37085689745794,1,1,0,0
CDS 2 2022,Easy,60.7311893005258,35.141719937610766,29.878956247398325,125.75186548553489,90.61014554792412,0,0,0,0
CDS 1 2022,Moderate,68.23170583961914,32.52046920310735,35.73317967188404,136.48535471461054,103.96488551150318,1,1,0,0
CDS 2 2023,Moderate,47.04921227936384,68.02825830347271,31.642153007098717,146.71962358993528,78.69136528646256,1,1,1,0
CDS 1 2022,Moderate,57.40408648636395,45.05108323096867,19.96857046881894,122.42374018615156,77.37265695518289,0,0,0,0
CDS 1 2023,Hard,52.27276430252329,39.348461601786255,8.424906856467427,100.04613276077697,60.697671158990715,0,0,0,0
CDS 2 2023,Moderate,57.69065469791322,70.18747313934415,41.96206364813418,169.84019148539156,99.65271834604741,1,1,1,0
Standard Mock,Moderate,71.26565029547757,34.721689095099954,32.31111309445169,138.2984524850292,103.57676338992925,1,1,0,1
CDS 1 2022,Moderate,85.7335980324986,48.167151502955356,35.59218434014488,169.49293387559885,121.32578237264349,1,1,1,1
CDS 2 2022,Easy,64.75874912889996,53.267675056912694,41.98084760767855,160.0072717934912,106.7395967365785,1,1,1,0
Standard Mock,Moderate,54.26337993119763,47.60696075740802,29.531410587596078,131.40175127620174,83.79479051879372,0,1,0,0
CDS 1 2022,Moderate,54.56575228866235,49.27716273230276,27.871542173228356,131.71445719419347,82.4372944618907,0,1,0,0
CDS 2 2022,Easy,62.450227825791444,23.188362299283856,55.039929885826886,140.6785200109022,117.49015771161834,1,1,0,1
CDS 1 2022,Moderate,70.91506851922462,23.119317211102206,47.46085192497629,141.49523765530313,118.37592044420091,1,1,0,1
CDS 1 2023,Hard,51.573124059196516,23.109859663386146,27.02847307203367,101.71145679461634,78.60159713123019,0,0,0,0
CDS 2 2023,Moderate,52.22183312409125,69.02724532108347,23.894241545341714,145.14331999051643,76.11607466943296,1,1,1,0
Standard Mock,Moderate,69.35678393147461,56.66006476851882,47.71555094994159,173.73239964993502,117.0723348814162,1,1,1,1
CDS 2 2023,Moderate,48.70948228782771,53.872494734735014,29.754797337202262,132.336774359765,78.46427962502997,1,1,0,0
CDS 1 2023,Hard,42.778721911080545,37.11609522210238,35.703987441379105,115.59880457456202,78.48270935245965,0,1,0,0
Standard Mock,Moderate,56.251791924504026,53.33115973783248,42.10959968203491,151.69255134437142,98.36139160653894,1,1,1,0
CDS 1 2022,Moderate,56.3903383418092,35.027240068801234,46.59329803364248,138.01087644425292,102.98363637545168,1,1,0,0
CDS 1 2023,Hard,61.15935606944264,36.28544272823212,34.74481006374707,132.18960886142182,95.9041661331897,1,1,0,0
CDS 2 2023,Moderate,63.26133022242118,59.08832423048281,22.48886423614697,144.83851868905094,85.75019445856815,1,1,1,0
CDS 2 2023,Moderate,58.15097863557011,60.58811071004267,29.772769794809605,148.5118591404224,87.92374843037972,1,1,1,0
CDS 2 2022,Easy,57.95656309457241,36.320449917713155,25.915387036364404,120.19240004864997,83.87195013093681,0,0,0,0
Standard Mock,Moderate,66.0600995134564,69.05753018381237,22.19570647503717,157.31333617230592,88.25580598849356,1,1,1,0
Standard Mock,Moderate,39.18070592116278,50.53220960643142,51.96456368290038,141.6774792104946,91.14526960406317,1,1,0,0
Standard Mock,Moderate,59.032868881296075,52.78963337222485,29.550809131910505,141.37331138543144,88.58367801320658,1,1,0,0
CDS 1 2023,Hard,54.62365297575152,41.37073178394448,38.82641505613217,134.82079981582817,93.45006803188369,1,1,0,0
CDS 1 2022,Moderate,61.50301761461878,47.316652515347194,31.36387787786144,140.1835480078274,92.86689549248021,1,1,0,0
CDS 1 2022,Moderate,63.07801768892059,31.821774934731444,17.898316073433744,112.79810869708578,80.97633376235433,0,0,0,0
CDS 2 2023,Moderate,67.43264094022715,45.79219996376785,36.708654381279416,149.9334952852744,104.14129532150656,1,1,1,1
CDS 2 2023,Moderate,60.184339330653934,41.52288383628766,38.47581705361671,140.1830402205583,98.66015638427064,1,1,0,0
CDS 2 2023,Moderate,52.216952745976876,36.259526668619614,36.958452550976816,125.43493196557331,89.1754052969537,0,1,0,0
CDS 2 2023,Moderate,64.08252755714472,60.34986764790772,17.974163957621595,142.40655916267403,82.05669151476631,1,1,1,0
CDS 2 2022,Easy,69.72597482413043,66.79229180734617,42.56029734313876,179.07856397461535,112.28627216726919,1,1,1,1
CDS 2 2022,Easy,81.65474444462576,32.909509224020255,50.1437006501813,164.70795431882732,131.79844509480705,1,1,1,1
CDS 2 2023,Moderate,47.204230332642986,48.313092602530006,28.751814223043212,124.2691371582162,75.95604455568619,0,1,0,0
CDS 1 2023,Hard,60.17659020469123,42.24120117372494,24.194049494772276,126.61184087318844,84.37063969946351,1,1,0,0
CDS 1 2023,Hard,47.44617067646678,23.120066837821334,25.107857576064415,95.67409509035252,72.5540282525312,0,0,0,0
Standard Mock,Moderate,50.76766753889096,36.28952096427201,21.483153943836662,108.54034244699963,72.25082148272762,0,0,0,0
CDS 2 2023,Moderate,70.5364179660784,79.5885847780487,25.50601111168057,175.63101385580768,96.04242907775898,1,1,1,0
CDS 1 2022,Moderate,64.93317900880889,37.699706637825436,36.84836123694874,139.48124688358308,101.78154024575764,1,1,0,0
CDS 1 2022,Moderate,67.00309879408991,49.464117775744334,29.243621737622263,145.7108383074565,96.24672053171217,1,1,0,0
CDS 2 2023,Moderate,85.60084538268795,61.791279915428106,34.0394010027535,181.43152630086956,119.64024638544146,1,1,1,1
CDS 1 2023,Hard,47.96823574874112,61.24960762762612,29.720092076024308,138.93793545239154,77.68832782476542,1,1,1,0
Standard Mock,Moderate,53.730329422122324,56.493023225465706,53.12448557996929,163.3478382275573,106.85481500209161,1,1,1,1
Standard Mock,Moderate,54.37533224105732,59.67065339552076,41.32407739055521,155.37006302713328,95.69940963161253,1,1,1,0
CDS 1 2023,Hard,61.21809962217196,31.274353890101576,17.43820224087635,109.93065575314989,78.65630186304831,0,0,0,0
CDS 1 2022,Moderate,57.52481364448495,55.44806517060813,34.25566570899954,147.22854452409263,91.78047935348448,1,1,1,0
CDS 2 2022,Easy,66.77701000933254,59.56237421207156,26.64655641289899,152.9859406343031,93.42356642223153,1,1,1,0
CDS 1 2022,Moderate,66.10585745283824,60.96936870665546,40.5979044793104,167.67313063880408,106.70376193214864,1,1,1,1
CDS 1 2023,Hard,63.33922154548904,39.15801146249623,33.6734406338275,136.17067364181275,97.01266217931654,1,1,1,0
CDS 2 2022,Easy,48.39039066484008,57.49225224595733,44.296182191325855,150.17882510212326,92.68657285616594,1,1,0,0
CDS 1 2023,Hard,57.715788371953735,27.02732151510085,19.786011393437526,104.52912128049212,77.50179976539127,0,0,0,0
Standard Mock,Moderate,70.53152853332904,56.178008368471495,34.60444846143345,161.313985363234,105.13597699476249,1,1,1,1
CDS 2 2022,Easy,65.28318376130461,66.25940567171197,40.297561394957455,171.84015082797404,105.58074515626207,1,1,1,0
Standard Mock,Moderate,54.83955271782626,42.45269653553949,35.96120776940983,133.2534570227756,90.80076048723609,0,1,0,0
CDS 1 2023,Hard,50.65503772567684,42.665605259604554,27.526623012250884,120.84726599753228,78.18166073792773,1,1,0,0
CDS 1 2022,Moderate,55.212513783365225,37.26471237336595,47.55756125573521,140.0347874124664,102.77007503910043,1,1,0,0
CDS 2 2023,Moderate,58.13128355838641,65.3637346122448,30.60268941725825,154.09770758788946,88.73397297564466,1,1,1,0
Standard Mock,Moderate,61.965547765115744,30.173275523556335,45.31844539468635,137.45726868335842,107.2839931598021,1,1,0,1
CDS 1 2023,Hard,57.67050265869259,40.98740787130509,37.117046364987495,135.77495689498517,94.78754902368009,1,1,1,0
CDS 1 2023,Hard,65.65480375065351,56.912169282226955,25.861692399197022,148.42866543207748,91.51649614985054,1,1,1,0
CDS 2 2023,Moderate,82.9889812361925,42.653969743190736,31.37161439560341,157.01456537498666,114.36059563179592,1,1,1,1
CDS 1 2022,Moderate,74.533844771177,41.72567967416078,50.795721457307124,167.0552459026449,125.32956622848413,1,1,1,1
CDS 2 2023,Moderate,55.798131829041424,31.866593867588676,32.18215391139493,119.84687960802503,87.98028574043636,0,0,0,0
CDS 2 2022,Easy,55.81348053515802,45.786429218750456,29.95859233247932,131.55850208638782,85.77207286763735,0,0,0,0
CDS 2 2022,Easy,64.65315112613219,73.60600591376893,42.342147325365204,180.60130436526632,106.99529845149739,1,1,1,0
Standard Mock,Moderate,50.016459592612094,45.43213386929389,44.843223984765835,140.2918174466718,94.85968357737792,1,1,0,0
Standard Mock,Moderate,59.50536290347567,34.527335741252415,41.74819492166604,135.78089356639413,101.25355782514171,1,1,0,1
Standard Mock,Moderate,63.82409746184051,53.90941516809779,36.66452208213056,154.39803471206886,100.48861954397107,1,1,1,1
CDS 2 2023,Moderate,62.89168643907818,40.347120188984206,59.55300139910894,162.79180802717133,122.44468783818712,1,1,1,1
CDS 2 2022,Easy,59.690030449981826,48.33427457007694,33.76859473575236,141.7928997558111,93.45862518573418,1,1,0,0
CDS 1 2022,Moderate,53.62612872693482,65.04605097587826,46.89016531107552,165.5623450138886,100.51629403801034,1,1,1,0
Standard Mock,Moderate,54.29253706250524,53.65698667663685,26.676444268957713,134.6259680080998,80.96898133146296,0,1,0,0
CDS 2 2023,Moderate,54.477769557190285,50.435076250215594,41.32931817755511,146.242163984961,95.8070877347454,1,1,1,0
CDS 1 2023,Hard,39.84255885002768,61.55053207714626,42.38004161064049,143.77313253781443,82.22260046066816,1,1,1,0
CDS 1 2022,Moderate,53.87211309515614,51.43038468869886,31.12298440064016,136.42548218449517,84.9950974957963,1,1,0,0
CDS 2 2023,Moderate,63.34456789987025,72.1224544651962,41.5854427267283,177.05246509179474,104.93001062659854,1,1,1,1
CDS 2 2023,Moderate,58.2305277250595,31.448169263825672,27.017027554615463,116.69572454350065,85.24755527967497,0,0,0,0
CDS 2 2022,Easy,57.69069960058081,76.53469436221346,39.66873027126203,173.89412423405628,97.35942987184283,1,1,1,0
Standard Mock,Moderate,54.823887009638284,47.80292524712698,37.237879516388986,139.86469177315425,92.06176652602727,1,1,0,0
CDS 1 2023,Hard,66.88393273448084,33.62957472495615,50.21545940698897,150.72896686642596,117.0993921414698,1,1,1,1
CDS 2 2022,Easy,60.10560557481778,63.182697875515736,50.44160877069072,173.72991222102425,110.54721434550851,1,1,1,1
CDS 2 2023,Moderate,78.46707325736034,43.688494910555285,40.839281853259635,162.99485002117527,119.30635511061998,1,1,1,1
Standard Mock,Moderate,65.9065483069231,57.84578617436837,46.087035805829075,169.83937028712054,111.99358411275217,1,1,1,1
Standard Mock,Moderate,65.07274031107298,62.03154708534807,45.666746895891535,172.77103429231258,110.73948720696451,1,1,1,1
CDS 1 2022,Moderate,73.82158991037527,45.994583036197746,41.48709887589643,161.30327182246944,115.30868878627169,1,1,1,1
CDS 2 2023,Moderate,61.46713686433323,38.19677194815317,47.06508966508357,146.72899847756997,108.53222652941679,1,1,1,1
CDS 2 2022,Easy,68.68673308872901,55.34493787521781,36.06661187672639,160.09828284067322,104.7533449654554,1,1,1,0
CDS 2 2023,Moderate,72.78451862607298,48.55723857787378,36.910990680199035,158.2527478841458,109.69550930627202,1,1,1,1
CDS 1 2023,Hard,41.40143859020081,47.7458101736929,35.97002852821777,125.11727729211148,77.37146711841858,1,1,0,0
CDS 1 2023,Hard,76.6325472330546,42.62980393196727,27.537774120375992,146.80012528539785,104.17032135343058,1,1,1,1
CDS 2 2023,Moderate,62.49383683710755,46.85645361135658,50.77453279763475,160.12482324609888,113.2683696347423,1,1,1,1
CDS 2 2023,Moderate,62.790215257703395,50.2393094778763,41.078965097165394,154.10848983274508,103.86918035486879,1,1,1,1
CDS 1 2022,Moderate,55.535663854494715,60.883580998317264,36.94089992898308,153.36014478179504,92.47656378347779,1,1,1,0
Standard Mock,Moderate,49.7348470058894,39.59855022072992,36.32969674146876,125.66309396808808,86.06454374735816,0,1,0,0
CDS 1 2022,Moderate,71.95046628924842,41.29293783274094,19.768130952162252,133.01153507415162,91.71859724141068,0,1,0,0
CDS 2 2022,Easy,68.7721187506452,54.210996867124145,55.65524029234341,178.63835591011275,124.42735904298861,1,1,1,1
CDS 2 2023,Moderate,54.44800473306802,30.623833195005073,53.8115706944059,138.88340862247898,108.25957542747392,1,1,0,1
CDS 1 2022,Moderate,38.01194043379918,41.97534930776867,39.40014450053332,119.38743424210118,77.41208493433251,0,0,0,0
Standard Mock,Moderate,49.787671828692865,50.925608565254386,42.08356447299353,142.79684486694077,91.8712363016864,1,1,0,0
CDS 2 2023,Moderate,54.359213692632714,58.469487939361734,22.196956013291057,135.0256576452855,76.55616970592376,1,1,0,0
CDS 1 2023,Hard,61.50201177958661,62.15964395257199,29.206593089764937,152.86824882192354,90.70860486935155,1,1,1,0
CDS 2 2022,Easy,54.29915233673847,46.69710316142507,24.74474829075261,125.74100378891615,79.04390062749108,0,0,0,0
CDS 2 2022,Easy,64.54413983644503,52.10516730572404,42.43339449322692,159.082701635396,106.97753432967195,1,1,1,0
Standard Mock,Moderate,63.520553965142966,65.3251752488791,22.48460575809556,151.33033497211764,86.00515972323853,1,1,1,0
CDS 1 2023,Hard,54.178488216074314,44.11270415653245,38.93836665270502,137.2295590253118,93.11685486877934,1,1,1,0
CDS 2 2023,Moderate,64.56753219153784,53.37250272020778,40.69767280232204,158.63770771406763,105.26520499385987,1,1,1,1
Standard Mock,Moderate,66.42722759867544,50.35825403641764,48.29152530132431,165.0770069364174,114.71875289999976,1,1,1,1
CDS 2 2022,Easy,72.09003757588512,72.28140658539368,39.102643057127736,183.47408721840654,111.19268063301286,1,1,1,1
CDS 1 2022,Moderate,53.2360769794073,47.51810459226788,53.00940432910816,153.76358590078334,106.24548130851545,1,1,1,1
Standard Mock,Moderate,45.69224897881952,39.82738011030143,36.28104414910789,121.80067323822884,81.9732931279274,0,0,0,0
CDS 2 2022,Easy,73.40643548988724,49.64579880142264,33.47376020697609,156.52599449828597,106.88019569686332,1,1,1,0
CDS 1 2023,Hard,36.10459269054469,10.913448080452518,26.381549446007387,73.3995902170046,62.486142136552075,0,0,0,0
CDS 2 2022,Easy,49.16097176514277,64.42960190380998,47.604146561442974,161.19472023039572,96.76511832658574,1,1,1,0
CDS 1 2022,Moderate,64.25457561784965,47.42746372629624,25.33023856870787,137.01227791285376,89.58481418655752,1,1,0,0
CDS 1 2023,Hard,54.963974609094315,58.04077962120581,20.733082486459658,133.73783671675977,75.69705709555397,1,1,0,0
CDS 1 2022,Moderate,68.77362290575671,48.32263006793437,32.79035826170336,149.88661123539444,101.56398116746007,1,1,1,0
CDS 1 2023,Hard,57.08382807947552,37.033871409752834,13.666121052605675,107.78382054183403,70.7499491320812,0,0,0,0
CDS 2 2022,Easy,58.180157520022014,51.626796485368544,29.983799901050844,139.7907539064414,88.16395742107287,0,1,0,0
CDS 2 2023,Moderate,77.97686526849523,41.14585212260644,41.4084286126701,160.53114600377177,119.38529388116532,1,1,1,1
CDS 1 2023,Hard,60.72582781356159,51.095604194953225,41.194843492688015,153.0162755012028,101.9206713062496,1,1,1,1
CDS 1 2023,Hard,55.59630369920174,48.37867976336308,24.82450577835541,128.79948924092025,80.42080947755716,1,1,0,0
CDS 2 2023,Moderate,63.934853854217494,55.622061620183636,43.95193220027733,163.50884767467846,107.88678605449482,1,1,1,1
CDS 2 2022,Easy,75.49552715319335,70.80872878761191,34.64764788439432,180.95190382519957,110.14317503758767,1,1,1,1
CDS 2 2023,Moderate,61.975996046923996,39.72974618292518,55.75260872625265,157.4583509561018,117.72860477317664,1,1,1,1
CDS 1 2023,Hard,72.3596380316525,32.18298395662662,31.583286267701183,136.1259082559803,103.94292429935368,1,1,1,1
CDS 2 2023,Moderate,55.16114165945678,53.089991356823,31.7965269180568,140.04765993433656,86.95766857751357,1,1,0,0
CDS 2 2022,Easy,70.228354880355,54.707744892868206,34.26299996061421,159.19909973383741,104.49135484096921,1,1,1,0
CDS 2 2023,Moderate,81.42270358611864,53.235884036088386,52.275431701007115,186.93401932321413,133.69813528712575,1,1,1,1
Standard Mock,Moderate,60.380034781682,55.362215672765004,36.200313267182615,151.9425637216296,96.58034804886461,1,1,1,0
CDS 2 2023,Moderate,49.77207434801595,27.976991113468927,32.42623462576655,110.17530008725143,82.1983089737825,0,0,0,0
CDS 2 2022,Easy,68.9922312260528,49.201762452407515,46.47195939702741,164.66595307548772,115.46419062308021,1,1,1,1
Standard Mock,Moderate,75.73986763290033,30.427501437482157,22.742343369976588,128.90971244035907,98.48221100287691,0,1,0,0
CDS 1 2022,Moderate,62.24451818559972,68.20713229749443,45.470983026121544,175.9226335092157,107.71550121172126,1,1,1,1
CDS 2 2022,Easy,60.4111573713106,54.537898365991516,50.78680833431296,165.73586407161508,111.19796570562356,1,1,1,1
CDS 1 2022,Moderate,58.273727000591805,55.827874540961034,43.83659937486672,157.93820091641956,102.11032637545853,1,1,1,0
CDS 2 2023,Moderate,44.236078430157505,64.56109624976942,49.76540349725896,158.56257817718588,94.00148192741646,1,1,1,0
CDS 1 2022,Moderate,53.74437298490471,53.92836223539287,38.95803533437409,146.63077055467164,92.70240831927879,1,1,0,0
CDS 1 2023,Hard,57.60673765823907,31.94051958474338,25.597558769236638,115.1448160122191,83.20429642747571,0,1,0,0
CDS 1 2023,Hard,54.744459290085544,46.52320185513319,39.381832154074914,140.64949329929365,94.12629144416046,1,1,1,0
CDS 1 2023,Hard,51.29385667913894,5.8174885524390945,36.173589685186755,93.2849349167648,87.4674463643257,0,0,0,0
CDS 2 2023,Moderate,71.48765700372104,43.650708703162415,17.602862212219005,132.74122791910247,89.09051921594005,1,1,0,0
CDS 2 2022,Easy,53.803301053738565,68.92992144854223,27.053185242790942,149.78640774507176,80.85648629652951,1,1,0,0
CDS 2 2023,Moderate,55.32298798688109,47.43695305344979,38.46503881730716,141.22497985763803,93.78802680418825,1,1,0,0
Standard Mock,Moderate,64.77040827223121,32.604093309737166,35.768218910602556,133.14272049257093,100.53862718283376,0,1,0,1
CDS 2 2022,Easy,74.9626681944714,36.321017216082986,35.06243416838687,146.34611957894126,110.02510236285828,1,1,0,1
CDS 2 2022,Easy,60.718848390340874,65.20266090536191,55.00759790634311,180.92910720204588,115.72644629668397,1,1,1,1
CDS 2 2022,Easy,61.51347865592141,51.14037938539141,36.50742295681571,149.16128099812852,98.02090161273712,1,1,0,0
CDS 1 2022,Moderate,80.76747983560841,53.16049976629284,38.819354522315535,172.7473341242168,119.58683435792395,1,1,1,1
CDS 1 2022,Moderate,70.30283454031843,44.89149425015156,37.387891590265134,152.58222038073512,107.69072613058356,1,1,1,1
CDS 2 2022,Easy,63.03650150915022,54.5533331618819,39.283987405859364,156.87382207689149,102.32048891500958,1,1,1,0
Standard Mock,Moderate,67.2762954363698,56.79168092658695,35.519458858072994,159.58743522102975,102.79575429444279,1,1,1,1
CDS 1 2023,Hard,54.19283419891418,16.02159178561471,30.629081522528725,100.84350750705761,84.8219157214429,0,0,0,0
CDS 2 2022,Easy,74.16327674702481,66.97612131831582,43.46488475897993,184.60428282432056,117.62816150600474,1,1,1,1
CDS 1 2023,Hard,26.037446218063106,38.324924462137915,46.706997638245824,111.06936831844685,72.74444385630893,0,0,0,0
Standard Mock,Moderate,71.08182816737516,55.353286860750835,24.60094072874469,151.0360557568707,95.68276889611985,1,1,1,0
CDS 2 2023,Moderate,49.46584436826344,70.96837624640143,28.76231039304195,149.19653100770682,78.22815476130539,1,1,1,0
CDS 1 2022,Moderate,58.09317599236653,58.44081276826505,37.17432873179723,153.70831749242882,95.26750472416376,1,1,1,0
CDS 1 2023,Hard,59.95681887972604,44.379532029594706,31.20335124114861,135.53970215046937,91.16017012087465,1,1,1,0
CDS 1 2023,Hard,79.03415585238275,42.41318856057961,29.539049623731316,150.9863940366937,108.57320547611407,1,1,1,1
CDS 2 2022,Easy,75.50654396007612,69.24436366672457,51.05525932957984,195.80616695638054,126.56180328965596,1,1,1,1
CDS 2 2022,Easy,71.38730222029184,74.60117838761315,28.569950872695166,174.55843148060015,99.957253092987,1,1,1,0
CDS 2 2023,Moderate,48.53654606981312,38.948689799767706,38.02635465239033,125.51159052197116,86.56290072220345,0,1,0,0
CDS 1 2022,Moderate,59.35861653407007,51.856286585403275,38.2876241030348,149.50252722250815,97.64624063710488,1,1,1,0
Standard Mock,Moderate,64.21920754235285,53.44241161816776,51.13711269058647,168.79873185110708,115.35632023293931,1,1,1,1
CDS 2 2023,Moderate,57.558433647093516,62.27364586709569,44.64087168288357,164.47295119707277,102.19930532997708,1,1,1,1
CDS 1 2023,Hard,42.72392184863008,48.414072907730784,34.77920055879886,125.91719531515973,77.50312240742895,1,1,0,0
CDS 2 2023,Moderate,57.02436496640008,46.19933295560968,48.75706813311619,151.98076605512597,105.78143309951628,1,1,1,1
Standard Mock,Moderate,61.255764534715425,48.18694857097761,33.2692817571613,142.71199486285434,94.52504629187672,1,1,0,0
CDS 1 2023,Hard,44.037249131047986,59.13406075869967,18.479592939245645,121.65090282899331,62.516842070293634,1,1,0,0
Standard Mock,Moderate,51.53038651681672,22.159318636755422,25.086076505436928,98.77578165900906,76.61646302225364,0,0,0,0
CDS 1 2022,Moderate,53.610382523104974,67.70418192163643,21.76910206592502,143.08366651066643,75.37948458903,1,1,0,0
CDS 1 2022,Moderate,70.09817089342634,75.0292296641317,28.118496548222762,173.2458971057808,98.21666744164911,1,1,1,0
Standard Mock,Moderate,69.81765486991594,18.007131421517123,31.751686164913774,119.57647245634683,101.56934103482972,0,0,0,1
CDS 1 2022,Moderate,82.90942572590743,28.2552150365173,21.10427533236404,132.26891609478878,104.01370105827147,0,1,0,0
CDS 2 2022,Easy,75.2257043200964,71.61127382212622,64.39752406339272,211.23450220561534,139.6232283834891,1,1,1,1
CDS 2 2023,Moderate,65.6390912005236,58.240986705363696,40.94754341665286,164.82762132254015,106.58663461717646,1,1,1,1
CDS 2 2023,Moderate,67.58928589786765,49.250413247422514,37.811914239693756,154.65161338498393,105.4012001375614,1,1,1,1
CDS 1 2023,Hard,54.374068721004775,36.63189907759871,23.96828328906659,114.97425108767007,78.34235201007137,0,1,0,0
CDS 1 2023,Hard,38.07043185804615,28.13690671418899,29.213282985642,95.42062155787713,67.28371484368814,0,0,0,0
CDS 2 2023,Moderate,48.964106827842286,64.70402743613519,36.798941511534785,150.46707577551226,85.76304833937706,1,1,1,0
CDS 2 2023,Moderate,69.18316606002313,36.12446236115595,19.294993963768228,124.60262238494731,88.47816002379136,0,1,0,0
CDS 1 2022,Moderate,69.40771187988216,45.3044022000357,25.175126064616904,139.88724014453476,94.58283794449906,1,1,0,0
CDS 1 2023,Hard,60.50052099024552,41.26450607375152,22.253244361090918,124.01827142508796,82.75376535133644,1,1,0,0
CDS 1 2023,Hard,41.65974505081795,43.837383209710445,25.18905884839029,110.68618710891869,66.84880389920824,0,0,0,0
CDS 1 2023,Hard,39.070062664683306,39.764346412879824,33.52379790368319,112.35820698124633,72.5938605683665,0,1,0,0
CDS 2 2022,Easy,70.52489954417148,71.36968515968613,42.23914134064661,184.13372604450421,112.76404088481809,1,1,1,1
Standard Mock,Moderate,61.25224502647907,49.46757003638741,30.70594458874747,141.42575965161396,91.95818961522654,1,1,0,0
CDS 1 2023,Hard,60.43298029036388,40.48710029444659,30.390880562605634,131.3109611474161,90.82386085296952,1,1,0,0
Standard Mock,Moderate,52.980083121932445,31.168736738403677,28.37099082449052,112.51981068482664,81.35107394642296,0,0,0,0
CDS 1 2023,Hard,72.4957674318694,31.685137626449112,20.049094116869718,124.22999917518823,92.5448615487391,1,1,0,0
Standard Mock,Moderate,52.81592734430802,44.46060386049567,43.949243769444415,141.2257749742481,96.76517111375244,1,1,0,0
Standard Mock,Moderate,72.47742072673734,51.347929946685625,28.265093757561317,152.0904444309843,100.74251448429865,1,1,1,1
CDS 2 2022,Easy,56.64652946740243,40.748818971645846,61.45149127773388,158.84683971678214,118.09802074513631,1,1,1,1
Standard Mock,Moderate,63.09820710227027,52.96558916941798,41.337768809320984,157.40156508100924,104.43597591159126,1,1,1,1
CDS 1 2023,Hard,53.147123411222914,40.52573766374932,28.96143440213259,122.63429547710481,82.1085578133555,1,1,0,0
CDS 1 2023,Hard,53.529979983715116,66.52627601909622,37.71103293435928,157.76728893717063,91.2410129180744,1,1,1,0
Standard Mock,Moderate,54.425082149921664,46.94061541978494,21.301970204209223,122.66766777391584,75.72705235413089,0,0,0,0
CDS 2 2022,Easy,90.79709337654319,74.6694016653288,31.963254320302692,197.42974936217468,122.76034769684588,1,1,1,1
CDS 1 2023,Hard,71.77700814076441,46.8277969502233,25.571294066336044,144.17609915732376,97.34830220710046,1,1,1,0
CDS 1 2023,Hard,71.28396623128538,37.55703567877166,26.966978072100105,135.80797998215715,98.25094430338548,1,1,1,1
CDS 2 2022,Easy,59.18319086051356,47.20866945920791,29.852432693071332,136.2442930127928,89.0356235535849,0,1,0,0
CDS 2 2022,Easy,52.760597332377436,45.7603212272963,40.34083468259226,138.861753242266,93.1014320149697,0,1,0,0
CDS 1 2023,Hard,57.33785911790748,43.97056278657348,17.552834830370983,118.86125673485193,74.89069394827845,0,1,0,0
CDS 2 2023,Moderate,68.33528961608924,52.48867883817086,15.062643574285445,135.88661202854556,83.39793319037469,1,1,0,0
CDS 2 2023,Moderate,72.27668992473292,68.07086864205243,22.903589813087947,163.2511483798733,95.18027973782087,1,1,1,0
CDS 1 2022,Moderate,64.19019009366045,47.33077106810753,27.94988144241591,139.4708426041839,92.14007153607636,1,1,0,0
CDS 1 2022,Moderate,65.58326912521723,54.46507190935643,35.760053914124114,155.80839494869778,101.34332303934134,1,1,1,0
Standard Mock,Moderate,50.79326406920634,31.035426037140237,36.69360824036078,118.52229834670736,87.48687230956712,0,0,0,0
CDS 2 2023,Moderate,58.887739386513,39.1736406889228,25.960923585352102,124.0223036607879,84.8486629718651,0,1,0,0
CDS 2 2022,Easy,77.36093175210438,62.30965745088612,50.91310120594269,190.5836904089332,128.27403295804706,1,1,1,1
CDS 2 2023,Moderate,49.07687235327421,62.5571723997502,31.835915503051982,143.46996025607638,80.91278785632619,1,1,1,0
CDS 2 2022,Easy,66.41716913639905,59.71981407273246,63.19329539981695,189.33027860894845,129.610464536216,1,1,1,1
Standard Mock,Moderate,61.92049116490031,49.60249085738739,31.908835357974986,143.4318173802627,93.8293265228753,1,1,0,0
CDS 2 2022,Easy,63.47530163619456,66.480427801535,47.0810867668859,177.03681620461546,110.55638840308046,1,1,1,1
CDS 2 2023,Moderate,52.140105394920504,25.96553552276044,21.68767046442222,99.79331138210316,73.82777585934272,0,0,0,0
CDS 1 2022,Moderate,65.07991326912544,22.165312884570206,23.966333938261265,111.2115600919569,89.0462472073867,0,0,0,0
CDS 1 2022,Moderate,63.885786045309644,47.92714906152128,59.92999517432791,171.74293028115883,123.81578121963756,1,1,1,1
CDS 2 2023,Moderate,68.38490774451643,46.81332416170629,35.81829358547565,151.01652549169836,104.20320132999208,1,1,1,1
CDS 2 2023,Moderate,69.19076482987768,51.20870776886284,32.097254558113484,152.496727156854,101.28801938799117,1,1,1,0
CDS 2 2022,Easy,68.21697806196013,66.90450819443828,33.31909546356951,168.44058171996792,101.53607352552964,1,1,1,0
Standard Mock,Moderate,58.25040243304591,54.43811812284484,27.442548405071552,140.1310689609623,85.69295083811747,1,1,0,0
CDS 1 2022,Moderate,51.015320182089624,47.89057204026956,35.281811573691286,134.18770379605047,86.29713175578091,0,1,0,0
CDS 2 2022,Easy,75.85895565831578,54.69967649505827,44.746982328799525,175.30561448217358,120.60593798711531,1,1,1,1
CDS 2 2022,Easy,73.17766299200287,61.69372367622235,53.90207549017313,188.77346215839833,127.079738482176,1,1,1,1
CDS 2 2023,Moderate,60.103526198433805,35.21863604309553,21.881637676498404,117.20379991802774,81.98516387493221,0,0,0,0
CDS 2 2022,Easy,61.94775295645332,52.75634436417465,33.90487797840717,148.60897529903514,95.85263093486049,1,1,0,0
CDS 2 2022,Easy,65.56649924897107,54.15401466329091,45.29692754356731,165.01744145582927,110.86342679253838,1,1,1,1
CDS 2 2022,Easy,69.86501643826202,31.294401203753544,40.6447441481012,141.80416179011678,110.50976058636323,1,1,0,1
CDS 2 2023,Moderate,50.606646061812455,33.48366308590671,33.55912444278385,117.64943359050302,84.16577050459631,0,0,0,0
CDS 2 2023,Moderate,65.99928729996205,62.6251422203678,50.30750832343698,178.93193784376683,116.30679562339903,1,1,1,1
Standard Mock,Moderate,57.86557129069792,49.78400948642534,49.90726136849952,157.55684214562277,107.77283265919743,1,1,1,1
CDS 1 2022,Moderate,56.629140288819606,44.37036376214246,28.8659733645906,129.86547741555268,85.49511365341021,0,1,0,0
CDS 2 2023,Moderate,56.118231814587716,49.92688777259838,36.70416222375488,142.74928181094097,92.8223940383426,1,1,1,0
CDS 1 2022,Moderate,60.03046020153415,62.28775529743609,39.369381697463496,161.68759719643373,99.39984189899764,1,1,1,0
Standard Mock,Moderate,69.49554135441323,17.352946381176544,20.151020315500965,106.99950805109074,89.6465616699142,0,0,0,0
CDS 1 2023,Hard,64.34319911239274,37.3028151772878,19.06497041267663,120.71098470235717,83.40816952506937,1,1,0,0
CDS 2 2022,Easy,53.298869739406406,61.49755273845746,21.9801956241998,136.77661810206365,75.27906536360621,0,1,0,0
CDS 1 2023,Hard,62.59155160302647,8.907492494261081,25.387916794186246,96.88696089147379,87.97946839721271,0,0,0,0
CDS 1 2022,Moderate,54.53755551747517,30.253061174710453,38.91804005402547,123.70865674621109,93.45559557150064,0,0,0,0
CDS 1 2022,Moderate,61.83359919779156,54.95149799521306,34.846901508270044,151.63199870127465,96.6805007060616,1,1,1,0
Standard Mock,Moderate,61.19580368414153,62.358858019973894,25.269310591184443,148.82397229529988,86.46511427532597,1,1,1,0
CDS 1 2023,Hard,53.4147042697303,28.800784491121647,29.781563683920545,111.99705244477249,83.19626795365085,0,0,0,0
CDS 1 2022,Moderate,55.567177488084894,45.924647280918926,26.15197285973099,127.6437976287348,81.71915034781588,0,0,0,0
CDS 1 2022,Moderate,77.11708480142343,28.637263225479106,21.280988570686436,127.03533659758897,98.39807337210986,0,0,0,0
Standard Mock,Moderate,74.71170327493608,39.971127136081,32.90676322848134,147.58959363949842,107.61846650341742,1,1,1,1
CDS 1 2023,Hard,65.39904687396077,61.912116562563234,25.155075682105085,152.4662391186291,90.55412255606586,1,1,1,0
CDS 2 2022,Easy,71.7792587133927,80.88769855918605,35.120885918542974,187.7878431911217,106.90014463193566,1,1,1,0
CDS 1 2023,Hard,48.94285076996662,43.591510964877905,35.936762976074455,128.47112471091899,84.87961374604107,1,1,0,0
CDS 2 2022,Easy,78.01741289398798,55.3840497887892,55.615111967268525,189.0165746500457,133.6325248612565,1,1,1,1
CDS 2 2023,Moderate,52.46582129653817,39.86741556297473,39.59972142939117,131.93295828890405,92.06554272592933,1,1,0,0
CDS 1 2022,Moderate,80.13387247526623,43.616141384254696,36.36535331082737,160.1153671703483,116.4992257860936,1,1,1,1
CDS 2 2023,Moderate,61.84680305864909,36.340631537872184,21.528737104703033,119.71617170122431,83.37554016335213,0,0,0,0
Standard Mock,Moderate,72.00413907944426,35.43706820781672,28.431057210286042,135.872264497547,100.4351962897303,1,1,0,1
CDS 1 2022,Moderate,65.36652752527286,56.6274397279808,46.85704154662997,168.85100879988363,112.22356907190283,1,1,1,1
CDS 1 2022,Moderate,69.96047685805816,30.938271999097875,27.432049114305393,128.33079797146144,97.39252597236356,0,1,0,0
CDS 1 2022,Moderate,75.01333651955487,44.990003802539434,31.773201611578642,151.77654193367295,106.78653813113351,1,1,1,1
CDS 1 2022,Moderate,73.28194141849058,53.47065326497929,40.5623000940066,167.31489477747647,113.84424151249718,1,1,1,1
CDS 1 2022,Moderate,81.65002344901083,59.13408153697485,28.56481769619857,169.34892268218425,110.2148411452094,1,1,1,1
CDS 2 2022,Easy,65.57013124897084,73.34162111695038,42.68592278863257,181.59767515455377,108.2560540376034,1,1,1,1
Standard Mock,Moderate,65.07835756289624,60.87008804771763,40.38296079049633,166.3314064011102,105.46131835339257,1,1,1,1
Standard Mock,Moderate,56.350472704571146,35.4622896717476,26.607903326609936,118.42066570292867,82.95837603118107,0,0,0,0
CDS 2 2023,Moderate,40.33643410623998,34.7614996113398,55.56207129940322,130.660005016983,95.89850540564319,1,1,0,0
CDS 1 2022,Moderate,57.78746376414228,51.68888037370921,32.23186700111079,141.70821113896227,90.01933076525307,1,1,0,0
CDS 1 2023,Hard,63.15737212539297,33.003070737172735,36.88378790687796,133.0442307694437,100.04116003227094,1,1,0,1
CDS 2 2022,Easy,63.32878286213589,52.01570648579744,42.825799504882994,158.17028885281633,106.15458236701889,1,1,1,0
CDS 2 2022,Easy,81.07345576019992,63.81853343259781,44.90974951638251,189.80173870918023,125.98320527658242,1,1,1,1
Standard Mock,Moderate,66.62881268667412,50.17225870444448,46.73473857485325,163.53580996597185,113.36355126152738,1,1,1,1
CDS 2 2023,Moderate,47.03168052044153,40.18371727449805,38.996879517526416,126.212277312466,86.02856003796795,0,1,0,0
CDS 2 2022,Easy,59.713833182502434,69.85939685720362,45.863640187550935,175.43687022725697,105.57747337005337,1,1,1,0
CDS 1 2023,Hard,55.21271576736061,60.426579335622854,32.47066410079171,148.10995920377516,87.68337986815231,1,1,1,0
Standard Mock,Moderate,62.407531794885685,54.78611574757853,61.01683114180395,178.21047868426817,123.42436293668963,1,1,1,1
CDS 2 2023,Moderate,42.39237240844182,52.573900618593335,42.53341621104533,137.4996892380805,84.92578861948715,1,1,0,0
CDS 1 2023,Hard,67.89752754082745,38.338528192194715,35.38545081015967,141.62150654318185,103.28297835098712,1,1,1,1
CDS 2 2023,Moderate,47.757017637106344,37.7937545494884,32.90976742713975,118.46053961373448,80.66678506424608,0,0,0,0
CDS 2 2022,Easy,59.19476550195277,75.03885405221688,45.8857840442061,180.11940359837575,105.08054954615886,1,1,1,0
CDS 2 2022,Easy,68.9467152982298,60.33523201864169,28.041169379648156,157.32311669651966,96.98788467787796,1,1,1,0
CDS 1 2023,Hard,66.96631486645651,38.391793999924985,25.121736765444943,130.47984563182644,92.08805163190146,1,1,0,0
CDS 1 2022,Moderate,60.14688194729197,55.77936520612631,27.1510168691776,143.07726402259587,87.29789881646957,1,1,0,0
CDS 1 2022,Moderate,58.79051851392219,37.3500938663748,39.195324439070276,135.33593681936728,97.98584295299247,0,1,0,0
CDS 1 2023,Hard,50.62541699676589,35.52600217489879,35.77905086262217,121.93047003428686,86.40446785938806,1,1,0,0
CDS 2 2022,Easy,82.26963851233405,57.69621670902263,36.003638143853976,175.96949336521067,118.27327665618803,1,1,1,1
Standard Mock,Moderate,69.3259083187309,26.87029425623069,20.816342670669684,117.01254524563127,90.14225098940058,0,0,0,0
Standard Mock,Moderate,44.74343685429905,41.377702249290635,47.62584103427182,133.7469801378615,92.36927788857088,0,1,0,0
CDS 1 2023,Hard,80.58199285668252,42.21461563836444,25.486019210740892,148.28262770578786,106.06801206742341,1,1,1,1
CDS 2 2022,Easy,80.42109952567876,79.73804291963677,60.06092888159123,220.22007132690675,140.48202840726998,1,1,1,1
CDS 2 2022,Easy,77.08366230593143,62.110323390414194,50.240625258114626,189.43461095446025,127.32428756404605,1,1,1,1
CDS 2 2022,Easy,72.78361076166638,45.18161339893231,34.488142836714665,152.45336699731337,107.27175359838105,1,1,1,1
Standard Mock,Moderate,59.96625542589048,42.5612634080727,33.298153774750716,135.8256726087139,93.2644092006412,1,1,0,0
CDS 2 2022,Easy,71.96387447456715,56.06088263550217,49.553052085705104,177.57780919577442,121.51692656027225,1,1,1,1
CDS 1 2023,Hard,69.77530081055262,37.676086488643385,20.86648708693196,128.31787438612798,90.64178789748459,1,1,0,0
CDS 2 2023,Moderate,52.831776793971954,47.00783176988761,16.3346338292694,116.17424239312896,69.16641062324135,0,0,0,0
CDS 1 2023,Hard,53.78252491616716,47.56974021465733,42.107597945937044,143.45986307676154,95.8901228621042,1,1,1,0
CDS 1 2022,Moderate,49.758131756707954,62.65240434630424,53.54092566334188,165.95146176635407,103.29905742004983,1,1,1,0
CDS 1 2022,Moderate,65.82097703468615,36.486729159318244,32.73515901150168,135.04286520550608,98.55613604618783,0,1,0,0
CDS 2 2023,Moderate,56.27793223928947,70.61503567121531,45.88748619704186,172.78045410754663,102.16541843633132,1,1,1,1
CDS 1 2023,Hard,70.43243528272188,26.564590800531867,26.089204625709808,123.08623070896357,96.5216399084317,1,1,0,0
CDS 2 2022,Easy,66.40886246911204,58.87801257021738,22.315606344371485,147.6024813837009,88.72446881348353,1,1,0,0
CDS 2 2023,Moderate,58.52397413701331,28.863563192798456,30.339634981317577,117.72717231112934,88.86360911833088,0,0,0,0
CDS 2 2022,Easy,70.13600106569717,40.960997971476544,34.672991603380886,145.76999064055462,104.80899266907807,1,1,0,0
CDS 2 2022,Easy,36.2773778671835,76.26701916003694,39.724850949493636,152.26924797671407,76.00222881667713,1,1,1,0
CDS 2 2022,Easy,81.6125921454787,47.773455275658634,35.429037434137285,164.81508485527462,117.04162957961599,1,1,1,1
CDS 2 2022,Easy,69.68774256075024,58.62150279783359,30.016145608117085,158.32539096670092,99.70388816886732,1,1,1,0
CDS 2 2022,Easy,72.6608027838469,53.798151082240565,52.26933223884308,178.72828610493053,124.93013502268998,1,1,1,1
CDS 1 2022,Moderate,57.96326249823034,38.077435751521676,26.220174132434387,122.2608723821864,84.18343663066473,0,0,0,0
Standard Mock,Moderate,57.73521108098473,58.963015514799,38.67365506816178,155.37188166394552,96.40886614914652,1,1,1,0
CDS 2 2022,Easy,56.96821049319655,51.74651678748918,54.92688568959522,163.64161297028096,111.89509618279178,1,1,1,1
CDS 2 2023,Moderate,59.78632705651564,18.909116876724703,27.527883208521764,106.2233271417621,87.3142102650374,0,0,0,0
CDS 2 2023,Moderate,68.8404539636105,44.62406931458144,42.36843897092433,155.83296224911626,111.20889293453483,1,1,1,1
CDS 1 2023,Hard,55.66990717224872,21.249449717361486,34.1275137416328,111.04687063124301,89.79742091388152,0,0,0,0
CDS 2 2022,Easy,59.70947322653705,39.948526921969005,47.94264679621827,147.60064694472433,107.65212002275533,1,1,0,1
Standard Mock,Moderate,62.935579321666296,53.597159789202315,21.43418195376595,137.96692106463456,84.36976127543224,1,1,0,0
CDS 2 2023,Moderate,59.643585177025166,61.97687225348606,18.848681840944906,140.46913927145613,78.49226701797008,1,1,0,0
CDS 2 2023,Moderate,52.65408423201951,50.40683036677132,26.89747562985619,129.958390228647,79.55155986187569,0,1,0,0
CDS 2 2023,Moderate,71.48637349428715,48.740158198175656,24.84178181021603,145.06831350267885,96.32815530450318,1,1,1,0
CDS 1 2022,Moderate,64.28816500330574,50.1172986633267,41.93105607263144,156.33651973926388,106.21922107593718,1,1,1,1
CDS 2 2023,Moderate,56.329721609166775,49.0337265965565,26.724097793512804,132.08754599923608,83.05381940267958,1,1,0,0
CDS 2 2022,Easy,54.27860988014393,60.23871764989201,10.786495165053928,125.30382269508988,65.06510504519787,0,0,0,0
CDS 1 2023,Hard,64.03934841086195,27.88323154348075,11.096540515665293,103.01912047000799,75.13588892652724,0,0,0,0
CDS 1 2023,Hard,61.191542610051975,40.2495244921049,46.459963757693586,147.90103085985044,107.65150636774555,1,1,1,1
CDS 1 2022,Moderate,52.71997058770866,64.49851702977821,33.1710355889516,150.38952320643847,85.89100617666026,1,1,1,0
Standard Mock,Moderate,53.54035820875465,42.20707773381561,27.008079933497463,122.75551587606772,80.54843814225211,0,0,0,0
CDS 2 2022,Easy,55.466713917412875,74.49614150163472,41.22670315994795,171.18955857899556,96.69341707736083,1,1,1,0
CDS 1 2022,Moderate,63.23079273116029,44.498264773013474,32.47646497873713,140.2055224829109,95.70725770989742,1,1,0,0
CDS 2 2022,Easy,49.36809191303343,54.06595363584638,48.83109777147159,152.2651433203514,98.19918968450503,1,1,1,0
CDS 1 2023,Hard,53.19520086409374,43.58503490038824,55.54486054275888,152.32509630724087,108.74006140685262,1,1,1,1
CDS 2 2023,Moderate,52.48208949904816,61.781348510361056,30.736424037944566,144.9998620473538,83.21851353699273,1,1,1,0
CDS 1 2023,Hard,56.13270410537764,51.03074721490244,18.493776173461065,125.65722749374115,74.6264802788387,1,1,0,0
CDS 1 2023,Hard,48.31855914461006,52.96057678857578,44.98638220974036,146.26551814292623,93.30494135435043,1,1,1,0
CDS 2 2022,Easy,60.52678104341249,55.81426612632884,52.81016361735113,169.15121078709245,113.33694466076362,1,1,1,1
CDS 1 2022,Moderate,68.52773675122219,37.84372014010952,39.84732817294475,146.21878506427646,108.37506492416694,1,1,0,1
CDS 1 2022,Moderate,53.56450167682538,43.98269601472151,45.29960817581161,142.8468058673585,98.864109852637,1,1,0,0
CDS 2 2022,Easy,60.96351536758003,60.08318878712153,30.44877420650647,151.49547836120803,91.4122895740865,1,1,0,0
CDS 1 2022,Moderate,80.62524919243145,48.2906334800731,24.32467085745727,153.24055352996183,104.94992004988873,1,1,1,0
CDS 2 2023,Moderate,74.12220555415429,53.42846155499681,34.203586087542845,161.75425319669395,108.32579164169714,1,1,1,1
CDS 2 2023,Moderate,49.376064718531204,45.754268819945416,39.28307097207649,134.4134045105531,88.65913569060768,1,1,0,0
CDS 1 2023,Hard,64.85729995679863,71.07476370422336,39.499088412518006,175.43115207353998,104.35638836931663,1,1,1,1
CDS 1 2023,Hard,60.796331732135755,42.332611618928034,32.60637053265733,135.73531388372112,93.40270226479308,1,1,1,0
CDS 1 2022,Moderate,56.46833707189312,44.45518307833164,38.38483843461691,139.30835858484167,94.85317550651003,1,1,0,0
CDS 1 2023,Hard,56.68460976269614,27.921489216644307,40.54078028486368,125.14687926420412,97.22539004755981,1,1,0,0
CDS 2 2023,Moderate,71.39878561129045,46.583177676107056,48.17115067339866,166.15311396079616,119.5699362846891,1,1,1,1
Standard Mock,Moderate,38.78145100991405,63.56393455873331,28.921780129055676,131.26716569770304,67.70323113896973,0,1,0,0
CDS 2 2023,Moderate,59.77131937701118,41.94270094526139,25.00697767705089,126.72099799932347,84.77829705406208,0,1,0,0
CDS 2 2022,Easy,73.40620026504553,52.13281480996367,45.4673356820138,171.006350757023,118.87353594705932,1,1,1,1
Standard Mock,Moderate,56.33175588185313,36.931077786017966,31.08241850956178,124.34525217743287,87.4141743914149,0,0,0,0
CDS 1 2023,Hard,71.15375689469442,54.60590224990596,27.42143624630928,153.18109539090966,98.57519314100371,1,1,1,1
CDS 2 2022,Easy,80.21316051922452,49.82055624738342,49.9831089814796,180.01682574808754,130.19626950070412,1,1,1,1
CDS 1 2023,Hard,59.037300903366095,29.15557767123846,29.80643514887267,117.99931372347723,88.84373605223877,0,1,0,0
CDS 1 2023,Hard,58.24359281721603,54.252152661538766,20.56768167072158,133.06342714947638,78.81127448793761,1,1,0,0
CDS 2 2023,Moderate,55.35382702701607,51.399454458553706,37.01159655872839,143.76487804429814,92.36542358574445,1,1,1,0
CDS 2 2023,Moderate,57.410950262959226,42.301156120529704,40.86693801475275,140.57904439824168,98.27788827771198,1,1,0,0
CDS 1 2022,Moderate,68.71297297457244,49.516554954556945,21.540203197532513,139.7697311266619,90.25317617210496,1,1,0,0
CDS 2 2023,Moderate,79.38928999058285,39.86706035370178,24.996686753944253,144.2530370982289,104.38597674452711,1,1,1,1
CDS 1 2022,Moderate,65.13907849658915,52.20756119128271,36.79581781939598,154.14245750726784,101.93489631598513,1,1,1,0
CDS 1 2023,Hard,59.891871301476634,53.31639810347468,35.07777174849416,148.28604115344547,94.96964304997078,1,1,1,0
CDS 1 2022,Moderate,64.09818656928513,56.070884414432776,32.58742345381457,152.7564944375325,96.68561002309971,1,1,1,0
CDS 1 2022,Moderate,78.99881934895215,36.3056483439523,33.67366253617426,148.97813022907872,112.67248188512642,1,1,1,1
Standard Mock,Moderate,71.07080669286972,21.927965447831568,33.796188360464015,126.7949605011653,104.86699505333374,0,1,0,1
CDS 2 2023,Moderate,68.47421677150422,46.91360061235007,29.646718140460774,145.03453552431506,98.120934911965,1,1,1,0
CDS 2 2023,Moderate,63.319803305690144,56.51342180566847,36.904996797790666,156.73822190914927,100.22480010348082,1,1,1,0
CDS 1 2022,Moderate,55.645136294301565,44.885439868993,40.131057981760826,140.6616341450554,95.7761942760624,1,1,0,0
CDS 2 2023,Moderate,67.38810480887503,36.77473557546486,41.153674840130535,145.31651522447044,108.54177964900556,1,1,1,1
CDS 2 2023,Moderate,70.85982116175032,57.69669357937374,29.64036554885952,158.1968802899836,100.50018671060984,1,1,1,0
CDS 2 2023,Moderate,63.67287313401341,45.31840821153777,53.38183676795123,162.37311811350241,117.05470990196463,1,1,1,1
Standard Mock,Moderate,56.506832038818025,44.3618426059887,34.805803941122676,135.6744785859294,91.3126359799407,1,1,0,0
CDS 2 2023,Moderate,67.9994190194205,35.35581097024375,18.83689391563412,122.19212390529837,86.83631293505462,0,1,0,0
CDS 1 2023,Hard,44.32197078420807,60.527360470983105,37.602460735788604,142.45179199097979,81.92443151999667,1,1,1,0
CDS 2 2022,Easy,63.955507814625285,55.84062595735818,38.311782768099896,158.10791654008335,102.26729058272518,1,1,1,0
CDS 1 2022,Moderate,71.6187830260819,50.86042779281742,25.72646865809426,148.20567947699357,97.34525168417616,1,1,1,0
CDS 2 2022,Easy,74.7519762978243,57.27497939918492,45.01094169939845,177.0378973964077,119.76291799722276,1,1,1,1
CDS 2 2022,Easy,75.01046092567141,63.13450383437089,12.967677070007628,151.11264183004994,87.97813799567903,1,1,0,0
CDS 1 2022,Moderate,53.45924316872576,54.134431194299765,16.693671031435432,124.28734539446096,70.15291420016119,0,0,0,0
CDS 1 2022,Moderate,73.73658545162958,59.43449456643526,33.62551485372308,166.79659487178793,107.36210030535267,1,1,1,1
CDS 1 2022,Moderate,76.12278257988646,67.67957435245671,48.14914453584048,191.95150146818366,124.27192711572694,1,1,1,1
CDS 2 2022,Easy,72.42127491071892,35.77641025723398,40.754336389015926,148.95202155696882,113.17561129973484,1,1,0,1
Standard Mock,Moderate,57.53937511870051,74.05131260997376,26.567534046838084,158.15822177551235,84.1069091655386,1,1,1,0
CDS 1 2022,Moderate,58.24114187567663,54.61782451248561,36.23204806784486,149.0910144560071,94.47318994352149,1,1,1,0
CDS 2 2023,Moderate,60.436024463724536,40.52820765918658,51.95051040430753,152.91474252721866,112.38653486803207,1,1,1,1
CDS 2 2022,Easy,66.94607455237242,39.15972986535153,32.57529414301952,138.68109856074346,99.52136869539194,0,1,0,0
CDS 2 2022,Easy,58.882309090947146,49.84837330579288,39.62963202951588,148.3603144262559,98.51194112046304,1,1,0,0
CDS 1 2022,Moderate,53.07579020126144,47.00273312845566,20.936825363281663,121.01534869299876,74.0126155645431,0,0,0,0
CDS 1 2023,Hard,39.952796259689975,40.98927703521404,36.08044770951682,117.02252100442084,76.0332439692068,0,1,0,0
Standard Mock,Moderate,45.4244850053507,38.974123132913,31.907909229501364,116.30651736776505,77.33239423485206,0,0,0,0
Standard Mock,Moderate,63.1917451041918,25.497930364251065,48.40450446023144,137.09417992867432,111.59624956442325,1,1,0,1
Standard Mock,Moderate,61.150260791474174,56.05608091740559,33.398672044333594,150.60501375321334,94.54893283580776,1,1,1,0
Standard Mock,Moderate,62.131966282376894,44.17135277200058,27.48030668261181,133.78362573698928,89.6122729649887,0,1,0,0
CDS 2 2022,Easy,57.03974143196511,55.25573978406331,50.76007138598598,163.05555260201442,107.79981281795109,1,1,1,1
CDS 2 2023,Moderate,79.01190685753008,39.499118797074445,34.39339186185379,152.9044175164583,113.40529871938386,1,1,1,1
CDS 1 2022,Moderate,44.862856073871725,28.990368683934122,16.96860323744055,90.8218279952464,61.83145931131227,0,0,0,0
CDS 2 2023,Moderate,62.67126651011483,29.025711575614398,40.08725023229934,131.78422831802857,102.75851674241417,1,1,0,1
Standard Mock,Moderate,68.95038314076115,49.76151614382659,30.169389483165606,148.88128876775335,99.11977262392675,1,1,1,0
CDS 1 2023,Hard,71.12220628255425,36.77763222513001,37.174714526924255,145.07455303460853,108.29692080947851,1,1,1,1
CDS 2 2022,Easy,56.08807774584713,46.37016016909096,18.48184598670695,120.94008390164504,74.56992373255409,0,0,0,0
CDS 2 2022,Easy,62.88869761172305,53.42491639489234,30.12820472848816,146.44181873510357,93.01690234021122,1,1,0,0
Standard Mock,Moderate,60.768518829587684,40.19996903011848,32.751440181919214,133.7199280416254,93.5199590115069,0,1,0,0
Standard Mock,Moderate,61.68654671966728,34.91521107068585,39.41940649569409,136.02116428604722,101.10595321536137,1,1,0,1
CDS 1 2022,Moderate,74.10932379746271,48.22619547533817,34.014118677157384,156.34963794995826,108.12344247462009,1,1,1,1
CDS 1 2023,Hard,62.08214423256557,51.43763960695894,31.865729050108012,145.38551288963254,93.94787328267358,1,1,1,0
CDS 2 2023,Moderate,62.87124165201824,52.33804230247322,28.87562625359562,144.08491020808708,91.74686790561387,1,1,1,0
CDS 1 2022,Moderate,48.56273792679338,47.60124011226647,36.085597057765234,132.24957509682508,84.64833498455862,0,1,0,0
Standard Mock,Moderate,57.918831427274604,25.41781145402833,33.71462488561069,117.05126776691364,91.6334563128853,0,0,0,0
CDS 2 2023,Moderate,54.512750922590385,49.91827670396881,35.928449011411146,140.35947663797035,90.44119993400153,1,1,0,0
CDS 1 2022,Moderate,49.72324859074042,37.60590182142599,47.65707840864701,134.9862288208134,97.38032699938742,0,1,0,0
CDS 1 2022,Moderate,69.69457200526736,40.245272281874364,39.27194361871685,149.21178790585856,108.96651562398421,1,1,1,1
Standard Mock,Moderate,77.75310892609512,59.029850083320014,23.0636316824352,159.84659069185034,100.81674060853032,1,1,1,1
Standard Mock,Moderate,70.00582318042979,64.70958360077195,28.29379790923355,163.0092046904353,98.29962108966333,1,1,1,0
CDS 2 2023,Moderate,57.49953485401047,51.12386206525465,37.88693629279857,146.5103332120637,95.38647114680904,1,1,1,0
CDS 2 2023,Moderate,58.65691258529452,57.521864646626554,43.10808273159782,159.2868599635189,101.76499531689234,1,1,1,0
CDS 2 2023,Moderate,42.51468026761819,28.050096143571906,48.043402428781526,118.60817883997161,90.55808269639971,0,0,0,0
Standard Mock,Moderate,70.32546204341658,34.908402837417626,46.26705136827583,151.50091624911005,116.59251341169241,1,1,1,1
Standard Mock,Moderate,55.891857120454155,45.420947636535175,23.94295331514064,125.25575807212996,79.83481043559479,0,1,0,0
CDS 1 2023,Hard,51.919657158142584,55.7237049534353,36.237284258154716,143.8806463697326,88.1569414162973,1,1,1,0
Standard Mock,Moderate,73.95683810789956,45.489337515065664,29.37831973421698,148.8244953571822,103.33515784211653,1,1,1,1
CDS 2 2022,Easy,48.1656180777905,66.5782195971695,31.94129933503811,146.6851370099981,80.10691741282861,1,1,0,0
CDS 2 2022,Easy,81.15582823548232,47.89042889016527,27.65651128120078,156.70276840684835,108.8123395166831,1,1,1,1
CDS 2 2023,Moderate,59.73594243041073,38.284757760940245,37.80161158819607,135.82231177954705,97.5375540186068,1,1,0,0
CDS 2 2022,Easy,69.2406104446409,54.82657274946065,35.26160652929084,159.3287897233924,104.50221697393172,1,1,1,0
CDS 1 2022,Moderate,65.462842480037,42.763369313681174,35.064222698109376,143.29043449182754,100.52706517814637,1,1,0,0
CDS 2 2023,Moderate,58.90390196074169,43.55986764141447,34.11637040794665,136.5801400101028,93.02027236868834,1,1,0,0
Standard Mock,Moderate,57.41203937332897,54.731033375294864,50.986471705047165,163.129544453671,108.39851107837615,1,1,1,1
CDS 1 2023,Hard,52.045196819708394,35.99416612292788,35.57563523608589,123.61499817872216,87.62083205579428,1,1,0,0
Standard Mock,Moderate,71.73124637586642,46.71237427194925,38.69642192198094,157.1400425697966,110.42766829784736,1,1,1,1
CDS 2 2022,Easy,69.47716925810278,41.47879037308233,24.291238479315005,135.2471981105001,93.76840773741779,0,1,0,0
CDS 2 2022,Easy,53.060749936009444,75.7901799938211,41.429430947637066,170.28036087746761,94.4901808836465,1,1,1,0
Standard Mock,Moderate,82.31300146192632,54.01013369933348,41.380511014407574,177.70364617566736,123.6935124763339,1,1,1,1
Standard Mock,Moderate,41.989422658472606,38.54659497710114,29.57326200265978,110.10927963823352,71.56268466113238,0,0,0,0
CDS 2 2023,Moderate,53.79152401748884,42.334913067634474,33.318561814152105,129.44499889927542,87.11008583164094,0,1,0,0
CDS 1 2023,Hard,35.20700189624212,27.127083691122323,35.98328204894027,98.31736763630471,71.19028394518239,0,0,0,0
CDS 2 2022,Easy,67.39246864111149,43.96738490096292,60.740826697499735,172.10068023957413,128.13329533861122,1,1,1,1
CDS 2 2023,Moderate,34.697124772536704,61.211515619982855,32.139957781198895,128.04859817371846,66.8370825537356,0,1,0,0
CDS 1 2023,Hard,74.58347454220593,45.96039067883826,20.163603244380667,140.70746846542485,94.7470777865866,1,1,1,0
CDS 2 2023,Moderate,55.34689543219947,79.73212016420442,33.94051645695864,169.01953205336252,89.28741188915811,1,1,1,0
CDS 2 2023,Moderate,44.970296716048466,53.6123180611852,37.537396614945735,136.1200113921794,82.5076933309942,1,1,0,0
CDS 2 2023,Moderate,70.85786324939347,51.696606474049226,35.97983153470896,158.53430125815166,106.83769478410244,1,1,1,1
CDS 1 2022,Moderate,56.08351432578209,43.881692694031074,37.69126941245107,137.65647643226424,93.77478373823317,1,1,0,0
CDS 1 2023,Hard,61.21571889856051,44.52520472682624,27.043117311650928,132.78404093703767,88.25883621021144,1,1,0,0
CDS 1 2023,Hard,54.707371863150215,39.38327531693817,39.00840200617735,133.09904918626574,93.71577386932756,1,1,0,0
Standard Mock,Moderate,42.26967531793119,37.131212389648574,47.619215007139914,127.02010271471968,89.8888903250711,0,1,0,0
Standard Mock,Moderate,53.4623366135118,64.49325711804981,29.043387059565077,146.9989807911267,82.50572367307689,1,1,1,0
Standard Mock,Moderate,38.64325786021304,60.672681708792624,66.37748533659993,165.69342490560558,105.02074319681297,1,1,1,1
CDS 2 2022,Easy,67.23238914129159,58.42664889829188,39.451059993837134,165.1100980334206,106.68344913512873,1,1,1,0
CDS 2 2023,Moderate,65.21122428379338,54.667253592041384,41.45215585950057,161.33063373533534,106.66338014329395,1,1,1,1
CDS 1 2023,Hard,55.895806812552486,38.18472059615786,28.42129263754139,122.50182004625174,84.31709945009388,1,1,0,0
Standard Mock,Moderate,58.05091719647319,55.122680667370346,46.337700968670646,159.51129883251417,104.38861816514384,1,1,1,1
CDS 1 2022,Moderate,30.596113653357197,50.3368343366253,41.55900776529761,122.4919557552801,72.1551214186548,0,0,0,0
CDS 1 2022,Moderate,59.81291243554102,61.48935263983216,31.114815469111143,152.41708054448432,90.92772790465216,1,1,1,0
CDS 1 2023,Hard,64.47526462122858,44.884627445494424,23.816978657411127,133.17687072413412,88.2922432786397,1,1,0,0
CDS 2 2023,Moderate,50.28343265458714,40.47939330492042,21.203818352110694,111.96664431161825,71.48725100669783,0,0,0,0
CDS 2 2022,Easy,73.62393472382759,61.157025041167515,49.53125045376087,184.31221021875598,123.15518517758846,1,1,1,1
CDS 1 2023,Hard,62.25095786847997,32.30222085732457,34.12942629691967,128.6826050227242,96.38038416539965,1,1,0,0
Standard Mock,Moderate,64.31922544673941,57.051495957762896,43.00409525227683,164.37481665677913,107.32332069901624,1,1,1,1
CDS 2 2022,Easy,76.88913371474644,59.217378490498994,47.083038472010635,183.18955067725605,123.97217218675706,1,1,1,1
CDS 2 2022,Easy,75.70150238316427,44.41750418526739,39.7347874075094,159.85379397594107,115.43628979067367,1,1,1,1
CDS 2 2023,Moderate,58.36933036056236,39.89786070030742,27.55097355193551,125.81816461280529,85.92030391249787,0,1,0,0
Standard Mock,Moderate,58.55481329284482,44.30446164433152,27.075800790000386,129.93507572717672,85.6306140828452,0,1,0,0
CDS 2 2023,Moderate,41.063853330462145,48.01446570434669,37.13293707372939,126.21125610853822,78.19679040419153,0,1,0,0
CDS 1 2023,Hard,46.82911368931809,51.2508416515187,35.27396534745924,133.35392068829603,82.10307903677733,1,1,0,0
CDS 2 2023,Moderate,43.924401356310256,38.77029180255242,27.372752214337858,110.06744537320053,71.2971535706481,0,0,0,0
CDS 2 2023,Moderate,50.600968988911355,45.674086334726354,43.294748419317486,139.5698037429552,93.89571740822885,1,1,0,0
CDS 1 2022,Moderate,57.35485158689389,55.62501636251072,14.961376355932465,127.94124430533708,72.31622794282636,0,0,0,0
CDS 2 2023,Moderate,47.60741605146528,51.3285232554983,35.599326302663286,134.53526560962686,83.20674235412856,1,1,0,0
CDS 2 2023,Moderate,73.60658595838652,11.765854130150096,21.911796008808878,107.28423609734548,95.5183819671954,0,0,0,0
CDS 2 2022,Easy,66.83849544753694,69.86735623527325,58.005111815108535,194.71096349791873,124.84360726264548,1,1,1,1
CDS 2 2022,Easy,67.09659415274626,64.68547115964772,35.08363814367953,166.8657034560735,102.1802322964258,1,1,1,0
CDS 1 2023,Hard,45.26453800295531,46.06564190999952,33.81086215484975,125.14104206780459,79.07540015780506,1,1,0,0
CDS 2 2023,Moderate,70.6020990749888,52.708991606145204,62.596600389110776,185.90769107024477,133.19869946409958,1,1,1,1
CDS 2 2022,Easy,59.910363742925014,33.77108914133058,39.74425687808006,133.42570976233566,99.65462062100508,0,1,0,0
CDS 2 2022,Easy,58.05286868910942,48.71093922478489,35.90717561886896,142.67098353276327,93.96004430797838,1,1,0,0
CDS 1 2023,Hard,56.52354872033722,53.452368007893654,23.420640540942394,133.39655726917326,79.9441892612796,1,1,0,0
CDS 1 2023,Hard,55.002070649181974,36.06526340184499,29.925597430891084,120.99293148191805,84.92766808007306,1,1,0,0
Standard Mock,Moderate,61.551906838589794,37.594437411469194,43.25098264667635,142.39732689673534,104.80288948526615,1,1,0,1
CDS 2 2022,Easy,58.41883510924743,38.84954891832142,36.96273971223335,134.2311237398022,95.38157482148078,0,1,0,0
CDS 2 2022,Easy,56.807421402785025,65.49267016855273,35.23779126455341,157.53788283589117,92.04521266733843,1,1,1,0
CDS 1 2022,Moderate,62.62561329001925,58.21077554601567,36.93589911367545,157.77228794971037,99.5615124036947,1,1,1,0
CDS 1 2022,Moderate,58.62628211600603,46.761338964810044,38.904648499288896,144.29226958010497,97.53093061529492,1,1,0,0
CDS 1 2023,Hard,57.653623493996285,10.73419410068285,25.337930739107343,93.72574833378647,82.99155423310363,0,0,0,0
Standard Mock,Moderate,58.65720837813696,59.114584826899105,49.227481360999406,166.99927456603547,107.88468973913636,1,1,1,1
CDS 2 2022,Easy,74.6539748459117,56.06389109153725,52.36130721806218,183.07917315551114,127.01528206397388,1,1,1,1
Standard Mock,Moderate,61.973157074055955,44.207125727675404,28.8234810456565,135.00376384738786,90.79663811971245,1,1,0,0
CDS 1 2023,Hard,61.15771149771142,38.32664469182801,39.63107549735053,139.11543168688996,100.78878699506194,1,1,1,1
Standard Mock,Moderate,55.498107351485885,55.21448098714938,35.005279588565976,145.71786792720124,90.50338694005185,1,1,1,0
Standard Mock,Moderate,45.56145183866458,41.393557806101,12.038190468627619,98.9932001133932,57.5996423072922,0,0,0,0
CDS 2 2023,Moderate,47.79287574085841,46.22663617419034,29.91859802352689,123.93810993857565,77.7114737643853,0,1,0,0
CDS 1 2022,Moderate,55.467515909769865,51.92093717522784,49.524675344707454,156.91312842970515,104.99219125447732,1,1,1,0
CDS 1 2022,Moderate,63.004743596108284,34.334002586630774,41.22207144043402,138.56081762317308,104.2268150365423,1,1,0,0
CDS 2 2022,Easy,75.39111787420269,63.045767406894555,39.2423571346454,177.67924241574264,114.6334750088481,1,1,1,1
CDS 1 2023,Hard,44.28142766959844,49.81467589630034,17.569929871871487,111.66603343777027,61.85135754146993,0,0,0,0
CDS 2 2023,Moderate,63.76409526097517,37.564043024703665,25.979484456424895,127.30762274210373,89.74357971740007,0,1,0,0
CDS 1 2022,Moderate,71.2543478441477,67.71207543907155,23.10588107132672,162.07230435454596,94.36022891547442,1,1,1,0
Standard Mock,Moderate,50.99379265352131,44.05657829101219,41.38391925608383,136.43429020061734,92.37771190960514,1,1,0,0
CDS 1 2023,Hard,61.03187431082343,38.04648512713247,25.647087983086458,124.72544742104236,86.67896229390989,1,1,0,0
CDS 1 2022,Moderate,60.40919175395721,56.889892145041514,24.978125442185274,142.277209341184,85.38731719614248,1,1,0,0
Standard Mock,Moderate,54.867864335284146,36.06780750469785,32.714000846599816,123.64967268658181,87.58186518188396,0,0,0,0
CDS 1 2022,Moderate,34.376663412046895,76.95138505935499,33.08972237399831,144.41777084540018,67.46638578604521,1,1,0,0
CDS 2 2023,Moderate,67.84604287898024,44.84531004950079,34.80739620265605,147.4987491311371,102.6534390816363,1,1,1,1
CDS 2 2023,Moderate,60.22465892812046,33.83024621629386,40.4711911517521,134.52609629616643,100.69585007987257,1,1,0,0
CDS 2 2023,Moderate,71.14321694668872,56.61822870849521,42.15381315441244,169.91525880959637,113.29703010110117,1,1,1,1
CDS 1 2023,Hard,59.38475738809727,48.07433483160184,30.15693326155192,137.61602548125103,89.54169064964918,1,1,1,0
Standard Mock,Moderate,65.91814133741379,41.11677872523719,31.45959289058976,138.49451295324073,97.37773422800355,1,1,0,0
Standard Mock,Moderate,61.01856295261987,33.13071509215319,50.49020151495188,144.63947955972495,111.50876446757175,1,1,0,1
Standard Mock,Moderate,45.324747342475604,48.61065242227222,36.647608412365166,130.583008177113,81.97235575484078,0,1,0,0
CDS 2 2022,Easy,66.73341664370409,52.32157294438234,42.439531979085004,161.49452156717143,109.1729486227891,1,1,1,1
Standard Mock,Moderate,74.89863438602082,38.05803570263705,18.990960215234843,131.9476303038927,93.88959460125565,0,1,0,0
Standard Mock,Moderate,58.96745239850953,45.88974714681515,18.568111888458326,123.42531143378301,77.53556428696785,0,0,0,0
CDS 2 2023,Moderate,76.61470165728018,50.7684108686242,35.20886488295962,162.591977408864,111.8235665402398,1,1,1,1
Standard Mock,Moderate,47.3983523482742,43.49764343611275,28.836385919605227,119.73238170399219,76.23473826787944,0,0,0,0
CDS 2 2023,Moderate,56.82284903243766,54.692292728701496,47.81643795003769,159.33157971117683,104.63928698247534,1,1,1,1
CDS 1 2022,Moderate,48.88542043062968,53.978660981961426,37.46504778432005,140.32912919691114,86.35046821494973,1,1,0,0
Standard Mock,Moderate,71.40149038521267,35.818869698065576,50.805406865683736,158.02576694896197,122.2068972508964,1,1,1,1
CDS 1 2023,Hard,46.89142488789662,37.19176169071622,19.93937712868307,104.02256370729592,66.8308020165797,0,0,0,0
CDS 2 2023,Moderate,64.66358374446335,47.08858771628973,44.87334516589102,156.6255166266441,109.53692891035436,1,1,1,1
CDS 2 2023,Moderate,56.80152476745156,37.97828518043973,36.51757992248741,131.2973898703787,93.31910468993897,1,1,0,0
CDS 2 2022,Easy,85.89538721694774,57.216886946748694,23.923389728819412,167.03566389251586,109.81877694576715,1,1,1,1
CDS 1 2023,Hard,75.2360621922964,37.71953157998207,30.054398756479983,143.00999252875846,105.29046094877638,1,1,1,1
CDS 2 2022,Easy,61.42554577189573,71.47418169611836,38.19608318237592,171.09581065039,99.62162895427164,1,1,1,0
CDS 2 2023,Moderate,37.88138088670493,30.912514170598257,50.33433701296325,119.12823207026645,88.21571789966819,0,0,0,0
CDS 1 2022,Moderate,57.333476707655855,55.06263923724864,30.70755579701338,143.10367174191788,88.04103250466923,1,1,0,0
CDS 1 2022,Moderate,44.01875648116253,72.29171547944223,39.62172666081943,155.93219862142416,83.64048314198195,1,1,1,0
CDS 2 2022,Easy,51.368259954071895,47.05621386644069,41.89706167610396,140.32153549661655,93.26532163017586,1,1,0,0
CDS 2 2023,Moderate,64.25887206193036,40.30215709146829,35.19147777415752,139.75250692755617,99.45034983608788,1,1,0,0
CDS 2 2023,Moderate,64.87872284871074,45.709154499272415,53.04348109786743,163.6313584458506,117.92220394657816,1,1,1,1
Standard Mock,Moderate,67.19757942148182,36.5227634781839,22.067270421288363,125.78761332095408,89.26484984277019,0,1,0,0
CDS 1 2022,Moderate,64.72406277880377,52.26736018542792,49.84116028535965,166.83258324959132,114.56522306416342,1,1,1,1
CDS 1 2022,Moderate,56.86941969476845,32.99510719236339,34.99291405423354,124.85744094136538,91.86233374900199,0,0,0,0
CDS 1 2023,Hard,61.045153263553665,34.574916006003036,37.05866449858728,132.67873376814399,98.10381776214095,1,1,0,1
CDS 1 2022,Moderate,55.299578522404985,42.75936316751285,37.658782296520485,135.71772398643833,92.95836081892547,0,1,0,0
Standard Mock,Moderate,59.338673853741774,45.03569159104804,55.99721789166516,160.371583336455,115.33589174540694,1,1,1,1
CDS 2 2022,Easy,61.41659847978778,63.93030365799924,33.52458194364841,158.87148408143543,94.94118042343618,1,1,1,0
CDS 2 2022,Easy,63.18775826781897,70.85564838727615,33.506269616785744,167.54967627188086,96.69402788460471,1,1,1,0
CDS 2 2022,Easy,79.19603004513637,32.60152058367261,33.99576434261295,145.79331497142192,113.19179438774933,1,1,0,1
CDS 2 2022,Easy,75.07513689836922,64.48750718995322,33.15370174239996,172.7163458307224,108.22883864076918,1,1,1,1
CDS 2 2023,Moderate,40.298961822881644,33.465936848630626,43.92597338299309,117.69087205450538,84.22493520587474,0,0,0,0
Standard Mock,Moderate,67.30764119066525,36.55272696724026,35.142730678364344,139.00309883626986,102.4503718690296,1,1,0,1
CDS 1 2023,Hard,50.929636870732196,41.27073343738281,35.49054765565361,127.69091796376861,86.42018452638581,1,1,0,0
CDS 2 2023,Moderate,65.84412980472484,29.229100659467385,54.764405845154855,149.8376363093471,120.6085356498797,1,1,1,1
CDS 1 2022,Moderate,76.17212574968624,37.21459142012246,36.04355937523213,149.43027654504084,112.21568512491837,1,1,1,1
CDS 2 2023,Moderate,46.696863742610105,59.05980134309351,33.10879609222967,138.8654611779333,79.80565983483977,1,1,0,0
CDS 1 2023,Hard,53.724508796224654,22.585891719381294,42.089239441978776,118.39963995758472,95.81374823820343,0,1,0,0
CDS 2 2022,Easy,64.87911052153946,59.363582591499615,27.476065555868807,151.71875866890787,92.35517607740826,1,1,0,0
CDS 2 2023,Moderate,68.868873900973,16.74943372047439,30.792382063189468,116.41068968463685,99.66125596416246,0,0,0,0
Standard Mock,Moderate,61.98948146796494,52.85153705954037,39.367385517335094,154.2084040448404,101.35686698530003,1,1,1,1
CDS 2 2022,Easy,77.35782191822155,63.16259326540539,29.289463203509513,169.80987838713645,106.64728512173106,1,1,1,0
Standard Mock,Moderate,71.92507512477975,51.83582191102773,17.214124159934833,140.9750211957423,89.13919928471458,1,1,0,0
CDS 2 2023,Moderate,54.958201689923285,52.172117802460036,34.18477326898354,141.31509276136686,89.14297495890682,1,1,0,0
CDS 2 2023,Moderate,55.12771435886448,48.409829009856296,28.24291920838388,131.78046257710466,83.37063356724836,1,1,0,0
CDS 2 2022,Easy,54.12754061137197,63.15247939547804,29.141748711148146,146.42176871799813,83.26928932252011,1,1,0,0
CDS 2 2023,Moderate,48.51205964841344,53.551095514247415,41.66312500909212,143.72628017175296,90.17518465750555,1,1,1,0
CDS 2 2023,Moderate,42.741932712094034,62.32931283656847,28.22435347664345,133.29559902530596,70.96628618873748,1,1,0,0
CDS 2 2022,Easy,55.18834468860318,60.54473071902276,35.355957376906126,151.08903278453207,90.5443020655093,1,1,0,0
CDS 1 2023,Hard,62.83390509282596,32.8298776637003,27.987688911644035,123.6514716681703,90.82159400447,1,1,0,0
CDS 1 2023,Hard,69.22369861698508,51.746296609381545,43.91119731038063,164.88119253674725,113.1348959273657,1,1,1,1
Standard Mock,Moderate,60.85318142565024,38.03466712132122,26.917342783590737,125.8051913305622,87.77052420924097,0,1,0,0
CDS 2 2022,Easy,70.22514105265758,71.81918311535715,44.18398220888684,186.22830637690157,114.40912326154441,1,1,1,1
CDS 1 2022,Moderate,66.50450092536138,60.62337141267503,19.96919698240182,147.09706932043824,86.47369790776321,1,1,1,0
CDS 2 2022,Easy,55.01939372685587,58.00240247502033,36.16028728047648,149.18208348235268,91.17968100733235,1,1,0,0
Standard Mock,Moderate,79.95667489783965,55.28067670963419,66.09918556005361,201.33653716752747,146.05586045789326,1,1,1,1
Standard Mock,Moderate,58.168033812796125,58.65186511048603,40.345056484805504,157.16495540808765,98.51309029760162,1,1,1,0
CDS 1 2023,Hard,51.793323744428086,42.760849110296824,44.361690847298576,138.91586370202347,96.15501459172665,1,1,1,0
Standard Mock,Moderate,64.97743089091394,53.05903932737347,41.659242520544616,159.69571273883201,106.63667341145856,1,1,1,1
CDS 2 2023,Moderate,68.38940500469613,41.300378952647634,28.82746813453077,138.51725209187452,97.21687313922689,1,1,0,0
CDS 1 2022,Moderate,48.99845767028305,57.34723804214537,39.39501230620226,145.74070801863067,88.3934699764853,1,1,0,0
CDS 1 2022,Moderate,64.57772866151886,47.93284777405144,51.744924333475375,164.25550076904568,116.32265299499423,1,1,1,1
CDS 2 2022,Easy,71.68741655592513,50.35480357030719,29.08299123860686,151.12521136483917,100.77040779453199,1,1,0,0
Standard Mock,Moderate,66.95537757565778,44.47239662802981,43.491021107431436,154.91879531111903,110.44639868308921,1,1,1,1
CDS 1 2022,Moderate,59.28400748141933,43.71564959032069,19.821262533191906,122.82091960493193,79.10527001461124,0,0,0,0
CDS 2 2022,Easy,73.90383163519786,61.00798865657452,45.75205016106566,180.66387045283804,119.65588179626351,1,1,1,1
CDS 1 2023,Hard,55.4977368718096,32.076146326318636,30.05650526902541,117.63038846715365,85.55424214083502,0,1,0,0
CDS 2 2022,Easy,71.98828420202534,60.90422617591359,44.2097294438939,177.10223982183282,116.19801364591925,1,1,1,1
Standard Mock,Moderate,54.739651573324196,61.16583254104435,13.466570801287556,129.37205491565612,68.20622237461176,0,1,0,0
Standard Mock,Moderate,55.211625439915956,56.32174694296792,26.372242359568794,137.90561474245266,81.58386779948475,1,1,0,0
CDS 1 2023,Hard,51.0798736008087,47.40407139492037,38.47949107237297,136.96343606810206,89.55936467318168,1,1,1,0
Standard Mock,Moderate,66.83569323200477,62.543327824636805,21.340442887994655,150.71946394463623,88.17613611999943,1,1,1,0
CDS 1 2023,Hard,57.61250531233856,41.720661608107015,27.045782886030374,126.37894980647596,84.65828819836894,1,1,0,0
CDS 2 2023,Moderate,42.2376476710168,35.647541901815146,39.08652811480671,116.97171768763866,81.32417578582351,0,0,0,0
CDS 2 2022,Easy,51.47329714156466,68.35226049987911,24.77640813782109,144.60196577926484,76.24970527938575,1,1,0,0
CDS 1 2023,Hard,48.707366063072115,33.570382443372424,42.269821679332,124.54757018577654,90.97718774240411,1,1,0,0
CDS 2 2022,Easy,47.92642042407053,69.82973944008326,28.83475560051341,146.5909154646672,76.76117602458393,1,1,0,0
CDS 1 2023,Hard,53.441018220633325,41.92021871023345,25.61370162807519,120.97493855894197,79.05471984870852,1,1,0,0
CDS 1 2022,Moderate,65.01782736167544,65.38199075871512,46.17398815902461,176.57380627941518,111.19181552070006,1,1,1,1
CDS 2 2022,Easy,61.40231354210914,50.03841806652069,26.739523139179617,138.18025474780944,88.14183668128877,0,1,0,0
CDS 1 2023,Hard,57.60280506582886,28.514189021259483,22.289928590315114,108.40692267740346,79.89273365614397,0,0,0,0
CDS 2 2023,Moderate,63.437878815498856,48.39356394493904,34.51347648429549,146.34491924473338,97.95135529979434,1,1,1,0
CDS 1 2023,Hard,47.41504665299931,28.909202268780348,28.15679428635386,104.48104320813351,75.57184093935317,0,0,0,0
CDS 1 2022,Moderate,68.90198411124787,25.845745653142874,45.35249334723753,140.10022311162828,114.2544774584854,1,1,0,1
Standard Mock,Moderate,50.7048913980759,40.19971278711722,20.03470744909921,110.93931163429232,70.7395988471751,0,0,0,0
CDS 2 2022,Easy,64.16562030209639,43.937682242496244,25.503547803014698,133.60685034760732,89.66916810511108,0,1,0,0
CDS 1 2023,Hard,44.960426279185015,40.832132044435006,31.658138635191552,117.45069695881156,76.61856491437656,0,1,0,0
CDS 1 2022,Moderate,52.78262446662747,41.439838984952814,36.76820872139398,130.99067217297426,89.55083318802144,0,1,0,0
CDS 1 2022,Moderate,57.283448896739465,64.08553262148418,51.734520902985366,173.103502421209,109.01796979972482,1,1,1,1
CDS 1 2023,Hard,42.004187630724026,49.7367586538991,36.6378593430334,128.37880562765653,78.64204697375743,1,1,0,0
CDS 2 2023,Moderate,48.51736711247382,66.45518302095064,43.18777643754861,158.16032657097307,91.70514355002243,1,1,1,0
CDS 2 2022,Easy,53.77455193755586,67.21193760212203,30.824971789857365,151.81146132953526,84.59952372741323,1,1,0,0
CDS 1 2023,Hard,57.71495310825648,44.08707059680596,34.41181020191618,136.2138339069786,92.12676331017266,1,1,1,0
CDS 1 2023,Hard,58.90695920928144,52.56781247945738,19.388222973511336,130.86299466225014,78.29518218279277,1,1,0,0
CDS 1 2022,Moderate,71.69589992427774,47.47827660223365,32.70609255931972,151.88026908583112,104.40199248359747,1,1,1,0
CDS 1 2022,Moderate,44.68892497444278,54.86468930056973,40.14254756017835,139.69616183519085,84.83147253462113,1,1,0,0
Standard Mock,Moderate,59.37808983000689,43.991073228240715,46.24353359870503,149.61269665695264,105.62162342871193,1,1,1,1
Standard Mock,Moderate,65.646059258936,47.717374189509144,24.803356613078844,138.166790061524,90.44941587201485,1,1,0,0
Standard Mock,Moderate,58.25645742097164,43.5656768539997,37.25307922040942,139.07521349538075,95.50953664138106,1,1,0,0
CDS 1 2022,Moderate,58.68527404328332,42.75882915314139,43.26047171441506,144.70457491083977,101.94574575769838,1,1,0,0
CDS 1 2023,Hard,38.93422899261321,56.577448944285834,43.99667123364337,139.5083491705424,82.93090022625657,1,1,1,0
CDS 1 2023,Hard,42.07737304894381,33.96430275338388,35.517662441961555,111.55933824428925,77.59503549090536,0,0,0,0
CDS 2 2022,Easy,67.6348721533106,52.187106396204136,42.94224129013494,162.76421983964968,110.57711344344554,1,1,1,1
CDS 1 2022,Moderate,52.16234334413603,37.00569701422509,28.094589476837406,117.26262983519854,80.25693282097345,0,0,0,0
CDS 1 2022,Moderate,51.681777917695555,39.410880130670975,34.328217099506446,125.42087514787298,86.009995017202,0,0,0,0
CDS 1 2022,Moderate,66.8205206571262,41.039361103559486,49.87246155335927,157.73234331404495,116.69298221048547,1,1,1,1
CDS 1 2022,Moderate,62.39404500535377,53.66402725103129,39.996851103029336,156.0549233594144,102.3908961083831,1,1,1,0
CDS 2 2023,Moderate,60.759552679160876,53.786987432167884,42.426824183597226,156.97336429492597,103.1863768627581,1,1,1,1
CDS 2 2023,Moderate,47.62337577672702,58.647490047200904,43.69156064389273,149.96242646782065,91.31493642061974,1,1,1,0
Standard Mock,Moderate,52.367138958214184,56.199947913732835,35.37937835447602,143.94646522642304,87.7465173126902,1,1,0,0
CDS 1 2023,Hard,52.906861804206386,68.36646993543232,38.58382438212809,159.8571561217668,91.49068618633447,1,1,1,0
CDS 2 2023,Moderate,52.140139673650175,51.64582314725851,21.18955396846225,124.97551678937094,73.32969364211243,0,1,0,0
CDS 2 2022,Easy,72.21562505126144,72.43912795985241,37.69133626155231,182.34608927266618,109.90696131281375,1,1,1,1
CDS 1 2023,Hard,41.613942002767516,32.72967015089328,35.54334898425289,109.88696113791369,77.1572909870204,0,0,0,0
CDS 2 2023,Moderate,77.19377906207296,38.800120946599826,54.92515353168118,170.91905354035399,132.11893259375415,1,1,1,1
CDS 2 2022,Easy,59.5044286409142,50.35443220252583,48.59587886979802,158.45473971323804,108.10030751071221,1,1,1,1
CDS 2 2023,Moderate,59.54588782067762,24.963922125628123,35.2538842054241,119.76369415172985,94.79977202610172,0,0,0,0
CDS 1 2022,Moderate,59.86162253905763,42.082526131202734,28.10272225935826,130.04687092961862,87.96434479841588,0,1,0,0
Standard Mock,Moderate,74.43632003468814,57.75846224097573,22.434931057207436,154.6297133328713,96.87125109189557,1,1,1,0
CDS 2 2022,Easy,62.21037069668191,64.48446275262053,37.202398315041656,163.8972317643441,99.41276901172357,1,1,1,0
CDS 2 2022,Easy,68.4005129456889,66.61821592639433,45.70612997219531,180.72485884427854,114.10664291788422,1,1,1,1
CDS 1 2023,Hard,51.686916168166775,26.978193681306422,25.102106123937997,103.7672159734112,76.78902229210478,0,0,0,0
CDS 2 2022,Easy,56.74589470021045,69.93615496884144,69.49094425308725,196.17299392213914,126.2368389532977,1,1,1,1
Standard Mock,Moderate,46.489256337919784,53.7823927406219,21.7754204325643,122.04706951110599,68.26467677048409,0,0,0,0
CDS 1 2023,Hard,60.47264797377967,36.94053047735562,34.39107068253892,131.8042491336742,94.86371865631858,1,1,0,0
CDS 2 2022,Easy,63.745457399970995,56.03071607551996,43.27879524159357,163.05496871708453,107.02425264156457,1,1,1,1
CDS 1 2022,Moderate,37.80699627252465,37.78312278887624,32.70200369424806,108.29212275564895,70.5089999667727,0,0,0,0
CDS 1 2023,Hard,56.75211418908512,44.40977998569166,53.88207202082728,155.04396619560407,110.6341862099124,1,1,1,1
Standard Mock,Moderate,56.86470313827602,53.79225464651055,44.21801501977252,154.8749728045591,101.08271815804855,1,1,1,1
Standard Mock,Moderate,64.20094490451841,72.6785227779545,41.06850593215671,177.94797361462963,105.26945083667512,1,1,1,1
CDS 1 2023,Hard,43.69111564674084,28.88342644022154,33.789056614491635,106.36359870145401,77.48017226123247,0,0,0,0
Standard Mock,Moderate,65.55512646342248,42.99159823673899,25.813134885139057,134.3598595853005,91.36826134856153,0,1,0,0
CDS 1 2023,Hard,52.049100857620935,51.02145332730896,37.80653375475767,140.87708793968756,89.85563461237861,1,1,1,0
Standard Mock,Moderate,47.542826235536154,39.48504174300993,35.54934110999849,122.57720908854458,83.09216734553465,0,0,0,0
Standard Mock,Moderate,47.414950893246655,44.29820653853017,32.82982949575629,124.54298692753312,80.24478038900295,0,0,0,0
CDS 2 2023,Moderate,84.26716486345522,31.46858999094915,39.32959825360696,155.06535310801132,123.59676311706218,1,1,1,1
CDS 1 2022,Moderate,54.352259958290574,73.0613132744391,45.213832954293984,172.62740618702367,99.56609291258457,1,1,1,0
CDS 2 2022,Easy,49.140166877620416,77.45158210446138,21.20075614860955,147.79250513069135,70.34092302622997,1,1,0,0
Standard Mock,Moderate,63.89614177370904,54.415549033469226,26.317072681236336,144.6287634884146,90.21321445494537,1,1,0,0
CDS 2 2022,Easy,38.64252260983122,58.93385407411702,40.03375506597161,137.61013174991984,78.67627767580282,0,1,0,0
CDS 1 2023,Hard,64.2427013953783,41.02824593684031,21.888832381659697,127.15977971387831,86.131533777038,1,1,0,0
CDS 1 2022,Moderate,50.74575373940412,37.25584413164371,37.55383755674317,125.55543542779101,88.2995912961473,0,0,0,0
CDS 1 2023,Hard,50.918991608397796,47.81363490188389,22.033476841678166,120.76610335195986,72.95246845007597,1,1,0,0
CDS 1 2023,Hard,63.58451116656666,40.45885593952034,28.12303544034069,132.1664025464277,91.70754660690734,1,1,0,0
CDS 2 2022,Easy,50.51408585366456,54.39754459549906,37.00323351993213,141.91486396909576,87.51731937359669,1,1,0,0
CDS 1 2023,Hard,81.20793091029975,57.57012686502925,21.10426379380669,159.88232156913568,102.31219470410645,1,1,1,1
CDS 1 2023,Hard,64.96858773465809,61.1034458103416,32.245091235921095,158.31712478092078,97.21367897057918,1,1,1,0
CDS 2 2023,Moderate,63.72105472606863,47.36255216378946,38.891591956679285,149.97519884653735,102.61264668274791,1,1,1,1
CDS 1 2023,Hard,67.23568882418627,32.49187255004545,38.77175387048707,138.4993152447188,106.00744269467333,1,1,1,1
CDS 1 2023,Hard,41.80752805401232,30.399537227228244,28.37615490083474,100.58322018207531,70.18368295484706,0,0,0,0
CDS 2 2022,Easy,64.36475425384644,49.51238013895852,52.37438134684139,166.25151573964635,116.73913560068783,1,1,1,1
CDS 1 2022,Moderate,59.571766186884254,58.181170586463416,35.58022734808395,153.33316412143162,95.1519935349682,1,1,1,0
CDS 2 2023,Moderate,37.53110666015395,50.53540430735367,28.932997052347034,116.99950801985466,66.46410371250099,0,0,0,0
CDS 2 2023,Moderate,72.00078956426862,25.48136752749751,30.080975524937948,127.56313261670407,102.08176508920656,0,1,0,1
CDS 1 2022,Moderate,66.19711445966136,33.724000090915666,28.646376111743706,128.56749066232072,94.84349057140507,0,1,0,0
CDS 1 2023,Hard,48.75654610286776,32.74306402554144,28.523797138753203,110.0234072671624,77.28034324162095,0,0,0,0
CDS 1 2022,Moderate,37.944339429009304,63.29850049534467,43.970661968871326,145.2135018932253,81.91500139788063,1,1,0,0
CDS 2 2023,Moderate,66.51521991339506,45.58210159262978,23.623143295751834,135.72046480177667,90.13836320914689,1,1,0,0
Standard Mock,Moderate,59.93478684770542,56.02008586461697,40.987943895619104,156.9428166079415,100.92273074332452,1,1,1,1
CDS 1 2023,Hard,47.65826201221504,45.48736485538289,30.655964451308485,123.80159131890642,78.31422646352353,1,1,0,0
CDS 2 2022,Easy,79.55822322146767,64.46868024850623,47.04506539824723,191.07196886822112,126.6032886197149,1,1,1,1
CDS 2 2023,Moderate,60.838266279293606,52.91715355151397,49.10459145203504,162.8600112828426,109.94285773132864,1,1,1,1
CDS 1 2022,Moderate,51.389120898264295,56.37483927046833,49.033699701251905,156.79765986998453,100.4228205995162,1,1,1,0
CDS 2 2022,Easy,60.569559788715175,58.55890654168914,35.205070326007565,154.33353665641187,95.77463011472274,1,1,1,0
Standard Mock,Moderate,64.63184795267584,51.735704081314616,36.972922656312065,153.34047469030253,101.6047706089879,1,1,1,1
Standard Mock,Moderate,76.9995737457638,50.28762709518029,45.71543152234886,173.00263236329295,122.71500526811266,1,1,1,1
Standard Mock,Moderate,69.41310580767484,52.7751245993617,24.674760964724605,146.86299137176115,94.08786677239945,1,1,1,0
CDS 2 2023,Moderate,78.0930634973311,37.828392856570986,32.81954104607626,148.74099739997834,110.91260454340735,1,1,1,1
CDS 2 2023,Moderate,53.4791111140694,38.58285710246756,24.103669626576117,116.16563784311307,77.58278074064552,0,0,0,0
CDS 1 2022,Moderate,56.29491901409971,48.18742000739524,20.94432980821358,125.42666882970855,77.2392488223133,0,0,0,0
CDS 2 2023,Moderate,69.02277173786648,66.23140708370123,25.9224381985308,161.1766170200985,94.94520993639728,1,1,1,0
CDS 2 2022,Easy,70.10792088527595,47.10598535377436,50.305805856240575,167.51971209529086,120.41372674151651,1,1,1,1
CDS 1 2023,Hard,63.545252270666154,50.682970010038105,21.264528796837496,135.49275107754175,84.80978106750365,1,1,1,0
CDS 2 2022,Easy,66.71839339793532,40.89286473250178,45.53251219984784,153.14377033028492,112.25090559778315,1,1,1,1
CDS 1 2022,Moderate,51.049301577233955,36.61982394930959,40.972282182533846,128.64140770907738,92.0215837597678,0,1,0,0
CDS 2 2023,Moderate,64.63206292099123,58.178090552000015,21.328621935397543,144.1387754083888,85.96068485638878,1,1,1,0
Standard Mock,Moderate,47.67476685231491,55.50757120375201,40.522999376795234,143.70533743286217,88.19776622911014,1,1,0,0
CDS 2 2023,Moderate,53.03228181570425,51.12530716000267,40.82026567084727,144.9778546465542,93.85254748655152,1,1,1,0
CDS 2 2022,Easy,59.61158143807262,31.44849169992905,29.91445315923792,120.97452629723959,89.52603459731054,0,0,0,0
Standard Mock,Moderate,63.496500472996935,49.1441303932957,19.35197228637945,131.99260315267207,82.84847275937639,0,1,0,0
CDS 2 2023,Moderate,57.36551783917751,44.37545400612163,41.79142775438196,143.5323995996811,99.15694559355947,1,1,1,0
CDS 2 2022,Easy,61.70552213652908,59.02069634900941,47.318707042882956,168.04492552842146,109.02422917941203,1,1,1,1
CDS 2 2022,Easy,68.16155957182778,36.57313452151473,44.69267589808526,149.42736999142778,112.85423546991305,1,1,0,1
CDS 2 2023,Moderate,67.56788679986983,35.79980245708204,41.12468794013602,144.49237719708788,108.69257474000585,1,1,1,1
CDS 1 2022,Moderate,57.55919526325799,46.38603858717921,34.606927123723686,138.55216097416087,92.16612238698167,1,1,0,0
CDS 1 2022,Moderate,63.338599665685344,60.981200732073944,49.313667818311835,173.63346821607112,112.65226748399718,1,1,1,1
CDS 1 2022,Moderate,46.87780806568594,63.947199834424914,41.220699903060485,152.04570780317133,88.09850796874642,1,1,1,0
CDS 1 2023,Hard,58.868085206892026,64.14724534840919,38.72784340148773,161.74317395678895,97.59592860837975,1,1,1,0
Standard Mock,Moderate,70.23709546106981,60.54106168901704,37.49308595641729,168.27124310650413,107.7301814174871,1,1,1,1
CDS 2 2022,Easy,66.44887833096891,50.78302917143521,40.23903043284955,157.47093793525366,106.68790876381846,1,1,1,0
Standard Mock,Moderate,75.63413358832108,66.3884126961374,26.815713340579986,168.83825962503846,102.44984692890107,1,1,1,1
Standard Mock,Moderate,64.99864123740372,52.41179151589706,21.006938251980586,138.41737100528135,86.0055794893843,1,1,0,0
CDS 1 2022,Moderate,38.99973492348376,58.62277779586789,41.25508016831036,138.877592887662,80.25481509179411,1,1,0,0
CDS 2 2023,Moderate,54.07644044347946,71.44988920500344,36.235476959555825,161.76180660803874,90.3119174030353,1,1,1,0
Standard Mock,Moderate,54.942532957380635,65.77996082955119,24.410924129433994,145.13341791636583,79.35345708681463,1,1,1,0
CDS 1 2022,Moderate,79.62587190530795,60.137556424900275,35.03695671847847,174.8003850486867,114.66282862378642,1,1,1,1
CDS 2 2022,Easy,78.41475915530881,49.17632997558558,32.57515767461616,160.16624680551055,110.98991682992497,1,1,1,1
CDS 2 2023,Moderate,72.30874513154735,54.754570322092256,51.85014278708509,178.9134582407247,124.15888791863244,1,1,1,1
CDS 2 2023,Moderate,51.20185646497946,41.628349226256425,54.87061111699441,147.7008168082303,106.07246758197387,1,1,1,1
CDS 2 2022,Easy,61.64862218828548,73.64992504857729,43.423378344896214,178.72192558175897,105.0720005331817,1,1,1,0
CDS 2 2022,Easy,73.53975976552223,60.559462361417275,44.148655003619105,178.2478771305586,117.68841476914133,1,1,1,1
CDS 2 2022,Easy,65.43514668643466,24.645279067668362,45.58139514518506,135.66182089928807,111.01654183161972,0,1,0,1
CDS 2 2023,Moderate,57.033925409302014,34.187830996565914,37.41321934916781,128.63497575503573,94.44714475846982,0,1,0,0
CDS 1 2023,Hard,58.8632331781156,61.06570837978588,28.364230232111026,148.2931717900125,87.22746341022662,1,1,1,0
CDS 2 2023,Moderate,75.73019725214857,46.18994746119966,30.34194430881837,152.2620890221666,106.07214156096694,1,1,1,1
Standard Mock,Moderate,59.260524343916074,50.34029980833752,30.483405238403773,140.08422939065736,89.74392958231985,1,1,0,0
CDS 2 2022,Easy,57.4171793111241,62.47253468680322,28.693846650624735,148.58356064855207,86.11102596174884,1,1,0,0
CDS 1 2023,Hard,61.29529584221811,50.74426516915119,23.56547392272006,135.60503493408936,84.86076976493817,1,1,1,0
CDS 1 2022,Moderate,53.68422270834669,57.84412815134947,37.53165238037981,149.06000324007599,91.2158750887265,1,1,1,0
CDS 2 2022,Easy,64.66387435296286,48.80284427334914,44.54740912141134,158.01412774772334,109.2112834743742,1,1,1,1
CDS 1 2023,Hard,53.03533416571903,31.041059841517132,28.353124552957276,112.42951856019343,81.3884587186763,0,1,0,0
Standard Mock,Moderate,58.23225836884218,42.106155034294744,19.513817011362534,119.85223041449946,77.74607538020472,0,0,0,0
CDS 2 2022,Easy,62.15124506630329,52.102030649550656,37.4382024750462,151.69147819090014,99.58944754134949,1,1,0,0
CDS 1 2022,Moderate,59.382358001398714,58.49420488959027,39.79441518086064,157.67097807184962,99.17677318225935,1,1,1,0
CDS 2 2022,Easy,58.50234773151733,42.49546705308276,27.967991446108556,128.96580623070867,86.47033917762589,0,0,0,0
CDS 1 2022,Moderate,55.12797078805073,38.760047205630514,31.480786821834908,125.36880481551616,86.60875760988564,0,0,0,0
CDS 1 2022,Moderate,47.038833357501055,50.17711944136766,30.438791725258117,127.65474452412684,77.47762508275918,0,0,0,0
Standard Mock,Moderate,65.95029465835565,43.044026134278795,29.425769468916787,138.42009026155122,95.37606412727243,1,1,0,0
CDS 2 2022,Easy,55.73301691152689,44.81885638971023,39.685608296252234,140.23748159748934,95.41862520777912,1,1,0,0
CDS 1 2022,Moderate,65.731278132412,43.68444393057045,17.141335080658887,126.55705714364134,82.87261321307089,0,0,0,0
CDS 2 2023,Moderate,63.01107339191742,80.31640396776595,36.83834516322504,180.1658225229084,99.84941855514246,1,1,1,0
CDS 1 2023,Hard,58.49800024567907,38.85442903493112,21.967563225263916,119.3199925058741,80.46556347094298,0,1,0,0
Standard Mock,Moderate,42.23753666533548,38.003327315990894,34.194002507032394,114.43486648835878,76.43153917236788,0,0,0,0
CDS 2 2023,Moderate,69.15390275560162,46.59880901045704,29.50459725404465,145.25730902010332,98.65850000964627,1,1,1,0
CDS 1 2023,Hard,48.64442158595597,36.14508680658506,43.91081081482665,128.70031920736767,92.55523240078261,1,1,0,0
CDS 1 2022,Moderate,78.32557043479201,53.784800728024635,43.141517621182665,175.2518887839993,121.46708805597467,1,1,1,1
CDS 2 2023,Moderate,63.6873314731752,24.86792904785268,38.93797298216251,127.4932335031904,102.62530445533771,0,1,0,1
CDS 2 2023,Moderate,57.21116605849244,47.413233798310735,43.451579711843216,148.07597956864637,100.66274577033565,1,1,1,0
CDS 1 2022,Moderate,45.94810153196425,68.44926619506589,34.4759554942253,148.87332322125545,80.42405702618956,1,1,1,0
CDS 2 2022,Easy,77.4689171553472,66.41739132469704,39.379959906339685,183.26626838638393,116.84887706168689,1,1,1,1
CDS 1 2022,Moderate,56.33492979631948,36.90640814244534,17.96128413173281,111.20262207049763,74.29621392805228,0,0,0,0
CDS 2 2023,Moderate,75.62888768508198,45.07939224749978,32.26006918170696,152.9683491142887,107.88895686678893,1,1,1,1
CDS 2 2023,Moderate,57.00161803725119,67.51150698434476,54.04136589573007,178.554490917326,111.04298393298126,1,1,1,1
Standard Mock,Moderate,82.18780233448135,51.54749386496514,33.40954789599949,167.14484409544596,115.59735023048083,1,1,1,1
CDS 2 2022,Easy,49.833574505792086,40.98664538478478,54.769344261182745,145.5895641517596,104.60291876697482,1,1,0,0
CDS 2 2022,Easy,67.16775563762629,47.93359807913565,29.026974723671557,144.1283284404335,96.19473036129784,1,1,0,0
CDS 2 2022,Easy,56.627375689503,48.53052756221226,33.92124739324182,139.07915064495708,90.54862308274483,0,1,0,0
CDS 2 2023,Moderate,54.517312050749226,34.74164648324976,43.33333911780307,132.59229765180206,97.8506511685523,1,1,0,0
Standard Mock,Moderate,62.20541427013867,41.84164362583925,47.179591523055585,151.2266494190335,109.38500579319425,1,1,1,1
Standard Mock,Moderate,52.82081109252398,62.15670250032852,32.69475374819749,147.67226734105,85.51556484072148,1,1,1,0
CDS 2 2022,Easy,66.94107630953357,60.806519814256475,34.68785705392401,162.43545317771407,101.62893336345758,1,1,1,0
CDS 1 2023,Hard,43.977078501635766,44.90328769242121,35.450876083543584,124.33124227760055,79.42795458517935,1,1,0,0
CDS 2 2022,Easy,61.92191528861116,44.35982893259851,31.61414201552769,137.89588623673737,93.53605730413885,0,1,0,0
CDS 1 2023,Hard,60.348173363459104,32.35230703565446,39.831844019912495,132.53232441902605,100.18001738337159,1,1,0,1
CDS 1 2022,Moderate,64.58386703551484,40.984587232113604,14.129729813979313,119.69818408160776,78.71359684949415,0,0,0,0
CDS 1 2023,Hard,54.68941067129098,28.761923502524848,22.72253266414533,106.17386683796116,77.4119433354363,0,0,0,0
CDS 2 2023,Moderate,53.322204435311136,45.752051779123505,37.921927283263734,136.99618349769838,91.24413171857486,1,1,0,0
CDS 1 2023,Hard,32.61768766675028,32.7176178657139,13.03439877891947,78.36970431138366,45.65208644566975,0,0,0,0
CDS 2 2023,Moderate,64.57686586053552,42.00323788618043,7.5249515727476535,114.1050553194636,72.10181743328317,0,0,0,0
CDS 1 2023,Hard,49.73752143482579,35.37973825944564,41.10670222566758,126.223961919939,90.84422366049337,1,1,0,0
CDS 1 2022,Moderate,63.829889847409284,22.43320224231359,36.41257140087463,122.67566349059751,100.24246124828392,0,0,0,0
CDS 1 2022,Moderate,67.68207216631737,54.09922367609508,37.15396505456288,158.93526089697534,104.83603722088026,1,1,1,0
CDS 1 2023,Hard,94.26237706436326,60.6963597971333,13.327096484011292,168.28583334550785,107.58947354837456,1,1,1,1
Standard Mock,Moderate,57.12552480599644,47.45385305638509,37.873289044030095,142.45266690641162,94.99881385002654,1,1,0,0
CDS 1 2022,Moderate,55.757636666019565,51.95410482687611,29.301670717612414,137.01341221050808,85.05930738363197,1,1,0,0
CDS 2 2022,Easy,49.82826303328321,50.005667141376954,47.50579167521766,147.33972184987783,97.33405470850087,1,1,0,0
CDS 2 2023,Moderate,48.69930660959642,63.085790602350876,30.499871420041863,142.28496863198916,79.19917802963829,1,1,1,0
Standard Mock,Moderate,54.64664912983777,39.22852469141432,38.5845361820962,132.45971000334828,93.23118531193397,0,1,0,0
Standard Mock,Moderate,67.57921849923619,70.18330599955694,41.85507738790204,179.61760188669518,109.43429588713823,1,1,1,1
CDS 1 2023,Hard,53.244360545007844,41.17681047446734,35.34923843806325,129.77040945753845,88.5935989830711,1,1,0,0
CDS 1 2023,Hard,67.95871781863015,48.94006375452737,24.249340899130157,141.1481224722877,92.20805871776031,1,1,1,0
Standard Mock,Moderate,58.053027038833186,49.10102981338047,34.358118228915025,141.51217508112867,92.41114526774821,1,1,0,0
CDS 1 2023,Hard,57.52240396426677,42.576558198046314,29.070167655024335,129.16912981733742,86.5925716192911,1,1,0,0
CDS 1 2023,Hard,70.78118057562185,50.42985510996276,37.88359748492175,159.09463317050637,108.6647780605436,1,1,1,1
CDS 1 2022,Moderate,55.444604739761296,59.463606698853035,26.10759171771676,141.0158031563311,81.55219645747806,1,1,0,0
CDS 2 2022,Easy,73.76046792529795,47.752232488369245,54.72670675750982,176.239407171177,128.48717468280776,1,1,1,1
Standard Mock,Moderate,57.70451344639653,43.29034672726952,18.60515837474566,119.60001854841171,76.30967182114219,0,0,0,0
Standard Mock,Moderate,69.96570510579447,55.68575754240989,30.335046207718023,155.98650885592238,100.30075131351249,1,1,1,1
CDS 2 2022,Easy,63.094968940021886,41.227703322211994,43.24057028221561,147.56324254444948,106.33553922223749,1,1,0,0
CDS 2 2022,Easy,65.852094496339,52.75724610205618,10.088640290992767,128.69798088938796,75.94073478733178,0,0,0,0
CDS 1 2023,Hard,38.6952675628486,49.32888823317413,39.64795613237453,127.67211192839727,78.34322369522313,1,1,0,0
CDS 2 2022,Easy,69.66670981966081,43.61300175010195,55.2100622715938,168.48977384135657,124.87677209125461,1,1,1,1
CDS 2 2022,Easy,82.47363197915558,52.16133655337265,49.32191564260385,183.95688417513207,131.79554762175943,1,1,1,1
CDS 2 2023,Moderate,71.35620147182944,38.105830061667916,23.937064875883657,133.399096409381,95.29326634771309,1,1,0,0
Standard Mock,Moderate,53.914102767603,35.32130828687697,29.710222919359847,118.94563397383982,83.62432568696285,0,0,0,0
CDS 1 2023,Hard,67.23083067095325,44.23005962028255,27.929164797041345,139.39005508827717,95.1599954679946,1,1,1,0
Standard Mock,Moderate,54.29648633586319,51.240688300697066,16.79396699451483,122.3311416310751,71.09045333037803,0,0,0,0
CDS 2 2023,Moderate,40.87745024580223,31.580219534006275,34.31365953914531,106.77132931895382,75.19110978494754,0,0,0,0
CDS 2 2023,Moderate,79.87275999230808,49.269045495257764,44.113627221747215,173.25543270931306,123.9863872140553,1,1,1,1
CDS 2 2023,Moderate,72.63706677654669,54.521752544041114,26.536840225342644,153.69565954593045,99.17390700188933,1,1,1,0
Standard Mock,Moderate,61.99810433718714,63.268242001281216,37.6402008133367,162.90654715180506,99.63830515052383,1,1,1,0
CDS 2 2023,Moderate,67.32492102779803,28.141350765260448,37.887236628250236,133.3535084213087,105.21215765604826,1,1,0,1
CDS 1 2023,Hard,45.399537047205364,41.12046849131981,29.018328531234207,115.53833406975939,74.41786557843957,0,1,0,0
CDS 2 2022,Easy,53.69796275326076,73.19672866304288,64.11676675578421,191.01145817208786,117.81472950904498,1,1,1,1
CDS 2 2022,Easy,71.02118320392483,52.45349236118618,40.72036861283745,164.19504417794846,111.74155181676228,1,1,1,1
CDS 2 2022,Easy,55.48081539977764,58.09303048171301,40.774805185188626,154.34865106667928,96.25562058496627,1,1,1,0
CDS 1 2023,Hard,42.58239424518376,38.13689141410301,32.67341133795918,113.39269699724596,75.25580558314294,0,1,0,0
CDS 2 2023,Moderate,40.921924421226095,43.036733598940266,26.39614989220498,110.35480791237134,67.31807431343108,0,0,0,0
CDS 2 2022,Easy,83.8768765734019,38.9742211708013,45.56553124533758,168.41662898954075,129.44240781873947,1,1,1,1
CDS 2 2023,Moderate,64.86036289417638,60.992292646644884,19.526960110616344,145.3796156514376,84.38732300479272,1,1,1,0
CDS 2 2023,Moderate,55.28875348182122,63.90955977050628,34.06363811260829,153.26195136493578,89.3523915944295,1,1,1,0
Standard Mock,Moderate,47.1283643141575,40.99680808384794,21.028818148870087,109.15399054687553,68.1571824630276,0,0,0,0
CDS 1 2022,Moderate,70.38378851019317,14.014132822673176,19.806539245231576,104.20446057809792,90.19032775542475,0,0,0,0
CDS 1 2023,Hard,50.488411415910015,54.40314099686595,34.41392639928736,139.3054788120633,84.90233781519737,1,1,1,0
CDS 2 2023,Moderate,55.36838637914601,61.84680881106897,30.885733928839976,148.10092911905497,86.25412030798599,1,1,1,0
CDS 2 2023,Moderate,41.3025830030458,50.285086679100694,31.114792248169906,122.70246193031639,72.4173752512157,0,1,0,0
CDS 2 2022,Easy,69.49218721285034,55.4132921404701,34.901933068091175,159.8074124214116,104.39412028094151,1,1,1,0
CDS 1 2023,Hard,30.116726465870105,45.44210455065361,24.734012701329213,100.29284371785293,54.85073916719932,0,0,0,0
Standard Mock,Moderate,50.177059657453206,53.362470009632375,35.58984221589597,139.12937188298156,85.76690187334918,1,1,0,0
CDS 2 2022,Easy,61.57450799142235,43.44720921658465,41.70463770996571,146.7263549179727,103.27914570138806,1,1,0,0
CDS 1 2023,Hard,52.93388720303953,41.88367553162121,34.88172935671378,129.6992920913745,87.81561655975331,1,1,0,0
CDS 2 2022,Easy,59.13468730436065,63.57531748763942,42.24216404290793,164.95216883490798,101.37685134726857,1,1,1,0
CDS 2 2023,Moderate,39.50058721422522,43.964943135827134,46.59074064955898,130.05627099961134,86.0913278637842,1,1,0,0
CDS 1 2022,Moderate,64.2548993324023,31.539915633234408,46.97246923645228,142.767284202089,111.22736856885459,1,1,0,1
CDS 2 2023,Moderate,52.90558997572453,38.594957746506864,32.11451304124295,123.61506076347435,85.02010301696748,0,1,0,0
Standard Mock,Moderate,77.34936575836808,41.3334386461576,26.432279061732075,145.11508346625777,103.78164482010015,1,1,1,1
CDS 2 2022,Easy,67.04389031602977,50.25183145892483,27.978504739239114,145.2742265141937,95.02239505526889,1,1,0,0
Standard Mock,Moderate,63.17453261250175,46.87935769320062,31.671395956174887,141.72528626187727,94.84592856867664,1,1,0,0
CDS 1 2022,Moderate,54.70667887551629,51.859118536070866,19.85529690819233,126.42109431977948,74.56197578370862,0,0,0,0
CDS 2 2023,Moderate,77.54933071647241,50.703169406970595,35.18401630783438,163.4365164312774,112.7333470243068,1,1,1,1
Standard Mock,Moderate,66.9272275511686,68.43017589755527,22.306695034533007,157.66409848325688,89.2339225857016,1,1,1,0
CDS 1 2022,Moderate,62.02328796422802,39.20360405371213,51.31856899089109,152.54546100883124,113.34185695511911,1,1,1,1
CDS 2 2022,Easy,83.18061922557825,61.6364810302283,47.75155494034783,192.5686551961544,130.93217416592609,1,1,1,1
Standard Mock,Moderate,62.34024454353148,62.40637990168647,32.514713819255505,157.26133826447347,94.85495836278699,1,1,1,0
CDS 1 2023,Hard,56.40359869848047,26.593762459515972,14.263442371302782,97.26080352929922,70.66704106978325,0,0,0,0
CDS 1 2023,Hard,53.14154247807253,39.32093813320125,32.47999186532444,124.94247247659823,85.62153434339697,1,1,0,0
CDS 2 2023,Moderate,72.18970789793663,49.723055238061924,15.488981359613753,137.40174449561232,87.67868925755039,1,1,0,0
CDS 1 2023,Hard,36.82020774612845,38.86649542669597,36.077698363873345,111.76440153669776,72.8979061100018,0,0,0,0
CDS 1 2022,Moderate,64.19609972024118,63.35357917989302,26.361170394102338,153.91084929423653,90.55727011434351,1,1,1,0
CDS 1 2023,Hard,65.41724664058852,38.44579303763871,34.6683544240951,138.53139410232234,100.08560106468362,1,1,1,1
CDS 1 2023,Hard,60.798572852951324,50.26666790824854,24.344859456101208,135.41010021730108,85.14343230905253,1,1,1,0
Standard Mock,Moderate,76.4948089432392,39.24477036231109,45.70610559979186,161.44568490534215,122.20091454303108,1,1,1,1
CDS 2 2022,Easy,68.61417317273103,61.86868373410811,27.068584562413523,157.55144146925267,95.68275773514455,1,1,1,0
CDS 2 2023,Moderate,64.50603412862539,34.058593873051635,16.30183660467836,114.86646460635538,80.80787073330374,0,0,0,0
CDS 1 2023,Hard,52.16861103256233,25.486276774974336,27.59312202287339,105.24800983041007,79.76173305543573,0,0,0,0
Standard Mock,Moderate,63.889787293521834,45.66877041625777,37.51473608940512,147.07329379918474,101.40452338292695,1,1,1,1
CDS 2 2022,Easy,57.44208499841637,74.86488535705953,50.487071264165635,182.79404161964155,107.92915626258201,1,1,1,1
CDS 2 2023,Moderate,55.16438516153463,53.894491984943954,28.878330828451794,137.93720797493037,84.04271598998642,1,1,0,0
CDS 2 2023,Moderate,56.419706202530136,56.875837820696056,33.60602799336766,146.90157201659386,90.0257341958978,1,1,1,0
CDS 1 2022,Moderate,40.906439124927076,48.8721662919521,48.183023248526695,137.96162866540587,89.08946237345377,1,1,0,0
CDS 2 2022,Easy,60.8850685543782,54.549152260246224,39.10765845778551,154.54187927240994,99.99272701216371,1,1,1,0
CDS 2 2022,Easy,47.68798696555075,55.49590758724742,54.94938227453236,158.13327682733052,102.6373692400831,1,1,1,0
CDS 2 2022,Easy,69.43002130447375,42.7460505092764,49.51549770574043,161.6915695194906,118.94551901021418,1,1,1,1
CDS 1 2022,Moderate,64.73471899035229,58.16124930259792,32.32358909101207,155.2195573839623,97.05830808136436,1,1,1,0
CDS 2 2022,Easy,43.727725796485046,47.76615213059246,39.00905699758731,130.50293492466483,82.73678279407235,0,0,0,0
Standard Mock,Moderate,64.32262950634156,39.50848926213568,39.700441873682024,143.53156064215926,104.02307138002358,1,1,0,1
Standard Mock,Moderate,52.87826135823956,37.2402932722175,33.89334631442671,124.01190094488378,86.77160767266628,0,0,0,0
CDS 2 2023,Moderate,68.41983695452127,13.116141368140305,31.30792799552554,112.84390631818711,99.7277649500468,0,0,0,0
CDS 2 2023,Moderate,56.25177943378194,28.424690214468654,24.614561791560277,109.29103143981087,80.86634122534221,0,0,0,0
CDS 1 2022,Moderate,47.62573361777427,63.94368993897878,36.094084718329704,147.66350827508273,83.71981833610397,1,1,1,0
CDS 2 2023,Moderate,63.131844738649804,53.470850342048436,28.934966117842603,145.53766119854083,92.06681085649241,1,1,1,0
CDS 2 2023,Moderate,55.40909689781008,34.14764798120419,28.053996308368554,117.61074118738281,83.46309320617863,0,0,0,0
CDS 2 2023,Moderate,42.48171193248281,49.89664187904158,31.100762934405548,123.47911674592994,73.58247486688836,0,1,0,0
CDS 2 2022,Easy,64.0337632998511,43.651047271638625,35.84033072052641,143.52514129201614,99.87409402037751,1,1,0,0
CDS 2 2022,Easy,71.08246191684968,64.31233496612171,26.82868080053415,162.22347768350554,97.91114271738383,1,1,1,0
CDS 1 2022,Moderate,49.97782981073275,30.398577712611875,27.47564762646965,107.85205514981428,77.4534774372024,0,0,0,0
CDS 2 2023,Moderate,54.98597853114363,54.187537061327475,44.75312458477979,153.9266401772509,99.73910311592343,1,1,1,0
CDS 2 2022,Easy,74.78422112028035,41.75596205763557,45.22142545933936,161.76160863725528,120.00564657961971,1,1,1,1
Standard Mock,Moderate,56.692107756724425,63.96689884846848,27.198008708825373,147.85701531401827,83.8901164655498,1,1,1,0
CDS 1 2022,Moderate,48.03211353573688,58.71544644130523,43.93697689389111,150.68453687093321,91.96909042962798,1,1,1,0
CDS 2 2023,Moderate,78.29620201716088,56.547865914961946,30.903134073705026,165.74720200582783,109.1993360908659,1,1,1,1
CDS 1 2022,Moderate,82.81651836538842,29.579517029611683,28.823583230663033,141.21961862566314,111.64010159605145,1,1,0,1
CDS 1 2023,Hard,36.19989966092236,17.402197503296996,35.70169623089065,89.30379339511,71.901595891813,0,0,0,0
Standard Mock,Moderate,56.27680947062077,50.22210644195897,39.37313187038961,145.87204778296933,95.64994134101038,1,1,1,0
CDS 2 2023,Moderate,64.25444864184172,63.34638975976072,37.22289855800854,164.82373695961098,101.47734719985026,1,1,1,0
Standard Mock,Moderate,50.476836192612026,38.72808665675011,28.230048615414688,117.43497146477682,78.70688480802671,0,0,0,0
CDS 2 2022,Easy,73.3019181186261,60.414703831822095,49.003985883950634,182.72060783439883,122.30590400257674,1,1,1,1
CDS 2 2023,Moderate,71.83493666889927,68.00668933861364,23.21959132623619,163.06121733374908,95.05452799513546,1,1,1,0
CDS 1 2023,Hard,70.23238621712258,61.38158690525272,35.88497597796597,167.4989491003413,106.11736219508856,1,1,1,1
CDS 2 2023,Moderate,43.43376792322226,39.17635847181657,29.75551863737348,112.36564503241232,73.18928656059575,0,0,0,0
CDS 1 2023,Hard,62.21479323757343,49.08994179204983,21.598874083182835,132.9036091128061,83.81366732075627,1,1,0,0
CDS 2 2023,Moderate,73.70536143996713,51.405012283938014,41.95202900083999,167.06240272474514,115.65739044080712,1,1,1,1
CDS 2 2022,Easy,55.121266590992505,69.99542686356,31.53149033874635,156.64818379329887,86.65275692973886,1,1,1,0
CDS 2 2022,Easy,72.79349003905332,49.985085450809315,39.60980480622456,162.3883802960872,112.40329484527788,1,1,1,1
CDS 1 2022,Moderate,39.74192126888623,70.93702904567668,24.291475813155614,134.97042612771853,64.03339708204184,0,1,0,0
CDS 1 2023,Hard,42.195444289975335,52.089327678342386,31.515838569768647,125.80061053808637,73.71128285974399,1,1,0,0
CDS 2 2022,Easy,52.450773319977074,66.25498645012786,41.84710474781083,160.55286451791576,94.2978780677879,1,1,1,0
CDS 2 2023,Moderate,60.1249932190725,27.97680889346166,63.68403055666768,151.78583266920182,123.80902377574017,1,1,1,1
CDS 1 2023,Hard,65.5872852988388,49.2630418580401,28.617586100828284,143.46791325770715,94.20487139966707,1,1,1,0
CDS 2 2023,Moderate,64.41307151699246,50.74795670951208,27.668438028900034,142.82946625540455,92.08150954589249,1,1,1,0
CDS 2 2022,Easy,46.42098548601713,58.57790159188631,46.032475005713934,151.03136208361738,92.45346049173106,1,1,0,0
Standard Mock,Moderate,66.38660168643102,52.41143808251653,45.581183250871504,164.37922301981905,111.96778493730253,1,1,1,1
CDS 2 2023,Moderate,61.480894197982764,39.453350836211385,26.18931663338708,127.12356166758123,87.67021083136984,0,1,0,0
CDS 1 2022,Moderate,71.86734620177332,45.142674764255354,49.36335405705979,166.37337502308847,121.23070025883311,1,1,1,1
CDS 2 2023,Moderate,60.460027472532744,62.073082143209334,25.953856250062337,148.4869658658044,86.41388372259507,1,1,1,0
CDS 2 2022,Easy,71.65416823691778,44.460123073843135,59.412174364637494,175.5264656753984,131.06634260155528,1,1,1,1
Standard Mock,Moderate,56.21992100981783,55.757874452709245,37.314459225255725,149.29225468778282,93.53438023507356,1,1,1,0
CDS 2 2023,Moderate,57.84332362452368,58.57689034708285,26.270389095462995,142.6906030670695,84.11371271998667,1,1,1,0
CDS 2 2022,Easy,72.21135362545581,71.26531361326595,30.83725899436275,174.3139262330845,103.04861261981856,1,1,1,0
CDS 1 2023,Hard,66.70198709196603,40.955174348512436,31.07437197798234,138.7315334184608,97.77635906994837,1,1,1,0
CDS 2 2023,Moderate,65.54057771115907,48.36037774996898,26.38296929743742,140.2839247585655,91.9235470085965,1,1,0,0
Standard Mock,Moderate,38.4761645539082,29.262081330697686,43.76455645502936,111.50280233963524,82.24072100893756,0,0,0,0
CDS 1 2022,Moderate,75.03419828428999,45.45999621682588,31.698799060335496,152.19299356145137,106.73299734462549,1,1,1,1
CDS 2 2022,Easy,58.72266093915494,72.02237614177645,37.11961126077924,167.86464834171062,95.84227219993417,1,1,1,0
CDS 2 2023,Moderate,35.1219134346492,52.0562817732205,47.769653860881874,134.94784906875157,82.89156729553108,1,1,0,0
CDS 2 2023,Moderate,47.929783521427844,68.11671632649843,24.24687606950762,140.29337591743388,72.17665959093546,1,1,0,0
CDS 2 2023,Moderate,50.54493120057269,61.647774508376756,23.466494894040405,135.65920060298987,74.0114260946131,1,1,0,0
CDS 1 2023,Hard,58.385528762859146,42.599499704855425,22.49659538770881,123.48162385542338,80.88212415056796,1,1,0,0
CDS 2 2022,Easy,54.742473163597225,67.7364515784776,51.00821398422605,173.48713872630088,105.75068714782327,1,1,1,0
CDS 1 2023,Hard,60.32006198821943,61.13425749840849,32.89328848997613,154.34760797660405,93.21335047819557,1,1,1,0
CDS 1 2022,Moderate,59.996863273882255,53.39368695398768,23.181258745791986,136.57180897366192,83.17812201967425,1,1,0,0
CDS 1 2023,Hard,75.86047049537115,35.66244679967217,21.881924054513185,133.40484134955648,97.74239454988432,1,1,0,0
Standard Mock,Moderate,64.16446038101452,36.21235703547222,34.46095150994261,134.83776892642936,98.62541189095714,0,1,0,0
CDS 1 2022,Moderate,71.21857856230471,50.35357750828689,58.20040722017259,179.7725632907642,129.4189857824773,1,1,1,1
CDS 1 2022,Moderate,50.95931710264,51.09571177465417,19.51039474946525,121.56542362675941,70.46971185210525,0,0,0,0
Standard Mock,Moderate,71.03877343316258,47.971153908973754,39.751677464953815,158.76160480709015,110.79045089811639,1,1,1,1
CDS 1 2023,Hard,49.107283482106936,50.01701591589858,21.262690938255282,120.3869903362608,70.36997442036221,1,1,0,0
Standard Mock,Moderate,69.13771621385585,67.07806773816822,19.542702133092668,155.75848608511674,88.68041834694853,1,1,1,0
CDS 2 2022,Easy,70.74071220894001,38.89446701817862,53.99594645145793,163.63112567857655,124.73665866039795,1,1,1,1
CDS 1 2022,Moderate,46.34175844584561,54.03341312274233,33.51030690232703,133.88547847091496,79.85206534817264,0,1,0,0
CDS 2 2022,Easy,82.96360822926964,52.0878246782556,47.060789138151314,182.11222204567656,130.02439736742096,1,1,1,1
Standard Mock,Moderate,49.73630792334108,36.42353489099142,47.300005727191504,133.459848541524,97.03631365053258,0,1,0,0
CDS 2 2023,Moderate,76.28468554772321,67.0869848714142,32.15615350393491,175.52782392307233,108.44083905165812,1,1,1,1
Standard Mock,Moderate,66.78931290059279,41.76724353808648,33.63004510557542,142.1866015442547,100.41935800616821,1,1,0,1
Standard Mock,Moderate,56.5909212265392,48.9258779546126,39.283166923752376,144.79996610490417,95.87408815029158,1,1,0,0
CDS 2 2023,Moderate,54.06188591931295,48.942924356629796,33.34368589682368,136.34849617276643,87.40557181613663,1,1,0,0
CDS 2 2023,Moderate,38.71265905585188,36.243345303398314,39.58168114788699,114.53768550713718,78.29434020373887,0,0,0,0
Standard Mock,Moderate,48.46667596794255,26.473290025585317,18.1265565288929,93.06652252242075,66.59323249683544,0,0,0,0
Standard Mock,Moderate,46.44552496887711,71.43910965031881,27.909790423695096,145.79442504289102,74.35531539257221,1,1,1,0
Standard Mock,Moderate,54.74120324104796,52.80577663807594,36.777501062680315,144.3244809418042,91.51870430372827,1,1,0,0
CDS 2 2022,Easy,66.3106518621585,40.65647483680907,39.225565392740066,146.1926920917076,105.53621725489856,1,1,0,0
CDS 2 2023,Moderate,74.50927548279212,27.80809567052777,53.07196643637885,155.38933758969873,127.58124191917096,1,1,1,1
CDS 2 2022,Easy,54.7597140911362,43.4255464610777,37.20189657622994,135.38715712844385,91.96161066736614,0,1,0,0
CDS 1 2022,Moderate,65.05965553455866,73.98067281367923,27.717277975933868,166.75760632417177,92.77693351049253,1,1,1,0
CDS 1 2022,Moderate,71.90548594343596,60.32383515983679,37.12574030632215,169.3550614095949,109.0312262497581,1,1,1,1
CDS 1 2022,Moderate,71.05900424357309,38.20539306549642,29.360525119417566,138.62492242848708,100.41952936299066,1,1,0,0
Standard Mock,Moderate,60.78143062969647,49.668724783841014,43.616361244979444,154.06651665851695,104.39779187467592,1,1,1,1
CDS 1 2023,Hard,39.23003517809003,39.11232563686746,23.57740444839326,101.91976526335074,62.80743962648329,0,0,0,0
CDS 2 2023,Moderate,59.2433439567417,31.368144691212024,54.725421767898084,145.3369104158518,113.96876572463978,1,1,1,1
CDS 2 2023,Moderate,65.05589241835875,75.25739694507355,49.8911310832829,190.2044204467152,114.94702350164165,1,1,1,1
CDS 2 2023,Moderate,55.95602576816039,54.83712428638376,39.914294527201996,150.70744458174613,95.87032029536238,1,1,1,0
CDS 2 2022,Easy,66.9548173155329,60.231704674000554,39.01154798760694,166.1980699771404,105.96636530313984,1,1,1,0
CDS 2 2023,Moderate,34.677539147803145,49.51413484394361,41.820694900626314,126.01236889237306,76.49823404842945,0,1,0,0
Standard Mock,Moderate,57.77525103221735,39.90079177451337,55.46862195719558,153.1446647639263,113.24387298941292,1,1,1,1
CDS 2 2023,Moderate,55.96924010934969,38.015264341801725,54.91553302204734,148.90003747319875,110.88477313139703,1,1,1,1
Standard Mock,Moderate,54.49884717063461,58.08881378555459,33.5297457656915,146.11740672188068,88.0285929363261,1,1,1,0
CDS 1 2022,Moderate,62.078025073533134,41.61397724247372,22.073746528477372,125.76574884448424,84.15177160201051,0,0,0,0
CDS 1 2022,Moderate,53.92645566787789,53.11012390355795,34.22778954776955,141.26436911920538,88.15424521564744,1,1,0,0
CDS 1 2023,Hard,59.18205755887972,52.767291850730274,15.791905967612783,127.74125537722277,74.9739635264925,1,1,0,0
CDS 1 2023,Hard,57.52568845996623,45.33037992748806,41.076256380751246,143.93232476820555,98.60194484071748,1,1,1,1
CDS 1 2023,Hard,66.01322957735762,56.15470907443298,33.732362491601016,155.90030114339163,99.74559206895864,1,1,1,1
CDS 1 2022,Moderate,65.22250636017779,75.26921664536258,34.02084753557096,174.51257054111133,99.24335389574875,1,1,1,0
CDS 2 2022,Easy,73.89037122279892,39.68434700153997,45.73744421004413,159.31216243438303,119.62781543284305,1,1,1,1
CDS 1 2022,Moderate,47.11692382536462,49.74625437321889,37.92715482141853,134.79033302000204,85.04407864678316,0,1,0,0
Standard Mock,Moderate,53.858774349916835,67.06352313652314,36.4098269961206,157.33212448256057,90.26860134603743,1,1,1,0
CDS 1 2023,Hard,61.954024745502984,38.661894074284675,20.871931921978096,121.48785074176575,82.82595666748108,1,1,0,0
CDS 2 2023,Moderate,51.950335191474394,43.03661201244429,31.12300083591439,126.10994803983309,83.07333602738879,0,1,0,0
CDS 1 2022,Moderate,55.22354417395995,46.468143821781716,22.44864628026605,124.1403342760077,77.672190454226,0,0,0,0
CDS 1 2023,Hard,49.3939236315269,64.63566429401996,6.564410479981856,120.59399840552872,55.95833411150876,1,1,0,0
CDS 2 2023,Moderate,70.88769654216672,48.22582859688718,31.23699275075004,150.35051788980394,102.12468929291677,1,1,1,1
Standard Mock,Moderate,48.28345652682438,70.76746433727735,51.95722877810866,171.00814964221038,100.24068530493304,1,1,1,1
CDS 1 2022,Moderate,61.56693728246525,50.10344134720709,45.235306441853446,156.90568507152577,106.80224372431869,1,1,1,1
CDS 2 2023,Moderate,46.63274561124069,49.583135601263486,30.881766310363428,127.09764752286762,77.51451192160413,0,1,0,0
CDS 1 2023,Hard,50.45452281256556,38.90320530989062,28.25077378051971,117.60850190297589,78.70529659308527,0,1,0,0
CDS 1 2022,Moderate,59.191215021345386,35.27273920324079,35.522584904974835,129.986539129561,94.71379992632022,0,1,0,0
CDS 2 2023,Moderate,52.82983850872064,59.7337865962344,22.154157343000307,134.71778244795536,74.98399585172095,1,1,0,0
CDS 2 2022,Easy,43.943530581596754,71.63619276715411,51.53590343316925,167.11562678192013,95.47943401476601,1,1,1,0
CDS 2 2022,Easy,61.97819413017378,50.66427325639251,13.968629121727012,126.61109650829331,75.9468232519008,0,0,0,0
Standard Mock,Moderate,59.35815838711181,41.81737927430109,24.894017800710866,126.06955546212376,84.25217618782267,0,1,0,0
CDS 2 2023,Moderate,75.30195198863352,36.9052306274628,41.64927162301741,153.85645423911373,116.95122361165093,1,1,1,1
CDS 2 2023,Moderate,44.02400830404568,45.438518647794744,31.72982682390229,121.1923537757427,75.75383512794797,0,1,0,0
CDS 2 2023,Moderate,64.96199187363317,54.137994904342335,29.646832874323408,148.7468196522989,94.60882474795658,1,1,1,0
CDS 2 2023,Moderate,79.35154040060229,47.422937912030726,43.15501022444263,169.92948853707566,122.50655062504492,1,1,1,1
CDS 2 2023,Moderate,58.16849528946705,62.16769094942573,31.43326865820129,151.76945489709408,89.60176394766835,1,1,1,0
CDS 2 2023,Moderate,53.72686554048697,48.614374822573026,35.45222708999982,137.7934674530598,89.17909263048679,1,1,0,0
CDS 1 2023,Hard,49.98215807188468,43.87569404341202,19.020275616927194,112.8781277322239,69.00243368881188,0,1,0,0
CDS 2 2022,Easy,64.38996028144616,48.59679632273,45.0024046943657,157.98916129854186,109.39236497581186,1,1,1,1
CDS 1 2022,Moderate,72.20821298813048,68.54448340821472,26.232262187881553,166.98495858422675,98.44047517601203,1,1,1,0
CDS 1 2022,Moderate,42.52363490171739,53.70516819031948,39.347700645568914,135.57650373760578,81.8713355472863,0,1,0,0
CDS 2 2022,Easy,57.04442932059118,70.35422403712191,44.24393937861012,171.6425927363232,101.2883686992013,1,1,1,0
CDS 2 2023,Moderate,37.831811606459354,18.08075015603907,40.02744807490814,95.94000983740656,77.85925968136749,0,0,0,0
CDS 1 2022,Moderate,50.34335196476792,41.01861559929535,51.29166364900945,142.6536312130727,101.63501561377737,1,1,0,0
Standard Mock,Moderate,48.261200355910276,72.81487605796262,33.020622710153184,154.0966991240261,81.28182306606345,1,1,1,0
CDS 1 2023,Hard,36.68317752793974,57.96918019815551,21.589520706885246,116.2418784329805,58.272698234824986,0,1,0,0
Standard Mock,Moderate,78.57702343537733,33.13136756968029,33.96568775709716,145.67407876215478,112.54271119247448,1,1,1,1
CDS 1 2023,Hard,75.95843501809159,48.1473638531468,42.75553913399357,166.86133800523197,118.71397415208517,1,1,1,1
CDS 1 2022,Moderate,51.8759765106258,46.07567902746203,34.50970659161963,132.46136212970745,86.38568310224542,0,1,0,0
CDS 1 2022,Moderate,63.30851304615578,58.55300449364884,49.51001438131336,171.371531921118,112.81852742746915,1,1,1,1
CDS 1 2022,Moderate,49.226239230152416,51.75758568015787,48.764964500195376,149.74878941050565,97.99120373034779,1,1,1,0
CDS 1 2023,Hard,61.87065795858916,26.661037005837386,41.732326874228825,130.26402183865537,103.60298483281798,1,1,0,1
CDS 1 2022,Moderate,59.64174421293537,29.18568689561453,29.68545448640785,118.51288559495777,89.32719869934323,0,0,0,0
CDS 1 2022,Moderate,63.467099776049196,25.919067065930967,60.11556551584424,149.5017323578244,123.58266529189343,1,1,1,1
CDS 1 2023,Hard,54.6771938895053,41.47693841987417,35.124343480598185,131.27847578997768,89.80153737010349,1,1,0,0
Standard Mock,Moderate,58.86871947484259,50.79344091528196,22.007836365541756,131.66999675566632,80.87655584038436,0,1,0,0
CDS 1 2023,Hard,47.43236022984074,54.33510664616477,12.480626360171573,114.24809323617708,59.91298659001231,0,1,0,0
CDS 2 2022,Easy,74.58385819842043,57.748896258468434,40.5166097685108,172.84936422539965,115.10046796693123,1,1,1,1
CDS 2 2022,Easy,75.74318012715561,65.84821065713578,42.24339656778083,183.83478735207223,117.98657669493645,1,1,1,1
CDS 2 2022,Easy,62.0251779912615,58.8494287111922,53.119837385739466,173.99444408819318,115.14501537700096,1,1,1,1
CDS 1 2022,Moderate,61.94051943605874,51.443470251620504,22.29938911287968,135.68337880055893,84.23990854893842,0,1,0,0
Standard Mock,Moderate,51.68045082505549,38.21549246020655,28.61717273471506,118.51311601997709,80.29762355977054,0,0,0,0
Standard Mock,Moderate,49.33765068100775,63.976068743860836,56.24771403016962,169.56143345503818,105.58536471117736,1,1,1,1
CDS 2 2023,Moderate,79.20367502144262,48.85504499893071,22.77104980444436,150.82976982481767,101.97472482588698,1,1,1,0
CDS 2 2023,Moderate,47.06492374795904,36.9824761990011,28.04305122802936,112.0904511749895,75.1079749759884,0,0,0,0
CDS 1 2022,Moderate,72.39584006441561,60.82055200432819,31.0377032189824,164.25409528772622,103.43354328339801,1,1,1,0
CDS 1 2023,Hard,61.04120889588518,22.246669322323314,48.42911001683831,131.7169882350468,109.47031891272349,1,1,0,1
CDS 2 2023,Moderate,72.59233239786799,36.31945394367558,46.464408704007276,155.37619504555084,119.05674110187528,1,1,1,1
CDS 2 2022,Easy,75.0713333647316,52.2702848805591,43.361449630262285,170.703067875553,118.43278299499389,1,1,1,1
CDS 1 2022,Moderate,51.760645130280004,72.59774514943112,27.80890548550814,152.16729576521925,79.56955061578815,1,1,1,0
CDS 1 2023,Hard,55.006828189574826,30.509207419989362,36.25704001225167,121.77307562181586,91.2638682018265,1,1,0,0
CDS 1 2022,Moderate,52.201470537783614,31.805085461381616,45.81984809249942,129.82640409166464,98.02131863028303,0,1,0,0
CDS 1 2023,Hard,50.847862320947286,41.33647122208063,30.272219288577855,122.45655283160578,81.12008160952514,1,1,0,0
Standard Mock,Moderate,58.20906714983844,56.31426906981374,38.958197810959234,153.4815340306114,97.16726496079767,1,1,1,0
CDS 2 2023,Moderate,67.3463754545933,44.590138824854435,25.141961913321733,137.07847619276947,92.48833736791504,1,1,0,0
CDS 2 2023,Moderate,71.94762861876937,31.525686582227234,43.94647187573872,147.41978707673533,115.8941004945081,1,1,1,1
CDS 2 2022,Easy,68.51479900352201,55.56321882472444,20.217747506251897,144.29576533449836,88.73254650977391,1,1,0,0
CDS 2 2022,Easy,83.97767016745976,44.988123454101014,30.521072827310135,159.4868664488709,114.4987429947699,1,1,1,1
CDS 1 2023,Hard,62.640297815728594,32.40693964137953,17.657587878322833,112.70482533543097,80.29788569405143,0,1,0,0
CDS 1 2023,Hard,60.96441137581753,37.16836015346834,24.925713218484773,123.05848474777065,85.8901245943023,1,1,0,0
Standard Mock,Moderate,67.44185710315034,51.20182075554482,39.21546083536561,157.85913869406076,106.65731793851594,1,1,1,1
CDS 1 2022,Moderate,56.60877720729961,46.51520783880292,38.700611152689554,141.82459619879208,95.30938835998916,1,1,0,0
CDS 1 2022,Moderate,64.57805609925785,45.80917230744551,30.03067974882022,140.41790815552358,94.60873584807807,1,1,0,0
Standard Mock,Moderate,50.10042207447986,38.26798963645386,34.64992389993764,123.01833561087136,84.7503459744175,0,0,0,0
CDS 2 2023,Moderate,48.85953549838007,50.552877310291926,37.586611478553884,136.9990242872259,86.44614697693396,1,1,0,0
CDS 1 2023,Hard,62.82873734948573,44.89663416204107,26.55099544339921,134.276366954926,89.37973279288494,1,1,0,0
CDS 1 2023,Hard,60.50797572273663,30.092155806374294,33.55819046265276,124.15832199176369,94.06616618538939,1,1,0,0
CDS 2 2022,Easy,66.49363482271188,55.0861416028953,43.641402960546614,165.2211793861538,110.1350377832585,1,1,1,1
CDS 2 2022,Easy,44.13522341628915,81.55037247276691,41.6048962397348,167.29049212879085,85.74011965602395,1,1,1,0
CDS 1 2023,Hard,51.39960731243017,44.48018271653678,24.17538321715743,120.05517324612438,75.57499052958761,1,1,0,0
CDS 1 2022,Moderate,63.123782104665715,32.90558212909335,46.92735165416414,142.9567158879232,110.05113375882985,1,1,0,1
CDS 2 2023,Moderate,67.31380252574992,46.294241556713445,40.904220612514635,154.512264694978,108.21802313826456,1,1,1,1
CDS 1 2022,Moderate,63.3868731792169,58.4677845603414,45.29457481598357,167.14923255554186,108.68144799520047,1,1,1,1
CDS 2 2023,Moderate,48.569806879262714,47.22373673960978,43.20158186755484,138.99512548642736,91.77138874681756,1,1,0,0
CDS 2 2022,Easy,65.72874098015515,53.197084134420884,40.73196991001694,159.65779502459299,106.4607108901721,1,1,1,0
CDS 1 2022,Moderate,71.91707497107065,34.565446459401976,34.16282040150788,140.64534183198052,106.07989537257853,1,1,0,1
Standard Mock,Moderate,56.06470144030271,62.750577411564606,36.78694716810475,155.60222601997208,92.85164860840746,1,1,1,0
CDS 1 2023,Hard,61.03094684948834,69.8222790001467,23.19571777002365,154.04894361965867,84.22666461951198,1,1,1,0
CDS 2 2022,Easy,67.6477531097798,53.17942679707325,52.753907379990146,173.58108728684317,120.40166048976994,1,1,1,1
CDS 2 2022,Easy,70.3335924470545,69.61833654105106,48.39468504518405,188.3466140332896,118.72827749223855,1,1,1,1
CDS 1 2022,Moderate,70.57368305378225,44.218959225670694,43.721970000729776,158.51461228018272,114.29565305451203,1,1,1,1
CDS 2 2022,Easy,59.28253958043938,66.19753686809284,43.326075103241976,168.8061515517742,102.60861468368137,1,1,1,0
CDS 2 2022,Easy,62.77279299223393,72.43140094583416,50.651719657143865,185.85591359521194,113.42451264937779,1,1,1,1
CDS 1 2022,Moderate,50.83679080926581,46.315499293135964,26.6307929620372,123.78308306443898,77.46758377130301,0,0,0,0
Standard Mock,Moderate,63.076126681891964,64.22643214640573,29.75432986232949,157.05688869062718,92.83045654422145,1,1,1,0
CDS 1 2022,Moderate,64.24066861518452,30.76908571357767,35.39447048240739,130.4042248111696,99.63513909759192,0,1,0,0
Standard Mock,Moderate,46.84184183572493,22.408852486141967,37.810092502818065,107.06078682468495,84.65193433854299,0,0,0,0
CDS 1 2022,Moderate,70.12637409644071,86.9171156351368,33.418461556276796,190.4619512878543,103.54483565271751,1,1,1,0
CDS 2 2023,Moderate,83.07916250616111,46.72395596962422,33.18550930752483,162.98862778331016,116.26467181368594,1,1,1,1
CDS 1 2022,Moderate,69.95581514002029,28.343651310767797,52.031726099180375,150.33119254996848,121.98754123920067,1,1,1,1
Standard Mock,Moderate,42.13624534645314,54.992850998086375,28.779651944456184,125.9087482889957,70.91589729090933,0,1,0,0
CDS 2 2022,Easy,69.96873590507597,40.6036296596163,50.6977145498385,161.27008011453077,120.66645045491447,1,1,1,1
CDS 1 2022,Moderate,36.83856137031123,38.061644724417185,43.58014195302145,118.48034804774989,80.41870332333269,0,0,0,0
CDS 1 2022,Moderate,39.81512135611362,57.518108258624125,36.450637459593814,133.78386707433157,76.26575881570744,0,1,0,0
CDS 2 2022,Easy,63.77942867878723,53.08765321424912,35.42151613817511,152.28859803121145,99.20094481696233,1,1,1,0
CDS 2 2022,Easy,61.29417237599217,46.42383187611482,26.51952888059833,134.23753313270532,87.81370125659049,0,1,0,0
CDS 1 2022,Moderate,65.21279905013814,50.016717671601846,38.216785413765,153.446302135505,103.42958446390315,1,1,1,0
CDS 2 2023,Moderate,50.04851518146621,21.875219442685744,33.184968378643326,105.10870300279528,83.23348356010953,0,0,0,0
CDS 2 2023,Moderate,61.784766638853895,30.310414415494733,49.288577078135674,141.3837581324843,111.07334371698957,1,1,0,1
CDS 2 2023,Moderate,54.14072326682245,63.0341116131298,38.2910677871013,155.46590266705354,92.43179105392375,1,1,1,0
CDS 2 2023,Moderate,55.51775383699851,24.372922291007,28.077496707341037,107.96817283534655,83.59525054433955,0,0,0,0
CDS 2 2023,Moderate,61.03438129308106,51.32830154357611,55.42076040143744,167.7834432380946,116.4551416945185,1,1,1,1
Standard Mock,Moderate,59.77721020816287,47.86689595261677,38.22082310766986,145.8649292684495,97.99803331583273,1,1,1,0
Standard Mock,Moderate,51.8698562773987,50.709138277341054,43.232799156777055,145.81179371151683,95.10265543417576,1,1,1,0
CDS 2 2023,Moderate,60.176132519336576,63.64209518321711,25.246339727217503,149.0645674297712,85.42247224655408,1,1,1,0
Standard Mock,Moderate,66.6470274533311,60.02189824418325,29.470791626326978,156.13971732384135,96.11781907965809,1,1,1,0
CDS 1 2023,Hard,50.02429161614793,30.883562590236554,23.743972059911705,104.65182626629618,73.76826367605963,0,0,0,0
CDS 2 2023,Moderate,42.28931446911909,26.026261459939796,39.71542380418206,108.03099973324095,82.00473827330114,0,0,0,0
CDS 1 2022,Moderate,47.71556168734237,46.96716368650928,14.244119909214668,108.92684528306631,61.95968159655704,0,0,0,0
CDS 2 2022,Easy,63.49679539728128,42.48906766395309,36.73303786813636,142.71890092937073,100.22983326541764,1,1,0,0
Standard Mock,Moderate,48.2776624656336,41.393376819498144,39.64369863546574,129.31473792059748,87.92136110109934,0,1,0,0
CDS 1 2023,Hard,58.16358321536145,42.172752913252985,22.91801051100622,123.25434663962065,81.08159372636767,1,1,0,0
CDS 1 2022,Moderate,73.03278037316063,43.05103418140224,40.861658003927836,156.9454725584907,113.89443837708848,1,1,1,1
CDS 2 2023,Moderate,62.571989703559275,48.09456221633674,32.59334825469787,143.2599001745939,95.16533795825714,1,1,1,0
CDS 1 2022,Moderate,56.743889478514966,50.5451202368901,33.356647941146086,140.64565765655115,90.10053741966105,1,1,0,0
CDS 1 2022,Moderate,50.06641300418049,31.337489354025468,24.841211730100216,106.24511408830617,74.9076247342807,0,0,0,0
CDS 2 2022,Easy,48.9972889549629,56.91355008164955,27.82717307779521,133.73801211440764,76.8244620327581,0,1,0,0
Standard Mock,Moderate,51.07212484508116,48.41656498503074,40.13614464231096,139.62483447242286,91.20826948739213,1,1,0,0
CDS 2 2022,Easy,45.31495786561946,64.72958374710052,46.549755842216896,156.59429745493688,91.86471370783636,1,1,1,0
CDS 2 2023,Moderate,50.06137325165147,37.72202115108961,39.20191542894992,126.98530983169101,89.26328868060139,0,1,0,0
CDS 1 2023,Hard,55.97670376748336,18.48272256958508,19.884012744360277,94.34343908142871,75.86071651184363,0,0,0,0
Standard Mock,Moderate,56.17182810387031,43.22784367662475,33.762710537251635,133.1623823177467,89.93453864112195,0,1,0,0
CDS 1 2023,Hard,43.1596944177744,43.23153703096881,26.800807502950903,113.19203895169412,69.9605019207253,0,1,0,0
CDS 1 2022,Moderate,59.55106969877463,39.9586175945492,36.82501030599214,136.33469759931597,96.37608000476678,1,1,0,0
CDS 1 2023,Hard,66.7171791471616,45.850723565040624,20.590613307561753,133.15851601976397,87.30779245472336,1,1,0,0
Standard Mock,Moderate,71.81891092959961,45.56970927522204,39.80908092748896,157.1977011323106,111.62799185708857,1,1,1,1
CDS 1 2023,Hard,49.71702953337021,22.924300896859926,38.28870120837005,110.93003163860018,88.00573074174025,0,0,0,0
CDS 2 2023,Moderate,50.29875739620356,62.85184509014398,31.024422345082787,144.17502483143033,81.32317974128635,1,1,1,0
CDS 2 2022,Easy,68.79767636040896,51.27630753538116,30.319542414897548,150.39352631068766,99.1172187753065,1,1,0,0
Standard Mock,Moderate,53.85676855903706,59.74667470268135,27.90211007766465,141.50555333938306,81.75887863670171,1,1,0,0
CDS 1 2023,Hard,41.282568707364945,49.93875628221547,42.87024684587499,134.0915718354554,84.15281555323993,1,1,0,0
Standard Mock,Moderate,70.90861670603698,46.20071137105069,30.370604879747418,147.47993295683509,101.2792215857844,1,1,1,1
CDS 2 2022,Easy,50.66848185475288,60.92385817171781,34.753375929331966,146.34571595580266,85.42185778408485,1,1,0,0
CDS 2 2023,Moderate,72.96063061781396,43.61392875617681,23.928431831975484,140.50299120596625,96.88906244978945,1,1,0,0
CDS 1 2023,Hard,53.48700779767478,47.096190901100805,18.83368638246012,119.4168850812357,72.3206941801349,0,1,0,0
CDS 2 2022,Easy,57.76009668257391,49.57660753705747,38.04609648822976,145.38280070786112,95.80619317080367,1,1,0,0
CDS 2 2023,Moderate,52.106614942803255,45.41268505718373,34.929550145194455,132.44885014518144,87.03616508799772,1,1,0,0
CDS 2 2022,Easy,61.281421177213346,58.83429604939546,32.71538378319657,152.83110100980537,93.99680496040992,1,1,1,0
CDS 2 2023,Moderate,76.53617268492285,59.95341857893355,36.39887232839127,172.88846359224766,112.93504501331412,1,1,1,1
CDS 1 2023,Hard,41.097780748465375,26.831580172347202,31.262091514350157,99.19145243516273,72.35987226281553,0,0,0,0
CDS 2 2023,Moderate,45.23075072468099,62.302792012962875,27.606285925409637,135.1398286630535,72.83703665009062,1,1,0,0
CDS 1 2023,Hard,64.50015828669646,21.60759328132083,31.9440377764352,118.05178934445249,96.44419606313166,0,1,0,0
Standard Mock,Moderate,58.03719348612063,50.10643475494317,38.01700008901736,146.16062833008115,96.05419357513799,1,1,1,0
CDS 2 2022,Easy,46.56206416519254,54.2310668302154,31.09682151980128,131.88995251520922,77.65888568499382,0,0,0,0
CDS 1 2023,Hard,60.3629090951719,38.0545122942417,12.430977431200429,110.84839882061402,72.79388652637233,0,0,0,0
CDS 2 2022,Easy,66.43048769878952,63.31429101084924,48.49611988516213,178.24089859480088,114.92660758395165,1,1,1,1
CDS 2 2022,Easy,70.82571318808806,32.10397435452031,32.00059493298066,134.93028247558902,102.82630812106872,0,1,0,0
CDS 1 2022,Moderate,56.06947242938599,64.72145433029317,45.0163182520856,165.80724501176476,101.0857906814716,1,1,1,0
CDS 1 2023,Hard,62.10549102297785,44.55567578063159,33.43472658241387,140.0958933860233,95.54021760539172,1,1,1,0
Standard Mock,Moderate,54.43881253239219,68.02883430991596,33.6993970644638,156.16704390677197,88.138209596856,1,1,1,0
Standard Mock,Moderate,50.574419942081235,44.1356621460953,51.14778790709852,145.85786999527505,101.72220784917975,1,1,1,1
CDS 2 2023,Moderate,73.25432109095078,55.03085041397579,20.931849905024617,149.2170214099512,94.1861709959754,1,1,1,0
CDS 2 2022,Easy,57.63229864052378,57.62240850893135,25.847328080758125,141.10203523021326,83.4796267212819,1,1,0,0
CDS 2 2023,Moderate,70.09471788595968,30.011808474499183,26.550585614065035,126.6571119745239,96.64530350002471,0,1,0,0
CDS 2 2023,Moderate,59.08155235665045,54.57983553065398,34.12564671222819,147.7870345995326,93.20719906887864,1,1,1,0
CDS 2 2022,Easy,74.49594571364489,77.26603977753115,39.40584818727506,191.1678336784511,113.90179390091996,1,1,1,1
Standard Mock,Moderate,62.24234744535292,28.661191690766067,31.535734939931004,122.43927407605,93.77808238528392,0,0,0,0
CDS 2 2022,Easy,62.37340479683832,66.52365755537764,36.63613054588864,165.5331928981046,99.00953534272696,1,1,1,0
CDS 2 2023,Moderate,64.62483624066854,50.06705263693245,23.206308783673826,137.89819766127482,87.83114502434236,1,1,0,0
CDS 1 2022,Moderate,66.71531171729053,58.65004760896871,50.280313593878326,175.64567292013757,116.99562531116885,1,1,1,1
CDS 2 2022,Easy,72.60846654311477,59.6597440650814,40.60085994615164,172.8690705543478,113.2093264892664,1,1,1,1
CDS 1 2023,Hard,67.49504900706158,35.80672807339653,19.337780820162802,122.63955790062091,86.83282982722439,1,1,0,0
CDS 2 2023,Moderate,52.27431251243759,62.76266610780945,38.79153118726124,153.82850980750828,91.06584369969883,1,1,1,0
CDS 1 2022,Moderate,54.03025713278926,43.05335105970636,11.09695632530562,108.18056451780123,65.12721345809487,0,0,0,0
Standard Mock,Moderate,69.13473732017407,53.13823497372691,40.376299029498796,162.64927132339977,109.51103634967286,1,1,1,1
CDS 1 2023,Hard,52.200066981255205,46.18353185949361,19.76775411024171,118.15135295099053,71.96782109149692,0,1,0,0
CDS 1 2023,Hard,46.65718189965375,46.84608650025419,47.47277386704365,140.9760422669516,94.1299557666974,1,1,1,0
CDS 1 2022,Moderate,54.19351697446049,46.88466952063694,28.886147526113717,129.96433402121116,83.07966450057421,0,1,0,0
CDS 2 2023,Moderate,57.6049807797825,50.23699403692856,46.16833775529955,154.0103125720106,103.77331853508204,1,1,1,1
CDS 2 2022,Easy,57.683682610914715,55.59169997824267,58.90440685155782,172.1797894407152,116.58808946247254,1,1,1,1
CDS 2 2023,Moderate,67.68839675968897,52.35738753293428,28.91773492555241,148.96351921817566,96.60613168524138,1,1,1,0
Standard Mock,Moderate,63.11109991143195,72.18330132552768,16.103507079038472,151.3979083159981,79.21460699047043,1,1,1,0
CDS 1 2023,Hard,67.90644460922547,26.772763114529734,26.8224374708321,121.50164519458731,94.72888208005757,1,1,0,0
CDS 2 2022,Easy,68.47561613803552,59.26802738275875,40.86697699414397,168.61062051493823,109.34259313217949,1,1,1,1
CDS 1 2022,Moderate,61.91577396194089,65.36766839270167,40.06240989305926,167.34585224770183,101.97818385500015,1,1,1,0
CDS 1 2022,Moderate,65.68103205128646,64.35075423254942,24.503445010900588,154.5352312947365,90.18447706218706,1,1,1,0
Standard Mock,Moderate,76.40614563488288,34.518071601124824,66.52056734512085,177.44478458112857,142.92671298000374,1,1,1,1
CDS 2 2022,Easy,67.42882013150275,61.637789876550514,19.17901296811013,148.2456229761634,86.60783309961288,1,1,0,0
CDS 1 2023,Hard,49.517997018332274,30.704620359777017,45.38756635859963,125.6101837367089,94.9055633769319,1,1,0,0
Standard Mock,Moderate,43.10816962032739,24.29414674539435,30.2873625929748,97.68967895869653,73.39553221330219,0,0,0,0
CDS 2 2023,Moderate,67.5109945450731,48.3414909741979,14.349169537436794,130.2016550567078,81.8601640825099,1,1,0,0
CDS 2 2022,Easy,44.22188180143803,74.72053786965441,36.79702195463358,155.73944162572602,81.01890375607161,1,1,1,0
CDS 1 2022,Moderate,63.60647891435795,47.625558132730994,26.36506395035066,137.5971009974396,89.97154286470861,1,1,0,0
CDS 2 2022,Easy,65.18016872044447,38.59769964063008,44.72630345843406,148.5041718195086,109.90647217887853,1,1,0,1
CDS 1 2023,Hard,60.92567273847331,32.441385371634276,8.364866947177799,101.7319250572854,69.29053968565111,0,0,0,0
CDS 2 2022,Easy,60.117261575484555,55.27157023212243,46.33326826071239,161.72210006831938,106.45052983619695,1,1,1,0
CDS 1 2023,Hard,40.944369461437134,42.384160114568886,22.120054993463878,105.4485845694699,63.064424454901015,0,0,0,0
CDS 2 2023,Moderate,59.20932658135444,42.22999452585625,29.208758903642536,130.64808001085322,88.41808548499698,1,1,0,0
CDS 1 2022,Moderate,66.96167997159289,46.94290507165112,29.823074271307853,143.72765931455186,96.78475424290073,1,1,0,0
CDS 1 2023,Hard,76.69936588080543,17.777887221104095,18.610538904928617,113.08779200683814,95.30990478573405,0,1,0,0
CDS 1 2022,Moderate,67.83589664798606,44.181149667088555,28.213569387058968,140.23061570213358,96.04946603504503,1,1,0,0
CDS 2 2023,Moderate,52.18843621868886,67.1824573451561,32.40199859232487,151.7728921561698,84.59043481101372,1,1,1,0
CDS 1 2023,Hard,63.021284586181196,23.005275330488253,36.89778809509582,122.92434801176526,99.91907268127702,1,1,0,1
CDS 2 2022,Easy,53.488462634471304,45.28743014700695,11.60921340514573,110.38510618662397,65.09767603961703,0,0,0,0
CDS 1 2022,Moderate,69.56703186385658,45.34184084457451,40.16946515748371,155.0783378659148,109.73649702134028,1,1,1,1
CDS 1 2023,Hard,54.77699716281947,42.45710658882141,24.488915659396756,121.72301941103763,79.26591282221622,1,1,0,0
CDS 2 2023,Moderate,67.65878279480614,51.59577225404818,18.84113212589527,138.0956871747496,86.49991492070141,1,1,0,0
CDS 1 2022,Moderate,69.32434870954667,56.408407345447,30.848997110366305,156.58175316536,100.17334581991298,1,1,1,0
Standard Mock,Moderate,88.14654444472552,52.719684600063886,33.95657207013108,174.82280111492048,122.1031165148566,1,1,1,1
CDS 1 2023,Hard,47.61942916338609,45.52325949978765,31.450009300816404,124.59269796399013,79.06943846420249,1,1,0,0
CDS 2 2022,Easy,66.94842340270138,57.47634125590541,29.80304680291143,154.22781146151823,96.7514702056128,1,1,1,0
CDS 1 2023,Hard,69.62195938717636,51.54384626886209,33.58908611611622,154.75489177215468,103.21104550329258,1,1,1,1
CDS 2 2022,Easy,62.629880299873726,58.35121405859831,47.4990023942371,168.48009675270913,110.12888269411083,1,1,1,1
CDS 2 2023,Moderate,50.49089270312768,36.099640038716274,38.18521004798875,124.77574278983269,88.67610275111642,0,1,0,0
CDS 1 2023,Hard,48.67119725115208,43.56693128056149,31.51462645833899,123.75275499005257,80.18582370949107,1,1,0,0
Standard Mock,Moderate,48.10767534922871,54.86407533960568,45.53985771182876,148.51160840066314,93.64753306105746,1,1,1,0
CDS 2 2022,Easy,57.95271564389116,53.26114505102282,24.624152035508246,135.83801273042224,82.57686767939941,0,1,0,0
CDS 1 2023,Hard,50.540562861388395,35.6426000661332,30.905123656424184,117.08828658394577,81.44568651781258,0,1,0,0
CDS 1 2023,Hard,34.9254313925499,36.33257066718024,26.893224493590733,98.15122655332087,61.81865588614063,0,0,0,0
CDS 1 2023,Hard,61.33661024774059,60.144096080470796,24.414402603111604,145.895108931323,85.75101285085219,1,1,1,0
CDS 2 2022,Easy,45.883594493482434,52.308172349462744,53.111674978026244,151.30344182097141,98.99526947150868,1,1,0,0
CDS 2 2022,Easy,73.59584872343557,68.67466643230563,40.79801484058733,183.06852999632852,114.3938635640229,1,1,1,1
CDS 2 2023,Moderate,56.12638035447189,65.04605144725275,24.013795748221877,145.18622754994652,80.14017610269377,1,1,1,0
Standard Mock,Moderate,58.86519354117859,62.81702296853754,37.21558473624211,158.89780124595825,96.0807782774207,1,1,1,0
CDS 2 2023,Moderate,49.68044757905565,40.92126292244531,40.95490897639257,131.55661947789355,90.63535655544823,1,1,0,0
Standard Mock,Moderate,58.67830644355628,29.997337662636767,35.72278965384289,124.39843376003594,94.40109609739918,0,0,0,0
CDS 1 2022,Moderate,52.211629571795655,58.63429426301755,48.51072892413139,159.3566527589446,100.72235849592704,1,1,1,0
CDS 2 2022,Easy,64.37360422672765,51.46908993236251,42.431234585128934,158.2739287442191,106.80483881185658,1,1,1,0
CDS 1 2022,Moderate,73.56583385827982,50.78210510561818,32.99647422205836,157.34441318595634,106.56230808033817,1,1,1,1
CDS 2 2022,Easy,76.46030144142065,73.70547021396273,32.226285151540935,182.3920568069243,108.68658659296159,1,1,1,1
Standard Mock,Moderate,44.69538590256623,43.527892992576305,51.296421311127986,139.51970020627053,95.99180721369422,1,1,0,0
CDS 1 2023,Hard,52.57301252174718,34.542463391467685,14.879918630536457,101.99539454375133,67.45293115228364,0,0,0,0
CDS 1 2022,Moderate,49.60193468973116,46.35226841053345,28.923536546265275,124.87773964652988,78.52547123599643,0,0,0,0
CDS 2 2022,Easy,74.57791614472906,58.69211984081337,42.076033514006255,175.3460694995487,116.65394965873531,1,1,1,1
CDS 2 2023,Moderate,49.044806111544375,69.58470022021575,26.1924591039727,144.8219654357328,75.23726521551707,1,1,1,0
CDS 1 2022,Moderate,52.647989652367535,45.0832656134296,51.56208252057296,149.2933377863701,104.2100721729405,1,1,1,0
CDS 2 2022,Easy,65.02287936143505,70.26270906326388,50.703651602299296,185.98924002699823,115.72653096373435,1,1,1,1
CDS 2 2022,Easy,63.89187439720912,54.328954617733444,36.11756946478461,154.33839847972718,100.00944386199373,1,1,1,0
CDS 1 2023,Hard,58.379575282321184,40.05075830792982,37.130429494958044,135.56076308520903,95.51000477727922,1,1,1,0
CDS 1 2023,Hard,61.188862980231534,44.575715347177415,43.10687785816753,148.87145618557648,104.29574083839907,1,1,1,1
CDS 1 2023,Hard,58.11652856004778,8.431238358051239,17.848713399279458,84.39648031737849,75.96524195932724,0,0,0,0
CDS 1 2022,Moderate,63.88375729230168,41.8226079010231,34.05175768719128,139.75812288051605,97.93551497949295,1,1,0,0
CDS 1 2023,Hard,57.435302041863444,53.53336300760678,29.516770166424735,140.48543521589494,86.95207220828817,1,1,1,0
Standard Mock,Moderate,60.86110868258978,59.881994867511466,27.530767149298324,148.27387069939957,88.3918758318881,1,1,1,0
CDS 1 2022,Moderate,57.82868925053798,42.271071525686395,40.265366836723075,140.36512761294745,98.09405608726105,1,1,0,0
CDS 1 2023,Hard,48.50173114502564,40.15394372252422,30.67334584148557,119.32902070903543,79.17507698651121,0,1,0,0
CDS 1 2023,Hard,59.79827035366833,17.963682594755234,27.85083397352206,105.61278692194563,87.64910432719039,0,0,0,0
Standard Mock,Moderate,55.672261164116115,44.43148704908272,42.93818467143816,143.041932884637,98.61044583555427,1,1,0,0
CDS 2 2022,Easy,62.53616597485452,46.45632127289293,49.863765059059375,158.85625230680682,112.3999310339139,1,1,1,1
CDS 2 2023,Moderate,44.57196781757101,42.18991258501516,33.393688804745054,120.15556920733121,77.96565662231606,0,1,0,0
CDS 1 2022,Moderate,50.33753680246746,53.898067766961404,33.24621544101309,137.48182001044194,83.58375224348055,1,1,0,0
CDS 2 2023,Moderate,59.907114384321844,69.76089238218508,38.06981072686238,167.73781749336928,97.97692511118422,1,1,1,0
CDS 2 2022,Easy,61.57121138442436,48.88943964881039,42.78348634644669,153.24413737968143,104.35469773087105,1,1,1,0
CDS 1 2023,Hard,46.53640280113027,34.25489714173974,25.32073877265784,106.11203871552786,71.85714157378811,0,0,0,0
CDS 2 2022,Easy,68.59475797547125,46.40747876468991,63.490757867007574,178.49299460716873,132.08551584247883,1,1,1,1
CDS 1 2023,Hard,50.83374694384538,44.749586184516964,29.495015895110015,125.07834902347236,80.32876283895538,1,1,0,0
Standard Mock,Moderate,62.63550811954785,18.8832951535775,47.84095793948117,129.35976121260651,110.47646605902902,0,1,0,1
CDS 2 2023,Moderate,36.13070129804328,61.1676022505245,30.04121827989851,127.3395218284663,66.1719195779418,0,1,0,0
CDS 1 2022,Moderate,44.34351968394404,54.8541528746305,4.923676603062429,104.12134916163697,49.26719628700647,0,0,0,0
CDS 2 2022,Easy,67.43657223702715,43.17352479134884,29.0979159320057,139.7080129603817,96.53448816903285,0,1,0,0
CDS 2 2022,Easy,55.30256280365326,47.484216685803915,41.1053531747394,143.89213266419657,96.40791597839265,1,1,0,0
Standard Mock,Moderate,64.9406391897552,37.71777761846641,6.4537333709560905,109.11215017917769,71.39437256071129,0,0,0,0
CDS 1 2022,Moderate,48.7394603908895,41.54342689811834,32.43659321627508,122.71948050528292,81.17605360716458,0,0,0,0
CDS 2 2023,Moderate,67.97843779895767,48.545897715969026,16.406632283399425,132.93096779832612,84.38507008235709,1,1,0,0
CDS 1 2023,Hard,60.583364232117056,34.2188083468783,44.85317949249564,139.655352071491,105.4365437246127,1,1,1,1
CDS 2 2023,Moderate,63.24458604352517,19.296525548243714,16.96137207437635,99.50248366614522,80.20595811790152,0,0,0,0
CDS 2 2023,Moderate,68.447743757817,62.142152277581076,34.9443970635193,165.53429309891737,103.39214082133628,1,1,1,1
Standard Mock,Moderate,46.26597111030251,70.42581408652623,40.199021395287524,156.89080659211626,86.46499250559003,1,1,1,0
CDS 2 2023,Moderate,64.19705608357266,48.1026729698922,37.76581505591049,150.06554410937537,101.96287113948316,1,1,1,0
CDS 2 2022,Easy,49.291185428740874,47.66970832233921,53.55572935710348,150.51662310818355,102.84691478584435,1,1,0,0
Standard Mock,Moderate,65.04483256383017,33.84648402590663,19.369656934287462,118.26097352402427,84.41448949811763,0,0,0,0
CDS 1 2023,Hard,69.35087399222235,57.43930571251053,27.221581688337256,154.01176139307012,96.5724556805596,1,1,1,0
CDS 2 2023,Moderate,59.21769340941482,58.704811196780646,16.581022270421425,134.5035268766169,75.79871567983625,1,1,0,0
CDS 2 2022,Easy,59.10107682244392,55.30253041048098,46.98688813517043,161.39049536809534,106.08796495761436,1,1,1,0
CDS 1 2022,Moderate,44.568817720571296,74.35467770583358,36.64294765370569,155.56644308011056,81.21176537427698,1,1,1,0
CDS 1 2023,Hard,59.92986458514459,52.90412082348277,29.539857975956295,142.37384338458367,89.4697225611009,1,1,1,0
CDS 1 2022,Moderate,62.106684652031106,34.900497934090765,37.09534230262794,134.10252488874983,99.20202695465905,0,1,0,0
Standard Mock,Moderate,62.33848025789598,37.967254174799706,45.35443416416945,145.66016859686513,107.69291442206543,1,1,1,1
CDS 1 2022,Moderate,74.24495821246947,37.34676586153751,34.08293975854874,145.67466383255572,108.32789797101822,1,1,0,1
CDS 2 2022,Easy,74.97632076920245,64.11417864983329,37.132057642617305,176.22255706165305,112.10837841181976,1,1,1,1
CDS 1 2023,Hard,52.08241367741463,45.9227224520115,29.52139085176077,127.52652698118689,81.60380452917539,1,1,0,0
CDS 1 2022,Moderate,62.90897057590006,34.5450751188673,15.044682195482615,112.49872789024998,77.95365277138268,0,0,0,0
CDS 1 2023,Hard,64.29409984790816,33.71522436674294,28.942907288787623,126.95223150343872,93.23700713669578,1,1,0,0
CDS 2 2023,Moderate,46.41425984742526,23.73841632045663,24.202636787241516,94.3553129551234,70.61689663466677,0,0,0,0
CDS 2 2022,Easy,63.987192812984674,43.40094530817622,34.01562419418953,141.40376231535043,98.0028170071742,1,1,0,0
CDS 2 2022,Easy,64.31876574832047,80.11837518651933,43.63970630852738,188.07684724336718,107.95847205684785,1,1,1,1
CDS 1 2022,Moderate,44.88116580436787,59.67721873218086,46.59381043300522,151.15219496955393,91.47497623737308,1,1,1,0
CDS 1 2023,Hard,47.20907260623299,34.50840100794862,31.625887636688248,113.34336125086986,78.83496024292124,0,1,0,0
CDS 2 2022,Easy,66.85688580418739,62.26727479157576,55.09131013404551,184.21547072980866,121.94819593823289,1,1,1,1
Standard Mock,Moderate,65.08608373233442,30.191320020907977,30.696906800453576,125.97431055369597,95.78299053278799,0,1,0,0
CDS 1 2023,Hard,52.91531789459592,21.67398572092423,39.65286523891132,114.24216885443147,92.56818313350723,0,1,0,0
CDS 2 2023,Moderate,49.44910631823305,36.18414258183285,36.26267736234068,121.89592626240659,85.71178368057373,0,1,0,0
CDS 1 2022,Moderate,52.07476552884788,31.612591149718206,30.764014182718228,114.45137086128432,82.8387797115661,0,0,0,0
CDS 2 2022,Easy,55.25878153783631,39.31156261322843,47.03427916787309,141.60462331893783,102.2930607057094,1,1,0,0
CDS 2 2022,Easy,49.021278655051624,63.78346603011815,33.69975020466106,146.50449488983082,82.72102885971267,1,1,0,0
CDS 1 2022,Moderate,58.0307819200311,48.53230557018728,30.354189218843818,136.9172767090622,88.38497113887492,1,1,0,0
CDS 1 2023,Hard,37.54292567140348,44.60122037684373,33.95764523020026,116.10179127844746,71.50057090160374,0,1,0,0
CDS 2 2023,Moderate,55.90691525904279,34.47004681256354,45.05924511796417,135.4362071895705,100.96616037700696,1,1,0,0
CDS 1 2022,Moderate,71.2790899325357,43.96136892146192,36.54493665595251,151.78539550995012,107.82402658848821,1,1,1,1
CDS 1 2023,Hard,54.80126364631688,54.6433947570126,29.141881873512467,138.58654027684196,83.94314551982936,1,1,1,0
CDS 1 2022,Moderate,49.23320872528986,60.435634704869756,27.374807608534017,137.04365103869364,76.60801633382388,1,1,0,0
Standard Mock,Moderate,54.04465064816141,68.39323179610452,44.00533077331592,166.44321321758184,98.04998142147733,1,1,1,0
CDS 1 2023,Hard,50.98204973058366,26.1556926239217,35.450898612602444,112.58864096710779,86.4329483431861,0,1,0,0
CDS 2 2023,Moderate,67.54733298067809,53.676459385922584,36.99423985986767,158.21803222646835,104.54157284054577,1,1,1,1
CDS 2 2023,Moderate,53.54427927964605,54.039024776994054,18.389165844328275,125.97246990096838,71.93344512397432,0,1,0,0
Standard Mock,Moderate,39.365968475205456,59.294182397039634,31.826495077574652,130.48664594981975,71.19246355278011,0,1,0,0
CDS 1 2023,Hard,56.91897735873036,52.30130983098128,45.5867411583185,154.80702834803014,102.50571851704886,1,1,1,1
CDS 2 2023,Moderate,53.46101611674423,47.43155156946677,35.27313379851439,136.1657014847254,88.73414991525863,1,1,0,0
Standard Mock,Moderate,44.17823236653873,41.27086911624168,25.59601083515647,111.04511231793688,69.7742432016952,0,0,0,0
CDS 1 2022,Moderate,39.637794971440634,45.01113786416351,35.47493468251643,120.12386751812056,75.11272965395706,0,0,0,0
CDS 1 2022,Moderate,43.27106098688426,56.59047293629151,39.04212865277332,138.90366257594908,82.31318963965758,1,1,0,0
CDS 1 2022,Moderate,62.27034478864889,55.09730582102226,31.759318247910297,149.12696885758146,94.02966303655919,1,1,1,0
CDS 1 2022,Moderate,66.80220360476692,38.10465299478287,38.074035697196884,142.98089229674667,104.8762393019638,1,1,0,0
CDS 1 2022,Moderate,62.76600765511181,40.84045129665924,46.95480650825479,150.56126546002582,109.7208141633666,1,1,1,1
CDS 1 2023,Hard,75.97939339132431,40.38888416008164,25.794952528116923,142.16323007952286,101.77434591944123,1,1,1,1
CDS 1 2022,Moderate,53.275144039936634,27.093339688376698,37.23270835920261,117.60119208751594,90.50785239913924,0,0,0,0
CDS 1 2022,Moderate,54.53958201183279,49.62406017470749,24.07878799651433,128.2424301830546,78.61837000834711,0,1,0,0
CDS 2 2022,Easy,74.94447375508908,26.540087669693293,46.46006187114551,147.9446232959279,121.40453562623459,1,1,0,1
Standard Mock,Moderate,80.4206965292788,38.682010314083996,37.95279940620868,157.05550624957147,118.37349593548748,1,1,1,1
CDS 2 2023,Moderate,61.57127918990941,39.99781539658124,36.761898225026926,138.33099281151758,98.33317741493633,1,1,0,0
CDS 1 2022,Moderate,61.97916667342076,43.147656087719724,28.925277123796928,134.0520998849374,90.90444379721768,0,1,0,0
CDS 2 2023,Moderate,53.13720864244915,49.75003764258461,20.673287102603474,123.56053338763724,73.81049574505263,0,1,0,0
Standard Mock,Moderate,65.85299436516338,57.83910303162281,40.14883596076372,163.84093335754991,106.0018303259271,1,1,1,1
CDS 2 2022,Easy,68.24340210014869,65.07596637317427,34.67274501783096,167.99211349115393,102.91614711797965,1,1,1,0
Standard Mock,Moderate,46.42482460158065,36.42959914292106,25.993286174875198,108.84770991937691,72.41811077645585,0,0,0,0
CDS 1 2023,Hard,65.80056059139311,45.84766284453994,37.542308113120605,149.19053154905365,103.3428687045137,1,1,1,1
CDS 2 2022,Easy,75.71929865211797,59.183141438331766,31.207172175880117,166.10961226632986,106.92647082799809,1,1,1,0
Standard Mock,Moderate,58.74825571616836,46.61730920937363,43.46882103884914,148.83438596439112,102.2170767550175,1,1,1,1
CDS 1 2023,Hard,51.15057111589919,50.514030006294796,34.32726814848792,135.99186927068192,85.47783926438711,1,1,1,0
CDS 1 2023,Hard,48.31654805153198,27.298712396300168,29.51139462918099,105.12665507701314,77.82794268071297,0,0,0,0
CDS 1 2022,Moderate,35.019389825070604,55.30686427505558,37.00459631413729,127.33085041426347,72.02398613920789,0,0,0,0
CDS 2 2022,Easy,67.62066809086726,50.7898068390823,20.50438282245633,138.91485775240588,88.12505091332358,0,1,0,0
Standard Mock,Moderate,37.81652239948919,34.96734501458297,48.69701107654185,121.480878490614,86.51353347603103,0,0,0,0
CDS 1 2022,Moderate,72.55403609459896,37.192915769567264,44.45869643684146,154.20564830100767,117.0127325314404,1,1,1,1
Standard Mock,Moderate,48.672150487322554,37.868111553803146,38.50370216386338,125.04396420498908,87.17585265118593,0,1,0,0
CDS 2 2022,Easy,66.02484642158207,33.6260990264124,35.17172409193082,134.82266953992527,101.19657051351288,0,1,0,0
Standard Mock,Moderate,37.695319808755414,41.26130704403249,37.26684248494597,116.22346933773387,74.96216229370138,0,0,0,0
CDS 2 2023,Moderate,54.469101830858676,62.08130731958934,41.95863839093785,158.50904754138588,96.42774022179653,1,1,1,0
CDS 1 2022,Moderate,57.27455278638191,54.00171639736661,31.594012930901386,142.8702821146499,88.8685657172833,1,1,0,0
Standard Mock,Moderate,46.43064430300424,54.622631661865846,37.23153054747697,138.28480651234707,83.66217485048122,1,1,0,0
CDS 2 2023,Moderate,66.80230208417629,38.86373676229271,15.63247297497535,121.29851182144435,82.43477505915163,0,1,0,0
Standard Mock,Moderate,51.217367471765336,53.768934957215805,35.99886954409213,140.98517197307328,87.21623701585747,1,1,0,0
CDS 2 2022,Easy,79.96710407445981,49.029130020289436,35.05034519631927,164.04657929106853,115.01744927077908,1,1,1,1
CDS 2 2022,Easy,76.49672018878746,70.21181813425568,42.96576938530305,189.6743077083462,119.46248957409051,1,1,1,1
CDS 2 2022,Easy,67.88728003009837,39.00245974266632,28.42883381286729,135.31857358563195,96.31611384296565,0,1,0,0
CDS 2 2022,Easy,49.48487750941071,69.2631618770441,46.620518347584735,165.36855773403954,96.10539585699544,1,1,1,0
CDS 2 2022,Easy,83.4936214138638,68.95406293041984,48.431053323232405,200.87873766751605,131.9246747370962,1,1,1,1
CDS 2 2022,Easy,59.19983667346315,65.20095198901063,28.435841832561433,152.83663049503522,87.63567850602459,1,1,1,0
CDS 2 2022,Easy,69.176807522394,59.64845776759588,41.07444374340893,169.8997090333988,110.25125126580292,1,1,1,1
Standard Mock,Moderate,63.23185482458206,63.53982701780347,47.83816859853562,174.60985044092115,111.07002342311768,1,1,1,1
CDS 1 2023,Hard,60.44220352340347,46.16875062909731,36.76642298050343,143.37737713300422,97.2086265039069,1,1,1,0
CDS 2 2022,Easy,60.38830267965381,38.26605917368886,47.5656467491314,146.22000860247408,107.95394942878522,1,1,0,1
CDS 1 2022,Moderate,70.53891552295883,51.42963944153679,23.05477060233965,145.0233255668353,93.59368612529849,1,1,0,0
Standard Mock,Moderate,51.54846041573841,47.592897288865096,40.533889830744265,139.67524753534778,92.08235024648268,1,1,0,0
CDS 2 2023,Moderate,44.05244041836667,41.06495067800747,39.20699631018479,124.32438740655894,83.25943672855146,0,1,0,0
Standard Mock,Moderate,68.81146720813369,52.74505182465646,35.01325688734407,156.56977592013422,103.82472409547776,1,1,1,1
CDS 2 2023,Moderate,50.42431044984788,42.496336366786984,29.106677685726382,122.02732450236124,79.53098813557426,0,1,0,0
Standard Mock,Moderate,68.56702480242555,38.337938979085486,51.77377087805489,158.67873465956592,120.34079568048044,1,1,1,1
CDS 2 2023,Moderate,70.7684814465768,33.66972718689253,13.30322582274298,117.7414344562123,84.07170726931977,0,0,0,0
CDS 1 2023,Hard,45.41221543813225,20.99693932254904,19.17993048447422,85.58908524515552,64.59214592260648,0,0,0,0
CDS 1 2023,Hard,59.129989121377974,44.55286477126132,28.28745841817711,131.9703123108164,87.41744753955508,1,1,0,0
CDS 1 2022,Moderate,66.90472686121512,55.89315811380448,37.65616993172534,160.45405490674494,104.56089679294047,1,1,1,0
Standard Mock,Moderate,59.30467713757731,60.69377016984956,23.130066116942555,143.12851342436943,82.43474325451986,1,1,0,0
CDS 2 2023,Moderate,54.10887867218873,45.86498549034722,25.64403701237574,125.6179011749117,79.75291568456447,0,1,0,0
CDS 2 2023,Moderate,50.87189080703487,52.1286470587616,30.825696180105677,133.82623404590214,81.69758698714055,1,1,0,0
CDS 2 2022,Easy,68.48341739246126,49.147535524615066,31.021699335743705,148.65265225282002,99.50511672820497,1,1,0,0
CDS 2 2023,Moderate,70.74333004770244,72.9007804721825,39.96400117733941,183.60811169722436,110.70733122504186,1,1,1,1
Standard Mock,Moderate,71.80128173741528,31.345577394530377,46.44293068559939,149.58978981754504,118.24421242301467,1,1,1,1
CDS 1 2023,Hard,62.63860351633423,33.38821835754101,29.575145586424714,125.60196746029995,92.21374910275894,1,1,0,0
CDS 1 2022,Moderate,61.680153405325285,54.00997909205054,44.45211534611484,160.14224784349068,106.13226875144012,1,1,1,1
CDS 1 2022,Moderate,51.2152619865794,40.34894949508843,42.424589135926205,133.98880061759405,93.6398511225056,0,1,0,0
CDS 2 2022,Easy,67.16683118964286,52.37360497917249,36.96649932522866,156.506935494044,104.13333051487152,1,1,1,0
CDS 1 2022,Moderate,67.6624297504051,71.3423408913232,24.59806280184102,163.60283344356932,92.26049255224612,1,1,1,0
Standard Mock,Moderate,41.78913930705504,52.44254267930089,29.02332316745143,123.25500515380736,70.81246247450648,0,0,0,0
CDS 1 2023,Hard,60.8431416643531,39.31131156398149,29.196194235426358,129.35064746376094,90.03933589977946,1,1,0,0
CDS 2 2023,Moderate,64.10550085327617,64.71817509521887,32.6893052254232,161.51298117391823,96.79480607869937,1,1,1,0
Standard Mock,Moderate,68.39349114231602,36.406119319554996,43.728243510056345,148.52785397192736,112.12173465237237,1,1,1,1
CDS 1 2023,Hard,54.206115755942974,27.93278349172641,27.59627241023437,109.73517165790375,81.80238816617734,0,0,0,0
CDS 2 2023,Moderate,63.60164183945767,55.86484595820284,29.623542422201837,149.09003021986234,93.2251842616595,1,1,1,0
CDS 2 2023,Moderate,49.29808437105668,37.24400809689526,52.19040612841821,138.73249859637014,101.48849049947489,1,1,0,0
CDS 2 2022,Easy,67.19302337200436,48.152314837598645,47.918593103880674,163.26393131348368,115.11161647588503,1,1,1,1
Standard Mock,Moderate,68.52468643432951,65.42541239019073,22.708164021995838,156.6582628465161,91.23285045632535,1,1,1,0
CDS 2 2022,Easy,65.14149264965758,51.40981873087079,34.0358859203112,150.58719730083956,99.17737856996878,1,1,0,0
Standard Mock,Moderate,68.08919269392719,39.00770772692667,29.155447081495616,136.25234750234947,97.2446397754228,1,1,0,0
CDS 1 2023,Hard,52.78463402416262,61.846526895301785,20.584303097840255,135.21546401730467,73.36893712200288,1,1,1,0
CDS 2 2022,Easy,59.336054087852766,57.51364100377327,48.31616786180403,165.16586295343006,107.65222194965679,1,1,1,1
CDS 1 2023,Hard,45.15465949518032,49.408033351728974,29.952362326298164,124.51505517320746,75.10702182147848,1,1,0,0
CDS 1 2023,Hard,53.11738664913693,52.25818471338236,39.54490356680822,144.9204749293275,92.66229021594515,1,1,1,0
Standard Mock,Moderate,69.1891485465833,35.041890626622155,30.40343227727003,134.63447145047547,99.59258082385333,0,1,0,0
Standard Mock,Moderate,53.864123946372054,54.54944056238827,36.962409406667206,145.37597391542752,90.82653335303925,1,1,1,0
Standard Mock,Moderate,38.28428595239552,49.897070703878214,34.9188679838825,123.10022464015624,73.20315393627803,0,0,0,0
CDS 1 2023,Hard,52.224557436844485,45.06136089101045,40.330190712127035,137.61610903998198,92.55474814897153,1,1,1,0
Standard Mock,Moderate,73.10191908080897,59.2497299100831,32.84039479649768,165.19204378738974,105.94231387730665,1,1,1,1
CDS 1 2023,Hard,71.35066394527519,26.894300878855205,40.49354759418129,138.73851241831167,111.84421153945647,1,1,1,1
CDS 1 2023,Hard,52.46323922457619,45.87105442091593,27.23868235640163,125.57297600189375,79.70192158097782,1,1,0,0
CDS 1 2022,Moderate,66.86353555014533,48.81406216700325,26.61107325974264,142.2886709768912,93.47460880988797,1,1,0,0
CDS 1 2023,Hard,34.800726678438636,33.85150911187968,41.53556004641512,110.18779583673343,76.33628672485375,0,0,0,0
CDS 1 2023,Hard,55.55863939844497,53.752330900160985,27.52280228809551,136.83377258670146,83.08144168654047,1,1,1,0
Standard Mock,Moderate,31.62493558602621,46.73017491002763,34.83389657674091,113.18900707279475,66.45883216276712,0,0,0,0
Standard Mock,Moderate,55.46363612408317,37.35204649373075,52.262265456356324,145.07794807417025,107.7259015804395,1,1,1,1
Standard Mock,Moderate,67.71796177235662,63.13823103042619,38.56252788706084,169.41872068984364,106.28048965941746,1,1,1,1
Standard Mock,Moderate,53.32810915222495,61.152838889728784,27.67031100876241,142.15125905071613,80.99842016098737,1,1,0,0
Standard Mock,Moderate,64.2532130833011,41.52833982644076,19.550626533232414,125.33217944297428,83.80383961653352,0,1,0,0
CDS 1 2022,Moderate,63.86382653848061,39.84923216168454,43.37764221546589,147.09070091563103,107.24146875394649,1,1,1,1
CDS 2 2023,Moderate,30.85744010183059,33.35615172067229,40.23223185737033,104.44582367987321,71.08967195920093,0,0,0,0
CDS 2 2023,Moderate,39.82661201877589,57.7677703223729,6.676740750158594,104.27112309130737,46.503352768934484,0,0,0,0
CDS 2 2022,Easy,66.28617450404967,71.66829235555315,37.74343619287748,175.69790305248029,104.02961069692715,1,1,1,0
CDS 1 2022,Moderate,66.37324683023073,31.28717433399604,51.16300042721917,148.82342159144594,117.5362472574499,1,1,1,1
CDS 1 2022,Moderate,59.65449376046036,45.24741201773439,18.832866250519857,123.7347720287146,78.48736001098021,0,0,0,0
CDS 1 2022,Moderate,57.513841462333225,48.54676657370278,41.26613637263071,147.32674440866674,98.77997783496394,1,1,1,0
Standard Mock,Moderate,66.23407138279916,73.8591441285977,42.03440133138894,182.1276168427858,108.2684727141881,1,1,1,1
CDS 2 2023,Moderate,56.847033447138756,50.953003383796904,25.58977299333621,133.38980982427188,82.43680644047497,1,1,0,0
CDS 2 2023,Moderate,51.97719972860457,44.60138353265721,49.81960768436536,146.39819094562714,101.79680741296993,1,1,1,0
CDS 1 2023,Hard,49.3442363212601,48.62100908165969,26.229474230791055,124.19471963371085,75.57371055205115,1,1,0,0
CDS 1 2022,Moderate,58.422530167685146,67.98422301148237,28.58333179869618,154.99008497786372,87.00586196638133,1,1,1,0
CDS 1 2022,Moderate,51.4383015933825,55.82767381932277,35.35566074032994,142.6216361530352,86.79396233371244,1,1,0,0
CDS 2 2023,Moderate,43.686648895829265,35.33870789423461,39.80260501405925,118.82796180412313,83.48925390988852,0,0,0,0
Standard Mock,Moderate,68.22782780834002,56.313228382186324,25.373489880810236,149.9145460713366,93.60131768915026,1,1,1,0
Standard Mock,Moderate,71.05833066294713,51.01579977885723,43.61436525632805,165.6884956981324,114.67269591927518,1,1,1,1
CDS 1 2022,Moderate,57.686990570703,65.65241628980525,29.23580423665156,152.5752110971598,86.92279480735456,1,1,1,0
CDS 1 2022,Moderate,53.00504779832357,55.98442722039396,24.62933926430004,133.61881428301757,77.6343870626236,0,1,0,0
CDS 2 2022,Easy,57.03863196813505,37.67674885396282,30.499365025338726,125.21474584743659,87.53799699347377,0,0,0,0
Standard Mock,Moderate,55.170901605394825,50.917100731928386,34.17284976103507,140.26085209835827,89.3437513664299,1,1,0,0
Standard Mock,Moderate,69.51306244299484,45.70953336536184,40.268979236657934,155.4915750450146,109.78204167965276,1,1,1,1
CDS 2 2023,Moderate,58.0180432362028,63.270841955142835,40.10157468915183,161.39045988049747,98.11961792535463,1,1,1,0
CDS 2 2023,Moderate,61.263141994832004,36.08560798697346,30.30869145789591,127.65744143970137,91.57183345272792,0,1,0,0
CDS 1 2022,Moderate,45.547947355877746,54.935742283674685,41.662696720435235,142.14638635998767,87.21064407631297,1,1,0,0
CDS 1 2022,Moderate,65.77363525106662,64.88321695070101,33.71340553647944,164.37025773824706,99.48704078754606,1,1,1,0
CDS 1 2022,Moderate,55.15881505415182,47.535085260125484,44.55269237207206,147.24659268634935,99.71150742622387,1,1,1,0
CDS 1 2022,Moderate,53.91649235320662,52.915633424207925,40.925303073177616,147.75742885059216,94.84179542638424,1,1,1,0
CDS 2 2022,Easy,68.56972759266927,54.54528301939803,40.81278422056199,163.92779483262927,109.38251181323125,1,1,1,1
CDS 1 2023,Hard,78.88371992870438,48.673922739826146,39.47405316156939,167.03169583009992,118.35777309027377,1,1,1,1
Standard Mock,Moderate,61.11799158203388,54.21593731669742,45.07157200596669,160.405500904698,106.18956358800057,1,1,1,1
Standard Mock,Moderate,60.26204752774036,47.02899194804774,31.96435674734085,139.25539622312894,92.22640427508121,1,1,0,0
CDS 2 2023,Moderate,28.295742641219444,42.138287038675685,37.10600839297642,107.54003807287155,65.40175103419587,0,0,0,0
CDS 2 2023,Moderate,75.92669998282884,33.73243896558046,35.19344070811754,144.85257965652684,111.12014069094639,1,1,1,1
Standard Mock,Moderate,59.501198458718825,53.6808889885496,24.538789149374956,137.7208765966434,84.03998760809378,1,1,0,0
CDS 1 2022,Moderate,62.909473643394854,38.509418499665216,44.57839631108268,145.99728845414273,107.48786995447753,1,1,0,1
CDS 2 2023,Moderate,60.34008096228147,56.41793738309657,21.349782045733647,138.1078003911117,81.68986300801512,1,1,0,0
CDS 1 2023,Hard,60.18871180440122,40.019428376283294,33.966440168220565,134.17458034890507,94.15515197262178,1,1,0,0
CDS 2 2022,Easy,69.14772890788791,51.57886891549583,56.043391083085965,176.7699889064697,125.19111999097387,1,1,1,1
CDS 1 2023,Hard,56.38645183710084,29.580868460820014,21.310989606548723,107.27830990446958,77.69744144364957,0,0,0,0
CDS 2 2022,Easy,65.97813293093307,51.924630108981134,51.03933546701907,168.9420985069333,117.01746839795214,1,1,1,1
CDS 2 2023,Moderate,57.64083470687876,41.58291994986812,30.931147554956254,130.15490221170313,88.57198226183502,1,1,0,0
CDS 1 2022,Moderate,62.949714557088214,63.37127492000073,20.027423548213555,146.3484130253025,82.97713810530178,1,1,0,0
CDS 2 2022,Easy,58.34577701870539,39.76001683127349,47.21903485438141,145.3248287043603,105.5648118730868,1,1,0,0
Standard Mock,Moderate,66.68840130546218,52.61042486407076,41.719446078144976,161.0182722476779,108.40784738360716,1,1,1,1
CDS 2 2022,Easy,55.05571478200208,40.80332578318733,42.495481895980774,138.35452246117018,97.55119667798286,0,1,0,0
CDS 1 2022,Moderate,57.472367449038146,57.5604231248489,45.29413100955326,160.3269215834403,102.7664984585914,1,1,1,0
CDS 1 2023,Hard,55.15182942540433,47.74705254609032,22.201547392617265,125.1004293641119,77.35337681802159,1,1,0,0
CDS 2 2022,Easy,65.19381237698025,64.39155791579822,16.79684401769577,146.38221431047424,81.99065639467602,1,1,0,0
Standard Mock,Moderate,59.75767166130308,34.85675377388634,47.02451247983072,141.63893791502014,106.7821841411338,1,1,0,1
Standard Mock,Moderate,28.232961868039993,51.49876412018367,37.79083858345185,117.5225645716755,66.02380045149184,0,0,0,0
Standard Mock,Moderate,43.093283723935485,81.06261292463881,25.215004541333936,149.37090118990824,68.30828826526943,1,1,1,0
CDS 2 2022,Easy,61.94389385846197,47.19208207157939,47.30958976376216,156.44556569380353,109.25348362222414,1,1,1,1
CDS 2 2022,Easy,44.09697101146843,51.81274527656674,38.297417532040946,134.2071338200761,82.39438854350938,0,1,0,0
CDS 2 2023,Moderate,56.001217613316285,51.17121925974764,33.853591644936074,141.026028518,89.85480925825236,1,1,0,0
CDS 1 2022,Moderate,58.49883048746194,53.834217498743264,22.35993832052636,134.69298630673157,80.8587688079883,0,1,0,0
CDS 1 2023,Hard,35.50628244677577,48.870165936418815,13.597140341726398,97.97358872492099,49.10342278850217,0,0,0,0
CDS 2 2022,Easy,70.07020272135357,38.254617942939134,39.42604634925964,147.75086701355235,109.4962490706132,1,1,0,1
CDS 2 2022,Easy,57.920890593259244,35.84927237711064,37.37253252313496,131.14269549350485,95.2934231163942,0,0,0,0
CDS 2 2023,Moderate,52.60971341976767,65.1276643714706,41.523303381766794,159.26068117300508,94.13301680153447,1,1,1,0
CDS 2 2023,Moderate,55.8056524734145,25.031279152950393,42.56488354316098,123.40181516952586,98.37053601657547,0,1,0,0
CDS 1 2022,Moderate,66.59451241113612,51.68814740049564,26.960515852725187,145.24317566435695,93.55502826386132,1,1,0,0
CDS 1 2023,Hard,52.52247581760291,29.506772219920983,40.56331207827067,122.59256011579456,93.08578789587358,1,1,0,0
CDS 2 2023,Moderate,66.27606297561832,46.10033426388404,32.20492536703466,144.58132260653701,98.48098834265298,1,1,1,0
CDS 1 2022,Moderate,58.1614610684079,47.83081240911994,26.54326895505887,132.5355424325867,84.70473002346677,0,1,0,0
CDS 2 2022,Easy,64.37351777878179,56.01406174831435,42.41240248406729,162.79998201116342,106.78592026284909,1,1,1,0
CDS 2 2023,Moderate,67.97994549612237,35.39252013806639,44.235086160473685,147.60755179466244,112.21503165659605,1,1,1,1
CDS 2 2022,Easy,73.68772500590771,62.05427065765282,28.136635728901457,163.87863139246198,101.82436073480916,1,1,1,0
Standard Mock,Moderate,66.1973878470287,49.11575095835292,15.886831083374958,131.19996988875658,82.08421893040365,0,1,0,0
CDS 2 2023,Moderate,55.31503886639684,64.21022796838807,27.41234742064625,146.93761425543116,82.72738628704309,1,1,1,0
CDS 2 2023,Moderate,53.46320859362581,48.90833928006112,26.9362307088195,129.30777858250642,80.3994393024453,0,1,0,0
Standard Mock,Moderate,66.85589746298416,61.996446548031024,33.58351413989873,162.43585815091393,100.4394116028829,1,1,1,1
Standard Mock,Moderate,65.30975661964091,41.6463964379159,13.217886802685697,120.1740398602425,78.5276434223266,0,0,0,0
CDS 1 2023,Hard,49.38157900648301,8.502195323510659,33.83488762743538,91.71866195742905,83.21646663391839,0,0,0,0
CDS 2 2023,Moderate,85.49009708717722,49.78652164701229,40.3102609489421,175.5868796831316,125.80035803611932,1,1,1,1
CDS 2 2023,Moderate,71.81567716419147,58.44895973506084,58.436540528126244,188.70117742737855,130.2522176923177,1,1,1,1
CDS 1 2022,Moderate,69.4881309647162,46.30169095959662,36.30690024464382,152.09672216895663,105.79503120936002,1,1,1,1
Standard Mock,Moderate,55.24204555995099,39.75583080360603,26.73888008285458,121.7367564464116,81.98092564280557,0,0,0,0
CDS 1 2022,Moderate,46.494440356570166,27.783989073283358,34.24128549314977,108.51971492300328,80.73572584971993,0,0,0,0
CDS 2 2022,Easy,66.90916524143711,56.76322358064025,39.63669391957658,163.30908274165392,106.54585916101368,1,1,1,0
Standard Mock,Moderate,54.77868429980008,64.32139080216376,65.76860370180503,184.8686788037689,120.54728800160511,1,1,1,1
CDS 1 2022,Moderate,47.55457499915277,40.703926284752114,37.32868087426898,125.58718215817386,84.88325587342175,0,0,0,0
Standard Mock,Moderate,49.85520273292586,53.18660028911105,21.599279288760652,124.64108231079757,71.45448202168652,0,0,0,0
CDS 1 2023,Hard,48.18619764930426,51.92538657436527,37.74260819220163,137.85419241587115,85.92880584150589,1,1,1,0
Standard Mock,Moderate,73.7391438521145,53.70438732830412,26.476132339258964,153.91966351967758,100.21527619137346,1,1,1,1
CDS 1 2023,Hard,61.32454216642301,30.7387365112855,26.20657459916828,118.26985327687679,87.53111676559129,0,1,0,0
CDS 1 2023,Hard,71.09520665775973,47.63161300854085,31.81996700585643,150.546786672157,102.91517366361616,1,1,1,1
CDS 1 2023,Hard,46.77923988172073,33.16660270609468,20.24572426782245,100.19156685563786,67.02496414954318,0,0,0,0
CDS 2 2022,Easy,63.75978612610003,54.8818622961954,29.357799931826513,147.99944835412194,93.11758605792654,1,1,0,0
CDS 1 2022,Moderate,43.114948119315,56.050934979322506,23.799525775301277,122.96540887393878,66.91447389461628,0,0,0,0
CDS 1 2022,Moderate,66.03790520277894,35.78682829107656,31.081232346131337,132.90596583998683,97.11913754891029,0,1,0,0
CDS 1 2022,Moderate,49.72596448473989,55.734221899743495,31.26731754058686,136.72750392507024,80.99328202532675,1,1,0,0
CDS 1 2023,Hard,64.28245691344324,26.158090888182592,26.027746116144247,116.46829391777007,90.31020302958748,0,1,0,0
CDS 1 2023,Hard,57.678436378663335,33.78096833366557,23.411720234993204,114.87112494732212,81.09015661365655,0,1,0,0
CDS 1 2022,Moderate,73.25276090437038,49.89569174701742,43.27115428565768,166.41960693704547,116.52391519002805,1,1,1,1
CDS 2 2023,Moderate,47.280809988872775,60.75188748945032,37.11396567470659,145.1466631530297,84.39477566357937,1,1,1,0
CDS 2 2022,Easy,61.24366334234465,70.51294347421849,53.51114089986715,185.26774771643028,114.7548042422118,1,1,1,1
CDS 2 2023,Moderate,76.63732832143474,55.04870039767215,38.05243126531353,169.73845998442042,114.68975958674827,1,1,1,1
CDS 2 2023,Moderate,74.1418728833109,41.98519070651745,39.473939370689756,155.6010029605181,113.61581225400064,1,1,1,1
CDS 2 2022,Easy,60.514571634721385,39.513262936645376,42.38554953773739,142.41338410910413,102.90012117245877,1,1,0,0
CDS 1 2022,Moderate,58.56741084635807,21.704953786016628,45.96547118230254,126.23783581467724,104.53288202866061,0,0,0,0
CDS 1 2023,Hard,70.34482101794515,34.482824610034285,38.978993749625275,143.8066393776047,109.32381476757043,1,1,1,1
CDS 1 2023,Hard,60.43390827871809,54.759884421264196,30.025181815250612,145.2189745152329,90.45909009396871,1,1,1,0
CDS 2 2022,Easy,74.82683142769942,62.04714896157012,25.99929276816991,162.87327315743946,100.82612419586933,1,1,1,0
CDS 2 2022,Easy,62.94372146356752,46.26193718836221,40.828325705181,150.03398435711074,103.77204716874851,1,1,0,0
CDS 1 2023,Hard,72.48137069120835,31.122746032324393,38.320494559220606,141.92461128275335,110.80186525042896,1,1,1,1
CDS 1 2022,Moderate,46.653893930897674,53.21403175309567,31.14327369022152,131.01119937421487,77.7971676211192,0,1,0,0
CDS 1 2023,Hard,57.40205843946223,49.47903666617023,40.02506259814595,146.9061577037784,97.42712103760817,1,1,1,0
CDS 2 2023,Moderate,69.69569025752907,31.328415237468118,38.268554006104374,139.29265950110155,107.96424426363345,1,1,0,1
CDS 1 2022,Moderate,58.04301468853099,47.38172485770425,45.600897399086655,151.0256369453219,103.64391208761765,1,1,1,0
CDS 2 2022,Easy,70.03090368623747,42.642257817497864,36.81251684753867,149.485678351274,106.84342053377614,1,1,0,0
CDS 1 2023,Hard,53.766559359538896,32.131747366462676,32.47237954426123,118.3706862702628,86.23893890380012,0,1,0,0
CDS 1 2022,Moderate,57.64288755143332,61.43093901076915,25.605367580140175,144.67919414234265,83.2482551315735,1,1,0,0
CDS 1 2023,Hard,52.05544242411966,58.3449742064909,41.622044361009465,152.02246099162005,93.67748678512913,1,1,1,0
CDS 1 2023,Hard,54.189540352782565,14.969225467199955,21.932410139621204,91.09117595960373,76.12195049240377,0,0,0,0
CDS 2 2022,Easy,50.279629269732084,71.54163552953806,26.2616517510134,148.08291655028353,76.54128102074549,1,1,0,0
CDS 2 2022,Easy,66.15824587226946,28.35494789277849,43.896045240919875,138.40923900596783,110.05429111318934,0,1,0,1
Standard Mock,Moderate,48.020335707827385,51.441289348591035,43.87079776446287,143.33242282088128,91.89113347229025,1,1,0,0
CDS 2 2023,Moderate,58.527947213144024,67.62957367362978,40.64842358600123,166.80594447277502,99.17637079914525,1,1,1,0
CDS 1 2022,Moderate,57.78957536462949,50.31116302477566,35.69369802658069,143.79443641598584,93.48327339121019,1,1,0,0
Standard Mock,Moderate,83.92109635273992,56.1986761774657,14.006437355809744,154.12620988601537,97.92753370854967,1,1,1,0
Standard Mock,Moderate,58.85197751240936,40.11152935206331,40.667717261841794,139.63122412631446,99.51969477425115,1,1,0,0
Standard Mock,Moderate,59.5103496914155,85.3549224125261,42.114105794654954,186.97937789859654,101.62445548607045,1,1,1,1
Standard Mock,Moderate,68.08036189402071,42.91488381572756,26.519344019694913,137.51458972944317,94.59970591371562,1,1,0,0
CDS 1 2022,Moderate,55.46585891616146,44.038917699582754,17.04356827369985,116.54834488944407,72.50942718986131,0,0,0,0
CDS 1 2023,Hard,62.328290818217454,52.58179181260711,19.80614304738564,134.7162256782102,82.13443386560309,1,1,0,0
CDS 2 2023,Moderate,64.87774821084338,46.30164435194583,27.65766678028962,138.83705934307883,92.535414991133,1,1,0,0
CDS 2 2023,Moderate,75.98321807641034,48.10540385877778,42.33547813505866,166.42410007024677,118.31869621146899,1,1,1,1
CDS 1 2023,Hard,52.623166830390154,33.85883730469236,30.612872563613276,117.09487669869578,83.23603939400343,0,1,0,0
CDS 1 2022,Moderate,38.95250494280985,49.86389999039282,55.42177910534731,144.23818403854997,94.37428404815716,1,1,0,0
CDS 2 2023,Moderate,63.981472651225374,39.178598391304945,34.42092250123091,137.58099354376122,98.40239515245628,1,1,0,0
CDS 2 2023,Moderate,58.140755190512294,75.32503797663966,19.006052378056886,152.47184554520885,77.14680756856919,1,1,1,0
CDS 2 2023,Moderate,47.654880015776044,42.716889547363195,24.680337161528207,115.05210672466745,72.33521717730426,0,0,0,0
CDS 1 2023,Hard,67.88075724852378,25.16637044763445,30.116071994101233,123.16319969025946,97.99682924262501,1,1,0,0
CDS 2 2023,Moderate,72.54338360757339,54.46121948659743,42.31000626785482,169.31460936202564,114.8533898754282,1,1,1,1
CDS 1 2022,Moderate,67.1573424117084,74.22113874043335,58.94361900582451,200.32210015796625,126.10096141753291,1,1,1,1
CDS 2 2022,Easy,58.13284656996704,59.5980182771068,56.23884992811152,173.96971477518537,114.37169649807856,1,1,1,1
Standard Mock,Moderate,64.99095816137749,45.955370815341645,18.077291683566713,129.02362066028584,83.0682498449442,0,1,0,0
CDS 2 2023,Moderate,51.87176409663435,60.85296600483366,43.28058814893309,156.0053182504011,95.15235224556744,1,1,1,0
CDS 2 2022,Easy,44.255136489836886,68.46233805753103,39.7796513599573,152.4971259073252,84.03478784979418,1,1,1,0
CDS 2 2022,Easy,63.13321037686555,59.21398561152501,47.29063645002364,169.6378324384142,110.42384682688919,1,1,1,1
Standard Mock,Moderate,63.41660231952626,33.401030350371485,32.286850219317024,129.10448288921478,95.7034525388433,0,1,0,0
CDS 1 2023,Hard,43.784698525749725,40.2334990662266,35.67482011564254,119.69301770761886,79.45951864139226,0,1,0,0
CDS 2 2023,Moderate,58.614877553927755,44.337733854230976,30.761099576776473,133.7137109849352,89.37597713070423,1,1,0,0
CDS 1 2022,Moderate,70.46911794488139,31.907223440381173,31.647559181319732,134.0239005665823,102.11667712620113,0,1,0,0
CDS 2 2023,Moderate,67.43651775540174,48.37675038639332,32.95123336135283,148.7645015031479,100.38775111675457,1,1,1,0
CDS 2 2022,Easy,81.0757830639951,58.470204077424704,39.794394426494925,179.34038156791473,120.87017749049002,1,1,1,1
CDS 2 2022,Easy,53.210765087016746,62.31431254250322,37.8033054764904,153.32838310601036,91.01407056350715,1,1,1,0
CDS 2 2022,Easy,49.446262661587575,56.20949287173767,42.00845093115709,147.66420646448233,91.45471359274467,1,1,0,0
Standard Mock,Moderate,60.412874555874396,52.01326217818226,45.37158898658243,157.79772572063908,105.78446354245682,1,1,1,1
CDS 2 2023,Moderate,74.78071898356444,49.631094806620176,25.06410484405964,149.47591863424427,99.84482382762408,1,1,1,0
CDS 2 2023,Moderate,60.844667863899474,59.47554002509615,24.3074550624492,144.62766295144485,85.15212292634868,1,1,1,0
CDS 2 2022,Easy,88.24673305852818,61.0602530592852,39.82993925516169,189.13692537297507,128.07667231368987,1,1,1,1
CDS 1 2023,Hard,55.84518475815327,18.150876666375805,24.291322640742592,98.28738406527168,80.13650739889587,0,0,0,0
CDS 1 2023,Hard,47.94226516904635,60.44922493670941,18.86433295238615,127.25582305814191,66.8065981214325,1,1,0,0
CDS 2 2023,Moderate,58.84890306076761,58.66984589745367,31.540806709528294,149.05955566774958,90.38970977029591,1,1,1,0
CDS 2 2023,Moderate,48.78248897144112,48.816867230983455,27.331359619954476,124.93071582237906,76.1138485913956,0,1,0,0
CDS 1 2022,Moderate,70.2876899142348,50.97990171019059,40.01685045168788,161.2844420761133,110.30454036592269,1,1,1,1
CDS 2 2022,Easy,65.78117735236016,57.41983486155105,44.002358555267755,167.20337076917895,109.78353590762791,1,1,1,1
Standard Mock,Moderate,49.70027725223064,35.11573609298697,35.46079221633151,120.27680556154911,85.16106946856215,0,0,0,0
CDS 2 2023,Moderate,60.81082542900824,78.47257947339433,30.193520585117586,169.47692548752016,91.00434601412583,1,1,1,0
CDS 2 2023,Moderate,59.601056162482884,46.3898374718769,20.95760433738411,126.94849797174389,80.55866049986699,0,1,0,0
CDS 1 2022,Moderate,65.19358745637888,40.92657120073538,51.733639461525236,157.85379811863947,116.92722691790411,1,1,1,1
CDS 2 2022,Easy,49.1757202597636,38.432815529204184,48.16837011430981,135.7769059032776,97.3440903740734,0,1,0,0
CDS 2 2023,Moderate,55.63844558492515,47.1643985603987,32.42379514489006,135.2266392902139,88.06224072981522,1,1,0,0
CDS 1 2022,Moderate,66.89164457074335,44.71524897399887,28.163657177136123,139.77055072187835,95.05530174787947,1,1,0,0
CDS 2 2022,Easy,64.85729647050611,56.17392609649507,41.49597957518788,162.52720214218908,106.353276045694,1,1,1,0
CDS 1 2022,Moderate,64.3600577522258,52.71160938781161,43.43839509641737,160.5100622364548,107.79845284864317,1,1,1,1
CDS 2 2023,Moderate,64.53585523509219,48.60273238998816,19.177768332535223,132.31635595761557,83.71362356762741,1,1,0,0
CDS 1 2023,Hard,59.79507548001609,31.69179070919447,35.8315295565636,127.31839574577415,95.62660503657969,1,1,0,0
Standard Mock,Moderate,53.40960725111355,54.43696679869612,29.258993247164018,137.10556729697367,82.66860049827757,1,1,0,0
CDS 1 2022,Moderate,70.33881054924208,58.89554776352459,30.925398927083982,160.15975723985065,101.26420947632607,1,1,1,0
Standard Mock,Moderate,61.23479809164594,45.46338924218437,33.757142228375635,140.45532956220595,94.99194032002157,1,1,0,0
CDS 1 2023,Hard,62.46611364602157,67.30990513177164,32.60462253429656,162.38064131208978,95.07073618031814,1,1,1,0
CDS 1 2023,Hard,46.477753570026756,33.64958788226185,34.14481361623981,114.2721550685284,80.62256718626656,0,1,0,0
CDS 2 2022,Easy,56.30713013011356,56.64822975288443,39.89132862965028,152.84668851264826,96.19845875976384,1,1,1,0
CDS 1 2022,Moderate,89.18173555060093,34.4378552461838,33.15854184316798,156.77813263995273,122.34027739376891,1,1,1,1
CDS 2 2022,Easy,67.73010717494385,53.896518608748806,19.253599624536317,140.88022540822897,86.98370679948017,1,1,0,0
CDS 1 2022,Moderate,60.160252822951605,59.68346699313416,42.94600382945212,162.7897236455379,103.10625665240372,1,1,1,0
CDS 2 2023,Moderate,54.96430381092283,38.80655003267195,33.49385985370067,127.26471369729545,88.4581636646235,0,1,0,0
CDS 2 2022,Easy,53.71937445192306,39.71697341684081,43.098947793806346,136.5352956625702,96.8183222457294,0,1,0,0
CDS 2 2022,Easy,60.85373099428137,61.596198235483115,30.048260401007624,152.49818963077212,90.901991395289,1,1,1,0
CDS 2 2022,Easy,83.01430099266489,32.76377820522917,26.984120171966687,142.76219936986075,109.99842116463157,1,1,0,1
Standard Mock,Moderate,58.751131146499326,50.62391168108757,35.15697795957758,144.53202078716447,93.9081091060769,1,1,0,0
CDS 2 2023,Moderate,55.53679484765655,52.41012492648723,32.99360701174568,140.94052678588946,88.53040185940223,1,1,0,0
CDS 2 2023,Moderate,70.4043089264484,43.57272673162245,15.449512296817172,129.426547954888,85.85382122326557,0,1,0,0
CDS 2 2023,Moderate,62.13808793941063,68.7740355812076,25.82023895389264,156.73236247451086,87.95832689330328,1,1,1,0
CDS 2 2023,Moderate,53.64590119771263,54.67226516210749,34.58707312992717,142.9052394897473,88.2329743276398,1,1,1,0
CDS 2 2023,Moderate,54.087152111981055,42.8561456770016,16.534269521955828,113.47756731093847,70.62142163393688,0,0,0,0
CDS 1 2022,Moderate,70.2944055592704,37.84278838249226,31.631048732148614,139.7682426739113,101.92545429141902,1,1,0,0
Standard Mock,Moderate,69.25672209502721,41.878070236197395,31.692251039769474,142.8270433709941,100.94897313479669,1,1,0,1
CDS 1 2022,Moderate,61.4945608966331,76.58056238079055,42.70750209618787,180.78262537361152,104.20206299282097,1,1,1,0
CDS 2 2023,Moderate,68.27236107657423,41.92840561214574,46.59839966388344,156.7991663526034,114.87076074045767,1,1,1,1
Standard Mock,Moderate,49.741318940305234,49.286038983115155,35.62331349619123,134.65067141961163,85.36463243649646,0,1,0,0
CDS 2 2022,Easy,54.214872586354026,59.79181122062957,38.24705470095987,152.25373850794347,92.4619272873139,1,1,1,0
CDS 2 2023,Moderate,63.6039339501808,51.49157676164931,40.042878533842725,155.13838924567284,103.64681248402353,1,1,1,1
Standard Mock,Moderate,54.929913407299445,33.61258322407349,29.86099373351157,118.4034903648845,84.79090714081102,0,0,0,0
CDS 2 2023,Moderate,77.84775039185095,45.301763330461775,35.13450364619293,158.28401736850566,112.98225403804389,1,1,1,1
CDS 1 2022,Moderate,50.71207918547541,35.12006361332526,64.35657902327779,150.18872182207843,115.06865820875319,1,1,1,1
CDS 1 2023,Hard,50.71152074393927,47.20255558893133,33.326694690288484,131.24077102315908,84.03821543422775,1,1,0,0
CDS 1 2022,Moderate,69.57932055215684,54.07389186552855,53.07608507769263,176.72929749537803,122.65540562984947,1,1,1,1
CDS 2 2022,Easy,54.439692000333324,58.693988470166616,37.430548748782186,150.56422921928214,91.87024074911551,1,1,0,0
CDS 2 2022,Easy,85.68226041505824,69.43091806270273,26.02194521575703,181.13512369351798,111.70420563081527,1,1,1,1
CDS 2 2022,Easy,66.79914369546417,53.77606340036881,48.37830535229481,168.9535124481278,115.17744904775898,1,1,1,1
CDS 1 2022,Moderate,51.575673698736736,55.85317232526745,42.50872779401332,149.9375738180175,94.08440149275006,1,1,1,0
Standard Mock,Moderate,69.72056965739722,40.80213572016181,34.866953646213645,145.38965902377268,104.58752330361087,1,1,1,1
CDS 1 2023,Hard,39.412130049761586,45.08667378932783,36.55498614511525,121.05378998420467,75.96711619487684,1,1,0,0
CDS 1 2022,Moderate,50.342173671360406,42.398894256582714,29.614263267033756,122.35533119497688,79.95643693839416,0,0,0,0
CDS 1 2023,Hard,40.17015568017582,26.39403571832375,23.45854082715893,90.0227322256585,63.62869650733475,0,0,0,0
Standard Mock,Moderate,55.87520988112063,28.475940949599014,27.613025016704373,111.96417584742403,83.48823489782501,0,0,0,0
CDS 1 2023,Hard,75.22590230569482,30.651766941760172,40.020325848233846,145.89799509568883,115.24622815392866,1,1,1,1
Standard Mock,Moderate,62.7242139665361,62.29303025728172,39.17465089821295,164.19189512203076,101.89886486474904,1,1,1,1
Standard Mock,Moderate,51.81394973339921,41.42513634951678,45.92106783982426,139.16015392274025,97.73501757322347,1,1,0,0
CDS 1 2023,Hard,41.641375958313866,55.48910108946914,35.79309247451598,132.92356952229898,77.43446843282985,1,1,0,0
CDS 2 2023,Moderate,85.87908973530685,56.38703622096946,23.002747349097866,165.26887330537417,108.88183708440471,1,1,1,1
CDS 1 2023,Hard,50.90198756206467,22.354125385224993,36.26686968419225,109.52298263148191,87.16885724625692,0,0,0,0
CDS 1 2023,Hard,42.37230224301436,40.94756854801702,23.79300141466813,107.1128722056995,66.16530365768249,0,0,0,0
Standard Mock,Moderate,53.58918733461645,60.32273541909497,41.590543439134194,155.5024661928456,95.17973077375063,1,1,1,0
CDS 2 2023,Moderate,65.99577541245355,52.98991955346412,51.18787639660868,170.17357136252636,117.18365180906224,1,1,1,1
CDS 1 2023,Hard,42.83103289659833,32.73812517272803,40.907012108306716,116.47617017763308,83.73804500490505,0,1,0,0
CDS 2 2023,Moderate,69.10418499685571,53.48025612876479,50.73734216555106,173.32178329117158,119.84152716240678,1,1,1,1
CDS 1 2023,Hard,40.038411868353506,55.87293360262163,22.65430266792167,118.5656481388968,62.692714536275176,0,1,0,0
CDS 1 2023,Hard,53.308773143571834,49.10589299396331,30.636588279537328,133.05125441707247,83.94536142310916,1,1,0,0
Standard Mock,Moderate,66.96322862080324,45.49597954535441,37.78799812385461,150.24720629001226,104.75122674465784,1,1,1,1
CDS 2 2022,Easy,61.87331554267643,61.64283437281352,48.57898825291343,172.0951381684034,110.45230379558987,1,1,1,1
CDS 2 2023,Moderate,57.4269999938221,46.451590618442594,45.82112312993141,149.6997137421961,103.24812312375352,1,1,1,1
CDS 1 2022,Moderate,51.48337825665607,36.25510996428281,27.41029301096655,115.14878123190543,78.89367126762262,0,0,0,0
CDS 1 2022,Moderate,57.27589983396313,38.338857827633895,47.33724278336193,142.95200044495894,104.61314261732505,1,1,0,0
CDS 1 2023,Hard,56.884757610181026,36.87629150474275,24.746485234980696,118.50753434990447,81.63124284516172,0,1,0,0
CDS 1 2023,Hard,39.89958788014748,37.675535442340454,28.235694166747702,105.81081748923563,68.13528204689518,0,0,0,0
CDS 2 2023,Moderate,65.40287944035695,33.61929450057546,37.232809132553705,136.2549830734861,102.63568857291065,1,1,0,1
Standard Mock,Moderate,70.84198244043543,50.38072220612984,37.10303040221996,158.32573504878522,107.94501284265539,1,1,1,1
CDS 1 2022,Moderate,59.90817646614861,50.61362807698471,29.822425527777803,140.34423007091112,89.73060199392641,1,1,0,0
Standard Mock,Moderate,64.75588435928583,41.53486995184685,17.53104308654445,123.82179739767713,82.28692744583029,0,0,0,0
CDS 1 2023,Hard,52.45053029596411,54.319732071125514,32.04936484555422,138.81962721264384,84.49989514151832,1,1,1,0
CDS 1 2022,Moderate,52.28259185403218,41.8495906722414,30.02038153182158,124.15256405809515,82.30297338585376,0,0,0,0
CDS 1 2022,Moderate,51.98472409895459,57.249626639855656,31.528135048877374,140.7624857876876,83.51285914783196,1,1,0,0
Standard Mock,Moderate,49.461645046356544,27.577173239779974,39.27814395152903,116.31696223766554,88.73978899788557,0,0,0,0
Standard Mock,Moderate,54.38662003557794,68.09831607496878,31.70510699782014,154.19004310836686,86.09172703339809,1,1,1,0
Standard Mock,Moderate,57.25197695247312,24.013333117665002,12.987565265490815,94.25287533562893,70.23954221796393,0,0,0,0
CDS 2 2022,Easy,65.3402958634668,59.50547029152703,46.13770855789909,170.98347471289293,111.4780044213659,1,1,1,1
CDS 1 2023,Hard,56.675701058009906,33.52490535115442,39.298076780045335,129.49868318920966,95.97377783805524,1,1,0,0
CDS 1 2023,Hard,63.94910556026825,29.140626004743204,16.94388091978866,110.03361248480013,80.89298648005692,0,0,0,0
CDS 1 2023,Hard,36.929586050681834,39.44486539280389,27.801237594641663,104.17568903812739,64.7308236453235,0,0,0,0
CDS 1 2022,Moderate,61.1410149222652,36.869360030259266,35.61883352887135,133.6292084813958,96.75984845113655,0,1,0,0
CDS 2 2022,Easy,63.097591555867844,71.358747701587,25.025533313942514,159.48187257139736,88.12312486981035,1,1,1,0
CDS 1 2022,Moderate,56.96373927101999,67.067283941329,30.111138809563087,154.14216202191207,87.07487808058308,1,1,1,0
CDS 2 2022,Easy,52.57753466450771,41.84535610157722,28.74412885968031,123.16701962576522,81.32166352418801,0,0,0,0
CDS 2 2023,Moderate,59.32128618300518,56.876105617414005,39.31631629637597,155.51370809679514,98.63760247938114,1,1,1,0
CDS 1 2023,Hard,80.7199531749497,47.304827069493,12.00454036639389,140.02932061083658,92.72449354134358,1,1,1,0
Standard Mock,Moderate,54.42869427427769,40.562734460953465,29.135848511112265,124.12727724634343,83.56454278538996,0,0,0,0
CDS 2 2022,Easy,55.91230329192027,65.10756792416683,56.845248346034516,177.8651195621216,112.75755163795478,1,1,1,1
Standard Mock,Moderate,60.23195978557375,29.84965241641349,48.51015752487,138.59176972685725,108.74211731044375,1,1,0,1
CDS 1 2022,Moderate,46.69294868669074,39.60702551852055,13.220322678053122,99.52029688326442,59.91327136474386,0,0,0,0
CDS 1 2023,Hard,56.61698526704753,41.792102932718564,30.82286862345867,129.23195682322478,87.4398538905062,1,1,0,0
CDS 1 2023,Hard,40.88943168933918,42.87553021886797,36.425237940912176,120.19019984911932,77.31466963025136,1,1,0,0
CDS 2 2023,Moderate,67.33054281465999,51.73789030557348,16.07237822409948,135.14081134433295,83.40292103875947,1,1,0,0
CDS 2 2023,Moderate,48.12234760082473,54.4123787836366,31.02676747448638,133.5614938589477,79.14911507531112,1,1,0,0
CDS 2 2023,Moderate,60.91093606255913,48.07527787421302,26.484600202206813,135.47081413897897,87.39553626476595,1,1,0,0
Standard Mock,Moderate,44.68464684756357,45.536591766044985,46.50267395898296,136.7239125725915,91.18732080654652,1,1,0,0
CDS 1 2022,Moderate,71.18549944255327,41.717088139121,29.73468312903957,142.63727071071384,100.92018257159283,1,1,0,0
CDS 2 2022,Easy,57.35813213362154,46.48682611205829,48.76173931693076,152.60669756261058,106.1198714505523,1,1,1,0
CDS 1 2022,Moderate,66.44595432415177,24.288440401300562,31.175476023307098,121.90987074875943,97.62143034745887,0,0,0,0
CDS 2 2023,Moderate,54.29685932213534,48.40683268418805,23.208917856371517,125.91260986269492,77.50577717850686,0,1,0,0
Standard Mock,Moderate,48.09592264325509,46.90708967576367,44.259751007146164,139.26276332616493,92.35567365040126,1,1,0,0
CDS 1 2023,Hard,53.22404005241261,51.56688320891035,35.24713710230066,140.03806036362363,88.47117715471327,1,1,1,0
CDS 2 2023,Moderate,59.79901248230348,26.712364606654447,27.287997004507094,113.79937409346502,87.08700948681057,0,0,0,0
CDS 2 2023,Moderate,53.1395024296482,49.28468943590756,28.827877533520386,131.25206939907613,81.96737996316858,1,1,0,0
Standard Mock,Moderate,56.54853118861973,40.64420074475173,41.87932972051428,139.07206165388573,98.42786090913401,1,1,0,0
CDS 1 2023,Hard,54.42958833147058,44.1019025674596,39.47189954557511,138.0033904445053,93.9014878770457,1,1,1,0
Standard Mock,Moderate,59.39962458311435,40.401223239420275,28.98055558064823,128.78140340318288,88.38018016376259,0,1,0,0
Standard Mock,Moderate,51.493867470480524,57.06799006493178,29.589931342171006,138.15178887758333,81.08379881265154,1,1,0,0
CDS 2 2022,Easy,62.781117287077315,76.2180315167174,26.50226930618769,165.5014181099824,89.283386593265,1,1,1,0
CDS 2 2022,Easy,68.19965191145162,49.69781287311012,25.930565994868306,143.82803077943004,94.13021790631993,1,1,0,0
CDS 1 2022,Moderate,61.10886382828418,34.70265050089357,52.04592093297377,147.8574352621515,113.15478476125796,1,1,1,1
CDS 2 2023,Moderate,69.76040719355947,40.456148339105155,48.99486426972343,159.21141980238804,118.7552714632829,1,1,1,1
CDS 1 2023,Hard,52.22486381139767,37.55846630703634,21.709526021009836,111.49285613944384,73.9343898324075,0,0,0,0
Standard Mock,Moderate,59.63410025657069,61.08220165224536,41.59649998082371,162.31280188963976,101.2306002373944,1,1,1,1
CDS 1 2022,Moderate,52.519039353783526,47.74506264868509,15.326749357740056,115.59085136020867,67.84578871152358,0,0,0,0
CDS 1 2023,Hard,57.935375299686406,36.07992102989147,31.995341501480333,126.0106378310582,89.93071680116674,1,1,0,0
CDS 1 2022,Moderate,61.247520996639345,52.580810027550115,50.154448083522475,163.98277910771193,111.40196908016182,1,1,1,1
Standard Mock,Moderate,56.26631574996915,45.96177170786723,29.99802182904004,132.2261092868764,86.2643375790092,0,1,0,0
CDS 1 2022,Moderate,76.3673996183064,47.7624678657515,33.166992904738024,157.29686038879592,109.53439252304442,1,1,1,1
CDS 2 2023,Moderate,55.17686429063697,71.5180470569361,45.98983357441965,172.68474492199272,101.16669786505662,1,1,1,0
CDS 2 2023,Moderate,64.50613049431388,48.44139399809082,35.827729037854255,148.77525353025896,100.33385953216813,1,1,1,0
CDS 1 2022,Moderate,36.15693211214254,49.60999699195012,42.451508642848175,128.21843774694082,78.60844075499071,0,1,0,0
CDS 1 2023,Hard,59.28342050660725,35.3865174522749,24.308302447330362,118.97824040621252,83.59172295393762,0,1,0,0
CDS 2 2022,Easy,60.88975063496827,50.45488196076288,50.21622984073039,161.56086243646155,111.10598047569866,1,1,1,1
CDS 2 2023,Moderate,80.82660322109797,32.69180808005122,39.308624190150375,152.82703549129957,120.13522741124834,1,1,1,1
CDS 1 2023,Hard,53.71453706748043,13.667410362159707,24.786599022748675,92.1685464523888,78.5011360902291,0,0,0,0
CDS 1 2023,Hard,70.9947094011379,46.39848781479175,35.62514033776003,153.01833755368966,106.61984973889793,1,1,1,1
CDS 1 2022,Moderate,61.654036602997046,42.19659432533476,21.179824313075624,125.03045524140742,82.83386091607267,0,0,0,0
CDS 1 2023,Hard,63.41780774784013,9.618768204990236,21.59023976173998,94.62681571457034,85.00804750958011,0,0,0,0
CDS 1 2023,Hard,52.72893992219074,41.62676099697651,28.86593956777969,123.22164048694694,81.59487948997042,1,1,0,0
CDS 1 2022,Moderate,67.28518643514536,51.10523766292706,41.37605812231209,159.76648222038452,108.66124455745745,1,1,1,1
CDS 1 2022,Moderate,71.9553138808671,54.054981773728684,19.810302191866853,145.82059784646265,91.76561607273395,1,1,0,0
CDS 1 2023,Hard,61.265383633369424,21.96555269581133,20.083501711358082,103.31443804053883,81.3488853447275,0,0,0,0
CDS 1 2023,Hard,47.54057873524398,49.04103356202917,24.707668459877667,121.28928075715082,72.24824719512165,1,1,0,0
CDS 1 2023,Hard,48.85461216308905,32.66039515966529,23.14921185375037,104.6642191765047,72.00382401683942,0,0,0,0
CDS 2 2023,Moderate,71.18632334154212,45.84898769571706,35.13043374376952,152.1657447810287,106.31675708531165,1,1,1,1
CDS 1 2022,Moderate,58.899945012989484,39.0099392807611,47.92060334326523,145.8304876370158,106.8205483562547,1,1,0,1
CDS 1 2022,Moderate,73.15508290940105,46.07496741629583,37.10496298921504,156.33501331491192,110.26004589861608,1,1,1,1
Standard Mock,Moderate,85.00900497934282,43.75577088519593,24.443605102014036,153.2083809665528,109.45261008135685,1,1,1,1
Standard Mock,Moderate,47.67568760835999,68.27026720382014,44.524619705361694,160.47057451754182,92.20030731372168,1,1,1,0
CDS 1 2022,Moderate,76.6992278140464,45.628554386448414,47.23948753146004,169.56726973195487,123.93871534550644,1,1,1,1
CDS 1 2022,Moderate,56.347590225101534,72.43048242218151,18.28830227505935,147.0663749223424,74.63589250016088,1,1,1,0
CDS 1 2022,Moderate,64.68978078148467,63.93668266784361,30.080430951305168,158.70689440063347,94.77021173278985,1,1,1,0
CDS 1 2022,Moderate,50.27235483239999,45.92845038850999,39.06622034222674,135.2670255631367,89.33857517462673,0,1,0,0
CDS 2 2023,Moderate,66.386771398803,30.58886530666531,34.36426460813878,131.3399013136071,100.75103600694179,1,1,0,0
CDS 1 2023,Hard,55.75576372670038,39.64940312975218,38.3909131350029,133.79607999145546,94.14667686170327,1,1,0,0
Standard Mock,Moderate,67.75115121589086,47.684870480761774,24.54470514325947,139.9807268399121,92.29585635915032,1,1,0,0
CDS 2 2023,Moderate,53.75489544911423,48.37789874714395,42.469808401047096,144.60260259730526,96.22470385016132,1,1,1,0
CDS 2 2022,Easy,71.90073676336613,63.29942290145666,50.87710426157866,186.07726392640146,122.77784102494479,1,1,1,1
CDS 2 2022,Easy,67.73118434293644,54.966566671997185,30.017877414885948,152.71562842981956,97.74906175782239,1,1,1,0
CDS 2 2022,Easy,59.66909597984167,50.50559019099699,36.55936043295773,146.7340466037964,96.2284564127994,1,1,0,0
CDS 2 2023,Moderate,50.20074425217756,39.9822834200668,15.4266141086601,105.60964178090447,65.62735836083766,0,0,0,0
CDS 2 2022,Easy,66.93379451924159,55.188186837659494,26.5182295457251,148.64021090262617,93.45202406496668,1,1,0,0
Standard Mock,Moderate,79.00268424310966,67.72249810944635,45.23056555252239,191.9557479050784,124.23324979563205,1,1,1,1
Standard Mock,Moderate,63.91127876932726,39.31242323438655,46.67509822986446,149.89880023357827,110.58637699919171,1,1,1,1
Standard Mock,Moderate,53.55659732978016,62.23374568850759,7.608597938625273,123.39894095691302,61.165195268405434,0,0,0,0
CDS 1 2022,Moderate,75.40323979819885,44.952579523233176,29.468227546527302,149.82404686795934,104.87146734472616,1,1,1,0
CDS 2 2023,Moderate,52.46137886309039,61.49919054363889,38.82653551477492,152.78710492150418,91.2879143778653,1,1,1,0
CDS 2 2023,Moderate,42.57228026118959,44.67993873937026,39.094385306422524,126.34660430698237,81.66666556761211,0,1,0,0
CDS 1 2023,Hard,56.13394391966689,37.741570734726146,33.671952013394325,127.54746666778735,89.80589593306121,1,1,0,0
CDS 1 2023,Hard,53.964131465942195,51.643794421459376,28.28899865956289,133.89692454696444,82.25313012550508,1,1,0,0
CDS 2 2023,Moderate,64.18759960127497,32.74857934689261,37.20583537737361,134.1420143255412,101.39343497864857,1,1,0,0
CDS 1 2023,Hard,51.214202567868455,40.45235887748707,37.18935328271339,128.8559147280689,88.40355585058185,1,1,0,0
CDS 2 2022,Easy,71.59531469589139,67.4632728305058,57.66511800327633,196.7237055296735,129.26043269916772,1,1,1,1
CDS 1 2022,Moderate,60.93158337699742,17.35740484732922,29.89010829804273,108.17909652236938,90.82169167504016,0,0,0,0
CDS 1 2022,Moderate,58.316150775271474,52.68439433274451,31.73987504183151,142.7404201498475,90.05602581710298,1,1,0,0
CDS 1 2022,Moderate,58.460947730253125,26.64721283391335,31.796149405632057,116.90430996979853,90.25709713588518,0,0,0,0
CDS 2 2022,Easy,55.60032170849934,75.59089157359233,44.76651040800557,175.95772369009723,100.36683211650491,1,1,1,0
CDS 1 2023,Hard,54.024746162543764,51.42973788343366,32.62248858859299,138.0769726345704,86.64723475113675,1,1,1,0
CDS 2 2023,Moderate,51.891060637997505,39.1141187240141,38.66814043285442,129.67331979486602,90.55920107085193,0,1,0,0
CDS 2 2023,Moderate,68.64824438491011,51.58142176777728,36.514030479517324,156.74369663220472,105.16227486442745,1,1,1,1
CDS 2 2023,Moderate,52.17401402581411,73.0165550547722,42.07032359610785,167.26089267669414,94.24433762192196,1,1,1,0
CDS 2 2023,Moderate,49.92088304571794,50.7792896900171,31.60240992352476,132.3025826592598,81.5232929692427,1,1,0,0
CDS 1 2023,Hard,62.86406211995816,6.003636518287124,25.523629717684248,94.39132835592953,88.38769183764241,0,0,0,0
CDS 1 2022,Moderate,73.59189494164025,27.08462963416002,42.60506119584143,143.2815857716417,116.19695613748168,1,1,0,1
CDS 1 2022,Moderate,53.92431208220444,65.37355702149439,50.68182429527326,169.97969339897207,104.6061363774777,1,1,1,0
CDS 1 2022,Moderate,69.38640022678945,48.99584902575012,33.238875660401376,151.62112491294096,102.62527588719082,1,1,1,0
CDS 1 2023,Hard,53.69074194873873,29.48989112205868,39.0259182661507,122.20655133694811,92.71666021488943,1,1,0,0
CDS 2 2023,Moderate,51.94200345115795,47.46766253386126,45.10274586836016,144.51241185337938,97.0447493195181,1,1,1,0
CDS 2 2023,Moderate,73.78467355453807,47.3426596759341,28.284877930194543,149.41221116066671,102.06955148473261,1,1,1,1
CDS 2 2023,Moderate,50.77587015156047,30.257436756014414,35.07362681423567,116.10693372181055,85.84949696579613,0,0,0,0
CDS 1 2022,Moderate,55.123665790450374,56.3270787982951,20.637461350718823,132.0882059394643,75.7611271411692,0,1,0,0
CDS 2 2023,Moderate,67.16589339759652,64.00662894600687,17.69737269515655,148.86989503875992,84.86326609275307,1,1,1,0
CDS 2 2023,Moderate,84.97415126419854,40.30662887730426,35.46006386736341,160.74084400886622,120.43421513156196,1,1,1,1
CDS 2 2023,Moderate,88.24330591003047,48.24127760242918,21.810315016974894,158.29489852943453,110.05362092700537,1,1,1,1
CDS 2 2022,Easy,66.79622272631923,59.31686770152146,53.45147620452415,179.56456663236483,120.24769893084337,1,1,1,1
CDS 1 2022,Moderate,55.01366104211549,43.898138157046375,25.488156296120437,124.3999554952823,80.50181733823592,0,0,0,0
CDS 1 2022,Moderate,49.93072639054856,41.22964584167416,35.47825319784683,126.63862543006957,85.4089795883954,0,0,0,0
Standard Mock,Moderate,45.059622067102495,42.027929718851524,47.55145788374904,134.63900966970306,92.61107995085153,0,1,0,0
CDS 1 2022,Moderate,47.318631950246875,48.820458791611905,33.31740865512459,129.45649939698336,80.63604060537146,0,1,0,0
CDS 2 2022,Easy,47.53533274420967,42.43410917571683,43.316476671257625,133.28591859118413,90.8518094154673,0,1,0,0
CDS 1 2022,Moderate,77.11028809190788,43.2012001186882,40.23960512076735,160.55109333136343,117.34989321267523,1,1,1,1
Standard Mock,Moderate,52.5483222968265,55.35348889899947,33.95032292436376,141.85213412018973,86.49864522119026,1,1,0,0
CDS 1 2023,Hard,54.745058714148,40.700443489814745,28.26272954290515,123.7082317468679,83.00778825705315,1,1,0,0
CDS 2 2023,Moderate,53.961410687630455,22.970490733139954,31.567940731569625,108.49984215234004,85.52935141920008,0,0,0,0
Standard Mock,Moderate,69.73726230852368,38.71852987159884,37.98797780321762,146.44376998334013,107.7252401117413,1,1,1,1
CDS 2 2023,Moderate,78.98734981355238,35.56627713629764,35.87016480392386,150.4237917537739,114.85751461747626,1,1,1,1
CDS 1 2023,Hard,63.567374214704586,44.734959825810634,33.1843857320741,141.4867197725893,96.75175994677869,1,1,1,0
CDS 2 2023,Moderate,55.7424439534841,44.85890051734687,39.504957237780346,140.1063017086113,95.24740119126444,1,1,0,0
CDS 2 2022,Easy,70.55941451645842,49.79351844424973,20.95055545989361,141.30348842060175,91.50996997635202,1,1,0,0
CDS 2 2023,Moderate,77.22155097808195,40.75394043008176,27.329325445996993,145.30481685416072,104.55087642407895,1,1,1,1
CDS 2 2022,Easy,60.52038661550025,28.500630685260973,27.851938641113566,116.87295594187479,88.37232525661382,0,0,0,0
CDS 2 2022,Easy,62.69413601476387,54.369939177536175,41.35859424081657,158.42266943311662,104.05273025558044,1,1,1,0
CDS 1 2022,Moderate,58.55121438052113,60.274097658609165,35.430408708503876,154.25572074763417,93.981623089025,1,1,1,0
CDS 2 2023,Moderate,58.09553814070783,44.62649418134296,29.259174229127304,131.9812065511781,87.35471236983514,1,1,0,0
Standard Mock,Moderate,65.79346759756775,40.46227512996986,49.12026878543249,155.3760115129701,114.91373638300024,1,1,1,1
CDS 2 2022,Easy,65.98933787028884,43.08906391925412,43.3835744193596,152.46197620890257,109.37291228964844,1,1,1,1
CDS 2 2022,Easy,65.20417167212918,33.771396355127216,25.343261426579048,124.31882945383543,90.54743309870823,0,0,0,0
CDS 1 2022,Moderate,63.66746407892257,50.42736489145463,31.16125258669217,145.25608155706936,94.82871666561473,1,1,0,0
CDS 2 2023,Moderate,59.8210502299165,47.45694837642796,25.235999513362025,132.51399811970649,85.05704974327853,1,1,0,0
Standard Mock,Moderate,47.668986949851444,31.728355861680434,48.909723580014,128.30706639154587,96.57871052986545,0,1,0,0
CDS 1 2023,Hard,53.04214729031418,46.84505408032955,21.66182729562201,121.54902866626574,74.7039745859362,1,1,0,0
Standard Mock,Moderate,56.68568628718497,58.23841854061865,29.813332803787898,144.73743763159152,86.49901909097287,1,1,0,0
CDS 1 2023,Hard,55.29430591677552,28.224088761790423,34.13315556748774,117.65155024605369,89.42746148426326,0,1,0,0
CDS 1 2022,Moderate,45.95183056072493,44.173843734063226,36.07207962040134,126.1977539151895,82.02391018112627,0,0,0,0
CDS 1 2023,Hard,61.26434672453944,42.46090407081556,29.360732378699602,133.0859831740546,90.62507910323905,1,1,0,0
CDS 2 2022,Easy,48.76617470058757,53.02909617961562,58.88436939614257,160.67964027634576,107.65054409673013,1,1,1,1
CDS 1 2022,Moderate,66.975869703392,51.69611882660809,26.639083297803737,145.31107182780383,93.61495300119573,1,1,0,0
Standard Mock,Moderate,46.97155236475255,43.72831098737001,39.520678382596714,130.22054173471926,86.49223074734925,0,1,0,0
CDS 1 2023,Hard,55.291905039355676,25.209516265356637,35.58379224104078,116.08521354575309,90.87569728039645,0,1,0,0
CDS 2 2023,Moderate,53.15508269387203,73.17865769456097,39.573242810867654,165.90698319930067,92.72832550473969,1,1,1,0
CDS 2 2022,Easy,63.61917665338518,53.71634236169824,45.91136117923932,163.24688019432273,109.5305378326245,1,1,1,1
CDS 2 2023,Moderate,79.422455947563,49.1354525360323,17.527783330347443,146.08569181394273,96.95023927791044,1,1,1,0
CDS 2 2023,Moderate,43.744559664379395,51.5695446374138,9.934284294632832,105.24838859642603,53.67884395901223,0,0,0,0
CDS 2 2023,Moderate,61.39497796147459,46.72567091952296,32.15163062257798,140.27227950357553,93.54660858405256,1,1,0,0
CDS 1 2022,Moderate,90.98299434071258,54.121492335000895,32.418248619685656,177.52273529539912,123.40124296039824,1,1,1,1
CDS 1 2022,Moderate,53.50635180386119,45.14119589933259,37.95232575040603,136.5998734535998,91.45867755426723,1,1,0,0
CDS 2 2023,Moderate,55.8948151727027,62.12621955821207,53.18898532200325,171.21002005291803,109.08380049470594,1,1,1,1
CDS 1 2023,Hard,56.36746647399231,35.66788932096917,11.566304512448266,103.60166030740974,67.93377098644058,0,0,0,0
Standard Mock,Moderate,87.03027564405083,61.238610864643896,32.69338333360292,180.96226984229764,119.72365897765374,1,1,1,1
CDS 1 2022,Moderate,74.419424019526,37.89814041758217,37.18963915855975,149.50720359566793,111.60906317808576,1,1,1,1
CDS 2 2023,Moderate,35.64687668217111,38.222927966117425,41.84163208608955,115.71143673437808,77.48850876826066,0,0,0,0
CDS 2 2023,Moderate,61.76150451887692,44.817149514357574,22.50179660410636,129.08045063734085,84.26330112298328,0,1,0,0
CDS 1 2022,Moderate,60.33719054901053,34.62213375177103,37.68593581044298,132.64526011122453,98.0231263594535,0,1,0,0
CDS 2 2023,Moderate,71.96910948761352,27.906366474561057,29.03105215268029,128.90652811485486,101.00016164029381,0,1,0,0
CDS 1 2023,Hard,53.90976580036536,41.927073198061116,30.275002472211682,126.11184147063815,84.18476827257705,1,1,0,0
CDS 2 2022,Easy,78.6213240368508,53.564564507574744,37.6355116326414,169.82140017706695,116.2568356694922,1,1,1,1
CDS 2 2022,Easy,53.96815618766907,57.21170876893724,48.20553502887897,159.38539998548526,102.17369121654804,1,1,1,0
CDS 2 2023,Moderate,55.79972272705837,65.33294634066105,15.953253065345365,137.0859221330648,71.75297579240373,1,1,0,0
Standard Mock,Moderate,47.72320035543943,52.300134132912035,29.08721990630294,129.1105543946544,76.81042026174237,0,1,0,0
Standard Mock,Moderate,48.034420713833136,22.51262900759202,20.064902217468564,90.61195193889372,68.0993229313017,0,0,0,0
CDS 1 2023,Hard,62.20996952905636,75.12724110967996,25.638510042189424,162.97572068092575,87.84847957124578,1,1,1,0
Standard Mock,Moderate,50.05644934369127,41.21528435657518,25.785489765710786,117.05722346597724,75.84193910940206,0,0,0,0
CDS 2 2022,Easy,67.43134655138489,62.347986568030144,35.29796661214689,165.0772997315619,102.72931316353177,1,1,1,0
Standard Mock,Moderate,50.21411610011346,26.421423127090712,21.18408281536419,97.81962204256837,71.39819891547765,0,0,0,0
CDS 1 2023,Hard,32.76425832062803,36.388236251281334,25.855447844199546,95.0079424161089,58.619706164827576,0,0,0,0
CDS 1 2023,Hard,48.68562972516817,54.73636251529762,39.947246377497294,143.36923861796308,88.63287610266546,1,1,1,0
Standard Mock,Moderate,56.65197012555498,41.199538703339364,17.06078886808037,114.91229769697472,73.71275899363535,0,0,0,0
CDS 2 2023,Moderate,54.00178606082939,39.62737315322106,28.42865037721942,122.05780959126987,82.43043643804882,0,1,0,0
CDS 1 2023,Hard,48.465371042751926,32.37350681421332,26.907667072817922,107.74654492978317,75.37303811556984,0,0,0,0
Standard Mock,Moderate,62.08322508625592,37.07225895381012,38.60368715904861,137.75917119911466,100.68691224530454,1,1,0,1
CDS 1 2023,Hard,67.71065326007033,20.586392634215954,22.159501585275088,110.45654747956137,89.87015484534541,0,0,0,0
CDS 1 2023,Hard,58.807780713650516,43.855497649088655,23.460734924685283,126.12401328742445,82.2685156383358,1,1,0,0
CDS 1 2023,Hard,30.963313988994695,48.06752089648482,41.13964753186454,120.17048241734406,72.10296152085924,1,1,0,0
CDS 2 2022,Easy,49.99523450836998,75.06719084917033,25.212228761537144,150.27465411907747,75.20746326990712,1,1,0,0
CDS 1 2022,Moderate,52.626200965020416,20.807374870208605,26.65815151267376,100.09172734790278,79.28435247769417,0,0,0,0
Standard Mock,Moderate,56.49221794398446,56.58591716123382,32.722803851642475,145.80093895686076,89.21502179562694,1,1,1,0
Standard Mock,Moderate,46.00921571815525,53.41155161731772,19.797132077593904,119.21789941306687,65.80634779574915,0,0,0,0
CDS 2 2022,Easy,75.06730071227065,67.97816903559689,24.288476488821168,167.33394623668872,99.35577720109183,1,1,1,0
CDS 2 2022,Easy,65.37541841486822,54.1573556617886,50.91805339074646,170.45082746740326,116.29347180561467,1,1,1,1
CDS 1 2022,Moderate,34.777220825120494,60.72172582405524,33.48032617683961,128.97927282601535,68.2575470019601,0,1,0,0
Standard Mock,Moderate,51.06253980916286,45.88639795738826,31.120350310925478,128.06928807747659,82.18289012008833,0,1,0,0
CDS 2 2022,Easy,36.00486120131518,44.1834918412339,56.71347575437476,136.90182879692384,92.71833695568995,0,1,0,0
CDS 1 2022,Moderate,65.057354324728,63.09142867631232,34.132988638517915,162.28177163955823,99.19034296324591,1,1,1,0
CDS 1 2022,Moderate,64.0605612242808,37.27781888976864,32.65075728479025,133.9891373988397,96.71131850907105,0,1,0,0
CDS 1 2023,Hard,62.978507013821385,47.75068504331071,15.012469568363066,125.74166162549517,77.99097658218446,1,1,0,0
CDS 1 2022,Moderate,49.00955248445128,49.93559451195234,47.5228366195664,146.46798361597,96.53238910401768,1,1,0,0
CDS 2 2023,Moderate,66.44123767850108,26.97147485830804,35.819888138247194,129.23260067505632,102.26112581674828,0,1,0,1
Standard Mock,Moderate,51.39270836604662,49.99986980831813,41.72389337611382,143.11647155047856,93.11660174216044,1,1,0,0
CDS 2 2023,Moderate,71.80989905305672,36.39957731156808,39.03274563037172,147.24222199499653,110.84264468342845,1,1,1,1
CDS 2 2022,Easy,57.03935862279366,27.231471207998737,41.02917390523237,125.30000373602476,98.06853252802603,0,0,0,0
Standard Mock,Moderate,76.73441885622985,62.72441516458647,39.41746736377557,178.8763013845919,116.15188622000542,1,1,1,1
CDS 2 2023,Moderate,44.19396059190831,74.77798693233298,47.445651603552555,166.41759912779384,91.63961219546087,1,1,1,0
CDS 1 2022,Moderate,46.79121644622683,48.01331933624752,42.71401794903767,137.51855373151201,89.5052343952645,1,1,0,0
Standard Mock,Moderate,44.55566151751756,58.00323845804818,39.928839718518695,142.48773969408444,84.48450123603625,1,1,0,0
CDS 1 2022,Moderate,53.98873447331153,27.998839118529627,46.65916520255223,128.64673879439337,100.64789967586375,0,1,0,0
Standard Mock,Moderate,45.052438535503555,48.30462333566726,36.365973955887526,129.72303582705834,81.41841249139108,0,1,0,0
CDS 1 2023,Hard,47.834265115758946,46.37073177059139,36.47675548777509,130.68175237412544,84.31102060353403,1,1,0,0
Standard Mock,Moderate,68.58139070934016,55.23096321574009,33.76863564647732,157.58098957155755,102.35002635581748,1,1,1,1
CDS 1 2023,Hard,50.54349696970006,30.24945075853617,46.430549520692765,127.223497248929,96.97404649039282,1,1,0,0
CDS 2 2023,Moderate,81.05297429458312,31.493869325175087,35.34887947089408,147.8957230906523,116.4018537654772,1,1,1,1
CDS 2 2023,Moderate,73.68079350488601,58.21348918056286,36.25901388394959,168.15329656939846,109.9398073888356,1,1,1,1
Standard Mock,Moderate,72.23855918542593,40.89310986224623,38.37955554145025,151.5112245891224,110.61811472687617,1,1,1,1
CDS 1 2022,Moderate,69.7571337766925,56.230293823301025,35.007555074545955,160.99498267453947,104.76468885123845,1,1,1,0
CDS 1 2022,Moderate,38.462694262085385,40.33697009825964,39.46981717009852,118.26948153044354,77.9325114321839,0,0,0,0
CDS 2 2023,Moderate,76.5330963717853,50.87829295019156,41.23087347889095,168.64226280086783,117.76396985067626,1,1,1,1
CDS 2 2022,Easy,69.86309993350221,74.47908028633665,30.015591471232817,174.3577716910717,99.87869140473504,1,1,1,0
CDS 1 2023,Hard,74.91370418416905,59.084842822883665,33.14330808438573,167.14185509143846,108.05701226855479,1,1,1,1
CDS 1 2022,Moderate,54.308518013274664,48.491096984747074,27.028864337750193,129.82847933577193,81.33738235102486,0,1,0,0
CDS 2 2023,Moderate,64.34941038367899,54.45321828442181,31.060133187568795,149.8627618556696,95.40954357124778,1,1,1,0
CDS 2 2023,Moderate,63.06389482073414,54.225516209420654,25.01693224708945,142.30634327724425,88.08082706782359,1,1,1,0
CDS 2 2023,Moderate,68.63528242521521,61.83177723914031,36.71469317590391,167.18175284025943,105.34997560111913,1,1,1,1
CDS 1 2023,Hard,42.82596206503048,25.956631523238702,33.74360337705481,102.52619696532399,76.56956544208529,0,0,0,0
CDS 1 2022,Moderate,48.85918641766912,36.69527779710906,28.6906916626221,114.24515587740028,77.54987808029122,0,0,0,0
CDS 2 2022,Easy,59.52004181258862,65.04585383597662,37.85849689288811,162.42439254145336,97.37853870547673,1,1,1,0
CDS 2 2023,Moderate,56.78840961294298,61.680814157941924,19.14374293230407,137.612966703189,75.93215254524705,1,1,0,0
CDS 2 2023,Moderate,51.629098663849604,53.35843808328854,34.41279572895371,139.40033247609185,86.04189439280331,1,1,0,0
CDS 2 2022,Easy,66.99610418402783,60.74803772071311,50.941795475214754,178.6859373799557,117.93789965924259,1,1,1,1
Standard Mock,Moderate,51.38690420302892,50.3320015600588,56.78562173991662,158.50452750300434,108.17252594294554,1,1,1,1
CDS 1 2022,Moderate,58.52659773378494,50.993411351160866,44.63925423055571,154.1592633155015,103.16585196434065,1,1,1,0
CDS 1 2022,Moderate,63.99228192939327,44.69854286093944,59.92183998600687,168.61266477633959,123.91412191540014,1,1,1,1
CDS 2 2022,Easy,61.82239105982604,67.85819122697247,41.16578512012464,170.84636740692315,102.98817617995067,1,1,1,0
CDS 1 2023,Hard,39.93465969809601,32.95461675255823,14.275552868187958,87.16482931884221,54.21021256628397,0,0,0,0
CDS 2 2022,Easy,48.66077040940713,61.02999635355148,35.75168652474362,145.44245328770222,84.41245693415075,1,1,0,0
CDS 1 2022,Moderate,51.09251136447736,48.83204594058417,20.731734232186575,120.65629153724811,71.82424559666393,0,0,0,0
Standard Mock,Moderate,68.6254348461517,57.84278877967181,18.050265614833872,144.5184892406574,86.67570046098558,1,1,0,0
CDS 2 2022,Easy,73.17306203738326,69.62176257846023,49.54085102156628,192.3356756374098,122.71391305894954,1,1,1,1
CDS 2 2022,Easy,87.02013924659616,56.314858960934295,36.439079513809446,179.7740777213399,123.4592187604056,1,1,1,1
CDS 2 2023,Moderate,55.83561566751975,66.39448026763574,35.01976844755811,157.2498643827136,90.85538411507785,1,1,1,0
CDS 2 2023,Moderate,46.54985516069331,64.52617123805473,26.389503278344243,137.4655296770923,72.93935843903756,1,1,0,0
CDS 1 2022,Moderate,70.2003650690209,58.25282401344864,31.36868353182922,159.82187261429877,101.56904860085012,1,1,1,0
CDS 1 2023,Hard,58.412158424920335,40.894115125921275,42.0021968720079,141.3084704228495,100.41435529692824,1,1,1,1
CDS 2 2022,Easy,75.25632113872582,62.1771898605696,66.4201191049262,203.85363010422162,141.67644024365202,1,1,1,1
CDS 2 2022,Easy,65.49328165794843,50.61662970155338,47.22446985220979,163.33438121171162,112.71775151015822,1,1,1,1
CDS 2 2023,Moderate,83.87967705524733,44.72480015729384,36.80071037695981,165.405187589501,120.68038743220714,1,1,1,1
CDS 2 2022,Easy,56.64310994979964,65.40624895393287,50.972201916064385,173.0215608197969,107.61531186586402,1,1,1,1
CDS 2 2022,Easy,60.02645628585907,36.897328381445725,45.764513451224225,142.68829811852902,105.79096973708329,1,1,0,0
CDS 1 2022,Moderate,61.849705750731566,68.48795771471067,39.52756352076695,169.86522698620917,101.3772692714985,1,1,1,0
CDS 2 2022,Easy,57.291811972713106,44.2548644688995,27.216473711976757,128.76315015358938,84.50828568468987,0,0,0,0
CDS 1 2023,Hard,41.634314996850804,58.583671540288435,40.693258862071865,140.9112453992111,82.32757385892268,1,1,1,0
Standard Mock,Moderate,63.20216577948829,49.60750056696283,47.21294945685148,160.02261580330259,110.41511523633977,1,1,1,1
CDS 1 2022,Moderate,59.04888352299234,44.275308103469214,31.669623809462383,134.99381543592392,90.71850733245472,0,1,0,0
CDS 1 2022,Moderate,44.52198443690969,47.515993077431474,37.64254763607339,129.68052515041455,82.16453207298308,0,1,0,0
Standard Mock,Moderate,67.45360724077875,46.0475555811709,35.9352349643861,149.43639778633576,103.38884220516485,1,1,1,1
CDS 2 2023,Moderate,51.288069699923696,56.85884676979394,35.721532368217616,143.86844883793526,87.0096020681413,1,1,1,0
CDS 2 2023,Moderate,48.566610089161394,50.796515418353806,35.874737536807395,135.23786304432258,84.44134762596879,1,1,0,0
CDS 2 2023,Moderate,52.819352163817356,50.767330185194574,29.12143695092,132.70811929993192,81.94078911473736,1,1,0,0
CDS 2 2023,Moderate,48.66578981707377,37.2557475160896,38.499237152493926,124.42077448565729,87.16502696956769,0,1,0,0
Standard Mock,Moderate,70.62853693033216,37.67091837957817,58.378277453883,166.6777327637933,129.00681438421515,1,1,1,1
CDS 2 2023,Moderate,65.34207862374674,60.491450085573476,27.732580951179806,153.56610966050005,93.07465957492656,1,1,1,0
CDS 1 2022,Moderate,47.34741590914785,37.52413239732777,39.805867584277124,124.67741589075274,87.15328349342496,0,0,0,0
CDS 2 2023,Moderate,57.930154109016314,57.86820565074905,24.689747248526928,140.48810700829227,82.61990135754324,1,1,0,0
Standard Mock,Moderate,51.63019645560413,43.870823660852004,40.519642593318274,136.0206627097744,92.1498390489224,1,1,0,0
Standard Mock,Moderate,58.855276282011374,38.85810394009381,36.477559074001285,134.19093929610648,95.33283535601265,0,1,0,0
CDS 2 2023,Moderate,62.10367113540887,38.66286257000743,50.30334564354411,151.0698793489604,112.40701677895298,1,1,1,1
CDS 2 2023,Moderate,71.71810143273845,38.206140131663474,49.980976334877845,159.90521789927976,121.6990777676163,1,1,1,1
CDS 2 2022,Easy,50.449453949094476,48.43110972679752,43.01960900171765,141.90017267760965,93.46906295081212,1,1,0,0
CDS 2 2022,Easy,83.68603219163002,45.373607103577854,40.34807540499832,169.40771470020618,124.03410759662833,1,1,1,1
CDS 1 2022,Moderate,48.528404889882886,41.14579231098976,45.899049590908305,135.57324679178095,94.4274544807912,0,1,0,0
CDS 1 2022,Moderate,60.43828799460428,42.18889977683004,44.55802745112481,147.18521522255912,104.9963154457291,1,1,1,0
CDS 1 2023,Hard,54.540711712598394,48.1998941381931,29.867452721419838,132.60805857221135,84.40816443401823,1,1,0,0
CDS 2 2022,Easy,70.90744335510325,55.763788737958215,37.79886268745172,164.4700947805132,108.70630604255497,1,1,1,1
CDS 2 2022,Easy,61.282209884765116,58.09121028877755,25.223875930805555,144.59729610434823,86.50608581557067,1,1,0,0
CDS 2 2023,Moderate,78.92191760833067,38.723643484767564,26.162808593089373,143.8083696861876,105.08472620142004,1,1,1,1
CDS 2 2022,Easy,56.29272228356258,60.38182545035728,47.24591778723123,163.92046552115107,103.5386400707938,1,1,1,0
CDS 1 2022,Moderate,58.414623075835436,49.10852149967909,25.819809383610348,133.34295395912488,84.23443245944578,0,1,0,0
CDS 2 2023,Moderate,44.353778726641956,58.45829263305521,36.43426566857493,139.24633702827208,80.78804439521689,1,1,0,0
CDS 2 2022,Easy,52.48800863366322,73.9532547003383,24.674817231703365,151.1160805657049,77.16282586536659,1,1,0,0
CDS 1 2022,Moderate,53.88240360495415,46.15202801762602,46.35947845943822,146.3939100820184,100.24188206439237,1,1,0,0
CDS 2 2023,Moderate,58.38045183058672,37.39201371904271,39.38412699496645,135.15659254459587,97.76457882555317,1,1,0,0
CDS 2 2023,Moderate,61.32497143495645,32.15407867913962,31.185105851759072,124.66415596585514,92.51007728671553,0,1,0,0
CDS 2 2023,Moderate,63.37482074726399,46.11570205866351,32.36692193122084,141.85744473714834,95.74174267848483,1,1,0,0
Standard Mock,Moderate,47.89839056585842,58.52057023663339,50.914003677628045,157.33296448011987,98.81239424348647,1,1,1,0
CDS 1 2022,Moderate,69.64155884171979,27.249805325958956,31.94555297558318,128.83691714326193,101.58711181730297,0,1,0,0
CDS 1 2022,Moderate,79.52917382489511,39.01440244775935,34.38902491994132,152.93260119259577,113.91819874483643,1,1,1,1
CDS 1 2022,Moderate,64.16801574483114,47.7233933269744,46.67120788003297,158.5626169518385,110.8392236248641,1,1,1,1
Standard Mock,Moderate,72.78575167939374,35.0834257511753,45.82999938516868,153.69917681573773,118.61575106456243,1,1,1,1
CDS 1 2022,Moderate,53.262098943405235,15.448649234274747,44.575371632797676,113.28611981047766,97.83747057620292,0,0,0,0
CDS 1 2022,Moderate,58.50544306835011,42.2813543827977,20.691687983753283,121.4784854349011,79.1971310521034,0,0,0,0
CDS 2 2023,Moderate,57.01179910970796,41.3728649746487,31.417556220924922,129.8022203052816,88.42935533063289,0,1,0,0
CDS 1 2023,Hard,44.02856350371186,62.40954404993621,48.33529013454949,154.77339768819755,92.36385363826135,1,1,1,0
CDS 1 2023,Hard,43.37934179743717,35.20641411432577,42.656934010428536,121.24268992219147,86.0362758078657,1,1,0,0
Standard Mock,Moderate,61.2918747333171,40.08301630495241,34.36726040103084,135.74215143930036,95.65913513434793,1,1,0,0
CDS 2 2022,Easy,74.83852343606146,49.2813829213691,41.25886530576658,165.37877166319714,116.09738874182804,1,1,1,1
CDS 1 2023,Hard,41.95410556199528,20.303438612774837,22.851239890247037,85.10878406501715,64.8053454522423,0,0,0,0
CDS 1 2023,Hard,55.122235484151695,36.8132738497775,20.42667526172483,112.36218459565403,75.54891074587653,0,1,0,0
CDS 2 2022,Easy,78.7010185361037,54.612677270768586,51.992995729215856,185.30669153608815,130.69401426531957,1,1,1,1
CDS 2 2022,Easy,64.12915273856851,61.249073444304535,58.79874549421008,184.17697167708312,122.92789823277859,1,1,1,1
Standard Mock,Moderate,56.721935401234774,52.726478617976916,20.739818828795478,130.18823284800717,77.46175423003025,0,1,0,0
CDS 1 2022,Moderate,68.29323772582862,51.49443306165639,28.68348475486356,148.47115554234855,96.97672248069217,1,1,1,0
CDS 2 2023,Moderate,56.36426705084971,18.146135309252024,33.159676008009974,107.67007836811172,89.52394305885969,0,0,0,0
CDS 1 2023,Hard,52.782185962838646,32.4231693332013,37.754954419264436,122.96030971530438,90.53714038210308,1,1,0,0
CDS 1 2022,Moderate,60.52526368215316,52.32530011551327,27.440492933080797,140.29105673074724,87.96575661523396,1,1,0,0
CDS 2 2023,Moderate,57.834768024638265,63.990617611981534,25.60758459317993,147.4329702297997,83.44235261781819,1,1,1,0
CDS 2 2022,Easy,74.28932013532216,60.97345971301333,33.950932360718255,169.21371220905374,108.24025249604041,1,1,1,1
CDS 1 2022,Moderate,65.3741200282038,27.668929248059065,41.42301235011176,134.46606162637462,106.79713237831557,0,1,0,1
CDS 1 2022,Moderate,70.06606541032627,43.706064798704794,29.303010370742687,143.07514057977374,99.36907578106896,1,1,0,0
CDS 2 2022,Easy,91.37881752260199,50.364130294633895,43.01873380721012,184.761681624446,134.3975513298121,1,1,1,1
CDS 2 2023,Moderate,37.94705627244094,31.857483950296768,48.897641339463554,118.70218156220126,86.8446976119045,0,0,0,0
CDS 2 2022,Easy,54.96561096500496,71.99694150040351,36.68647700912151,163.64902947452998,91.65208797412647,1,1,1,0
CDS 1 2023,Hard,62.732399866657595,43.69950476366585,28.73729992127792,135.16920455160135,91.46969978793551,1,1,1,0
CDS 1 2022,Moderate,53.99614307128894,48.88004093733764,36.39653689565351,139.2727209042801,90.39267996694245,1,1,0,0
CDS 1 2022,Moderate,69.68769895681353,53.92772858646774,44.67178122438949,168.28720876767076,114.35948018120303,1,1,1,1
CDS 2 2022,Easy,61.37652442453898,53.89637840556344,47.41822294390126,162.6911257740037,108.79474736844024,1,1,1,1
CDS 2 2023,Moderate,49.18085631286867,49.01432380541189,30.96712208089061,129.16230219917117,80.14797839375927,0,1,0,0
Standard Mock,Moderate,69.10215783664745,33.48961546512473,33.16471827842847,135.75649158020065,102.26687611507592,1,1,0,1
CDS 2 2023,Moderate,60.56741683296819,50.23005154683304,36.134560400565526,146.93202878036675,96.70197723353371,1,1,1,0
Standard Mock,Moderate,69.1987151595443,40.86946953142,45.18923240089899,155.2574170918633,114.3879475604433,1,1,1,1
CDS 2 2022,Easy,58.838565419510566,63.385788043365714,29.59801289044527,151.82236635332154,88.43657830995583,1,1,0,0
CDS 2 2022,Easy,79.48820108337715,52.10283322330008,36.849180720910766,168.440215027588,116.33738180428792,1,1,1,1
CDS 2 2023,Moderate,74.66782556898976,53.234828457612664,40.05557853215008,167.9582325587525,114.72340410113983,1,1,1,1
CDS 1 2023,Hard,43.09083494026273,28.8503639138829,35.42982455423535,107.37102340838099,78.52065949449809,0,0,0,0
CDS 2 2023,Moderate,48.65979814065042,40.97048731861572,31.532284232332877,121.162569691599,80.1920823729833,0,1,0,0
CDS 2 2022,Easy,62.78400305614961,66.50579567761207,25.590183654750813,154.87998238851247,88.37418671090042,1,1,1,0
CDS 2 2022,Easy,76.27686294516428,66.7414936679986,20.52657525859186,163.54493187175473,96.80343820375614,1,1,1,0
CDS 2 2023,Moderate,51.894713701783736,47.17864208800301,43.56975536982786,142.64311115961462,95.4644690716116,1,1,1,0
CDS 1 2023,Hard,55.28775564080998,54.545550450801834,28.51921880463025,138.35252489624207,83.80697444544023,1,1,1,0
CDS 2 2023,Moderate,47.60411987474971,61.215961978674606,41.078403387350086,149.89848524077442,88.6825232620998,1,1,1,0
CDS 2 2022,Easy,72.16340080540411,48.65263884730361,63.246989143234174,184.0630287959419,135.41038994863828,1,1,1,1
CDS 1 2023,Hard,64.57304822593531,54.80087291623204,29.151274917268637,148.52519605943598,93.72432314320395,1,1,1,0
Standard Mock,Moderate,59.923110042786305,63.67286644645955,31.121242181375305,154.71721867062115,91.04435222416161,1,1,1,0
CDS 1 2023,Hard,50.0843806098107,33.79783740191406,18.69819392879555,102.58041194052032,68.78257453860626,0,0,0,0
CDS 1 2022,Moderate,66.19032946588533,49.333552503558145,48.920387515870914,164.44426948531438,115.11071698175624,1,1,1,1
Standard Mock,Moderate,73.18197067234026,42.68083842218516,21.418250785224064,137.28105987974948,94.60022145756432,1,1,0,0
CDS 1 2022,Moderate,57.11424882845899,49.00913265900236,33.8544057252748,139.97778721273613,90.96865455373378,1,1,0,0
CDS 2 2022,Easy,71.90910957392192,56.66834424343751,35.5519316182951,164.12938543565454,107.46104119221702,1,1,1,1
CDS 2 2022,Easy,64.54877109675948,53.63599973102278,30.7411009610885,148.92587178887078,95.28987205784799,1,1,0,0
CDS 2 2023,Moderate,58.563404701028816,48.38111347897741,33.34919434996954,140.29371252997578,91.91259905099835,1,1,0,0
CDS 1 2023,Hard,55.75673540613386,55.27257680765518,26.54163856714136,137.5709507809304,82.29837397327522,1,1,1,0
CDS 1 2022,Moderate,48.305193707969835,81.35956349068267,27.790298915301037,157.45505611395356,76.09549262327087,1,1,1,0
CDS 1 2023,Hard,44.6200864501077,48.81372094001461,19.16996260232193,112.60376999244424,63.79004905242963,0,1,0,0
CDS 1 2023,Hard,34.22880146226126,65.74989910091786,28.117808720220488,128.0965092833996,62.34661018248175,1,1,0,0
CDS 2 2023,Moderate,44.550640778466,30.009825576507623,15.180355142612868,89.7408214975865,59.730995921078865,0,0,0,0
CDS 1 2022,Moderate,68.98359568346986,41.84893443625789,46.247767199858124,157.0802973195859,115.23136288332799,1,1,1,1
Standard Mock,Moderate,66.83212404001068,69.44815697315791,48.9025532751199,185.1828342882885,115.73467731513058,1,1,1,1
CDS 1 2023,Hard,52.53664718820152,30.149452931083758,11.588226258640105,94.27432637792539,64.12487344684163,0,0,0,0
Standard Mock,Moderate,55.73195805064742,45.74568718789536,32.41061203421609,133.88825727275886,88.14257008486351,0,1,0,0
CDS 1 2023,Hard,66.1889459793067,37.9399161529026,40.19542741350065,144.32428954570995,106.38437339280735,1,1,1,1
CDS 1 2023,Hard,65.98484876051819,40.774071674350864,32.861290933048714,139.62021136791776,98.8461396935669,1,1,1,1
Standard Mock,Moderate,69.06544157109964,72.69373412517315,35.72252048237916,177.48169617865193,104.7879620534788,1,1,1,1
CDS 1 2023,Hard,40.61588833205441,38.4817732365526,25.87863280726386,104.97629437587086,66.49452113931827,0,0,0,0
CDS 2 2023,Moderate,64.3945269045799,47.70721719316612,47.67960487103089,159.7813489687769,112.0741317756108,1,1,1,1
CDS 2 2022,Easy,50.77770350493793,64.05950519370357,48.425138964550044,163.26234766319155,99.20284246948798,1,1,1,0
CDS 2 2022,Easy,45.58141340620594,35.91829803183643,39.96195866329201,121.46167010133438,85.54337206949795,0,0,0,0
CDS 1 2022,Moderate,53.353489024979375,57.71117637890383,25.971910730372002,137.0365761342552,79.32539975535138,1,1,0,0
CDS 2 2022,Easy,66.16830174172183,65.56079155548811,27.144089992439724,158.87318328964966,93.31239173416157,1,1,1,0
CDS 1 2022,Moderate,45.661941760715855,38.23187196850133,38.301137904709435,122.19495163392662,83.96307966542528,0,0,0,0
Standard Mock,Moderate,56.3432291746948,54.25739278871435,40.04270748038384,150.643329443793,96.38593665507864,1,1,1,0
CDS 1 2023,Hard,68.3696907355596,43.677410355560085,29.341970402628373,141.38907149374808,97.71166113818798,1,1,1,0
CDS 1 2022,Moderate,55.62262677595675,53.27383257610214,36.81989882622798,145.71635817828687,92.44252560218473,1,1,0,0
Standard Mock,Moderate,59.01690152545624,51.97765075597074,16.962495159075036,127.95704744050202,75.97939668453128,0,1,0,0
Standard Mock,Moderate,63.64561477355457,32.58735556712983,28.19826523652049,124.43123557720489,91.84388001007505,0,0,0,0
CDS 2 2023,Moderate,74.75879150503965,45.25102762893948,39.91445510894402,159.92427424292316,114.67324661398368,1,1,1,1
CDS 2 2023,Moderate,48.62967116852513,63.63108476143478,26.78185171578654,139.04260764574644,75.41152288431167,1,1,0,0
CDS 1 2023,Hard,56.37661940868046,46.11627077469588,25.595303463994348,128.0881936473707,81.97192287267481,1,1,0,0
Standard Mock,Moderate,51.856018125536764,64.2336064187607,50.00843030280379,166.09805484710125,101.86444842834055,1,1,1,1
Standard Mock,Moderate,55.33425928797223,16.582401615692643,28.713297529691395,100.62995843335628,84.04755681766363,0,0,0,0
CDS 2 2023,Moderate,45.18419228448632,49.62228409184863,21.60530225042244,116.41177862675738,66.78949453490875,0,0,0,0
Standard Mock,Moderate,56.7376629555864,44.62603149042531,21.546645125847586,122.91033957185931,78.28430808143399,0,0,0,0
CDS 1 2022,Moderate,65.05337147647349,25.203956629693426,40.27839349915587,130.53572160532278,105.33176497562935,0,1,0,1
CDS 2 2023,Moderate,58.71736519516169,58.82074436568329,21.166592230283896,138.70470179112888,79.88395742544559,1,1,0,0
CDS 2 2022,Easy,72.84146416353498,45.8074575711952,31.019727736755414,149.6686494714856,103.8611919002904,1,1,0,0
Standard Mock,Moderate,55.38732949501693,52.03161808128692,12.472066052686607,119.89101362899046,67.85939554770354,0,0,0,0
CDS 1 2023,Hard,52.27155453659869,26.81908938444937,37.761400660542876,116.85204458159095,90.03295519714158,0,1,0,0
CDS 1 2022,Moderate,53.80877051750068,35.94851323806896,19.934747419608847,109.6920311751785,73.74351793710953,0,0,0,0
CDS 1 2023,Hard,43.18018003931781,31.620857814983292,37.96778943077157,112.76882728507267,81.14796947008938,0,1,0,0
CDS 2 2023,Moderate,61.24175684744613,32.76641680784624,31.192365961381956,125.20053961667433,92.43412280882809,0,1,0,0
CDS 1 2022,Moderate,58.316995768283576,33.50688728947977,40.99103331863595,132.8149163763993,99.30802908691953,0,1,0,0
CDS 1 2022,Moderate,68.09112790731379,42.20419288712591,26.502790785223038,136.79811157966276,94.59391869253683,1,1,0,0
CDS 2 2022,Easy,70.30683123010047,55.45089831203039,33.36563842780512,159.123367969936,103.6724696579056,1,1,1,0
CDS 2 2022,Easy,61.853091712119074,26.431130733718035,41.29368006703819,129.5779025128753,103.14677177915726,0,0,0,0
Standard Mock,Moderate,41.70318184791917,60.4461768677886,41.15967006046838,143.30902877617615,82.86285190838754,1,1,0,0
Standard Mock,Moderate,50.89513296468479,51.53663103482762,32.55971647828866,134.99148047780108,83.45484944297345,0,1,0,0
CDS 2 2022,Easy,71.93217601658704,44.36751703625947,19.723227283291514,136.02292033613801,91.65540329987854,0,1,0,0
CDS 2 2022,Easy,61.67420620150125,84.98116580465793,47.03140197236049,193.68677397851968,108.70560817386175,1,1,1,1
CDS 2 2023,Moderate,57.71994273190282,52.82721692641557,20.930225378960113,131.4773850372785,78.65016811086294,1,1,0,0
CDS 1 2023,Hard,68.2099578954071,29.12021745814849,30.864112967836007,128.19428832139158,99.07407086324311,1,1,0,1
CDS 2 2023,Moderate,69.5799394148002,35.687029869652505,41.63545618498435,146.90242546943705,111.21539559978454,1,1,1,1
CDS 1 2023,Hard,58.81425617534342,54.182680510706724,37.97812454127098,150.9750612273211,96.79238071661439,1,1,1,0
CDS 1 2022,Moderate,59.33551024690544,62.72728586497515,31.41920553820681,153.4820016500874,90.75471578511225,1,1,1,0
CDS 2 2023,Moderate,47.89839497019115,31.559680471626848,39.38579290921005,118.84386835102805,87.2841878794012,0,0,0,0
CDS 1 2023,Hard,65.65376272259603,55.22299882776963,27.93563587511071,148.81239742547638,93.58939859770673,1,1,1,0
CDS 2 2023,Moderate,64.91412756355527,65.09553278492692,22.7677976993807,152.7774580478629,87.68192526293598,1,1,1,0
CDS 1 2023,Hard,70.51245266427729,30.860945619565364,37.05829194079372,138.43169022463638,107.57074460507101,1,1,1,1
CDS 2 2022,Easy,61.93986045642591,46.5554752080228,41.45427217405759,149.94960783850632,103.39413263048351,1,1,0,0
CDS 2 2022,Easy,81.92346572463205,22.559823434711717,41.44326471726037,145.92655387660415,123.36673044189243,1,1,0,1
CDS 2 2022,Easy,68.3935581275622,54.10088132657862,36.51842603182687,159.0128654859677,104.91198415938908,1,1,1,0
CDS 1 2022,Moderate,56.313806342143,61.436253342640576,43.07046416606687,160.82052385085046,99.38427050820988,1,1,1,0
CDS 2 2022,Easy,67.83053162258653,54.503953542289956,36.60688812861841,158.9413732934949,104.43741975120494,1,1,1,0
CDS 2 2023,Moderate,60.195996165776286,54.947143782854816,26.975699601351632,142.11883954998274,87.17169576712791,1,1,1,0
CDS 2 2023,Moderate,64.60042323860466,63.0641973634617,50.404412397766734,178.0690329998331,115.0048356363714,1,1,1,1
CDS 2 2022,Easy,58.1432508240987,43.58855940286634,48.20298374508965,149.93479397205468,106.34623456918834,1,1,0,0
CDS 2 2023,Moderate,66.9593210094085,35.720961319492986,29.83385801239892,132.5141403413004,96.79317902180742,1,1,0,0
Standard Mock,Moderate,62.800453426974045,26.988293107137263,8.254328718458591,98.0430752525699,71.05478214543264,0,0,0,0
CDS 2 2022,Easy,63.22508116225717,50.56817475810173,40.824417666348424,154.61767358670733,104.04949882860559,1,1,1,0
Standard Mock,Moderate,44.20563701282401,52.694511926848726,26.821081578614944,123.72123051828768,71.02671859143896,0,0,0,0
Standard Mock,Moderate,65.81781770628362,61.88200537244387,34.83776882404059,162.53759190276807,100.6555865303242,1,1,1,1
CDS 2 2023,Moderate,63.97397023459234,44.63397535906059,27.525443460417875,136.13338905407082,91.49941369501022,1,1,0,0
CDS 2 2023,Moderate,45.97133842792145,61.34520743065606,33.918610096085835,141.23515595466336,79.88994852400728,1,1,0,0
CDS 1 2022,Moderate,66.85290084710968,44.36537707441208,49.02009325919122,160.238371180713,115.8729941063009,1,1,1,1
CDS 1 2022,Moderate,73.46099794514258,65.65902099083873,33.066957735520305,172.1869766715016,106.52795568066288,1,1,1,1
CDS 1 2023,Hard,54.781432525578765,57.70134837171827,35.65785099043421,148.14063188773125,90.43928351601298,1,1,1,0
CDS 1 2023,Hard,53.065723714187946,55.46636110247563,31.747111900353392,140.279196717017,84.81283561454134,1,1,1,0
CDS 2 2023,Moderate,58.669968360699364,73.71608465501892,21.791077174938387,154.17713019065667,80.46104553563775,1,1,1,0
CDS 2 2022,Easy,60.30235535662863,68.87208003341352,41.58756050937543,170.76199589941757,101.88991586600406,1,1,1,0
CDS 1 2022,Moderate,53.91506096268798,51.044847561298,24.921320867778697,129.8812293917647,78.83638183046668,0,1,0,0
CDS 1 2023,Hard,37.069236020876104,42.94046397178487,27.696751385056636,107.70645137771763,64.76598740593275,0,0,0,0
Standard Mock,Moderate,57.30048103174836,67.13013547444814,19.56549056814253,143.99610707433902,76.86597159989088,1,1,0,0
CDS 1 2023,Hard,56.03538153949175,36.87956499783466,41.449216942093926,134.36416347942034,97.48459848158568,1,1,0,0
CDS 1 2023,Hard,46.19988018309236,37.410554484061365,32.15344736204128,115.763882029195,78.35332754513364,0,1,0,0
Standard Mock,Moderate,48.22238542008642,40.532757325272044,49.69784258787496,138.4529853332334,97.92022800796138,1,1,0,0
CDS 2 2023,Moderate,41.59733615204431,41.94842381024852,48.28166053957332,131.82742050186616,89.87899669161763,1,1,0,0
CDS 2 2022,Easy,58.921761073843754,75.89129783916388,22.34612412970026,157.1591830427079,81.26788520354401,1,1,1,0
CDS 2 2023,Moderate,47.105194127903125,58.951443870485285,35.5844948070565,141.64113280544493,82.68968893495963,1,1,0,0
Standard Mock,Moderate,64.21716933003097,27.580009700551006,34.40345688007808,126.20063591066005,98.62062621010905,0,1,0,0
CDS 2 2022,Easy,56.90275164232716,45.55391116015605,41.87800338042522,144.33466618290842,98.78075502275237,1,1,0,0
CDS 2 2022,Easy,67.03359459998768,66.55003462960121,46.817434088151415,180.4010633177403,113.8510286881391,1,1,1,1
Standard Mock,Moderate,47.738206421873166,57.20975213464956,56.966460549789545,161.91441910631227,104.7046669716627,1,1,1,1
Standard Mock,Moderate,59.98285846330936,76.38489326399969,45.89536583076641,182.26311755807546,105.87822429407578,1,1,1,1
CDS 2 2022,Easy,50.612798989431305,26.45882008152006,37.74737357508646,114.81899264603783,88.36017256451777,0,0,0,0
CDS 2 2022,Easy,66.92651532648024,54.53005461468689,43.65394241925141,165.11051236041854,110.58045774573165,1,1,1,1
CDS 1 2022,Moderate,53.4546642900169,52.482404200941225,14.50485483811675,120.44192332907488,67.95951912813365,0,0,0,0
CDS 2 2023,Moderate,74.55434483915325,53.28071914827774,29.08981544266568,156.92487943009667,103.64416028181893,1,1,1,1
CDS 1 2023,Hard,39.31855686579949,35.279412427064116,33.65770450954011,108.25567380240372,72.9762613753396,0,0,0,0
CDS 2 2023,Moderate,52.375820493970856,43.27666101560388,27.396363587838692,123.04884509741342,79.77218408180954,0,1,0,0
CDS 1 2022,Moderate,63.824333156925356,43.234616021185765,21.878367988044822,128.93731716615594,85.70270114497018,0,1,0,0
Standard Mock,Moderate,59.58528222000852,69.5599824201002,24.009607754681408,153.15487239479012,83.59488997468993,1,1,1,0
CDS 1 2022,Moderate,51.46504519938658,36.26030460213003,28.305630863665094,116.03098066518169,79.77067606305167,0,0,0,0
Standard Mock,Moderate,77.98480087138117,36.7608959250763,40.529052285994815,155.27474908245227,118.51385315737599,1,1,1,1
Standard Mock,Moderate,71.06231558859969,51.08704105333802,37.00698694288878,159.1563435848265,108.06930253148846,1,1,1,1
CDS 1 2022,Moderate,56.55522791247547,52.053193188655214,27.505840130430265,136.11426123156093,84.06106804290573,1,1,0,0
CDS 2 2023,Moderate,54.549127700044096,32.768506737082745,53.16755629575105,140.48519073287787,107.71668399579514,1,1,0,1
CDS 2 2022,Easy,80.36156772854946,58.58902880825327,38.88681151202199,177.83740804882473,119.24837924057145,1,1,1,1
CDS 1 2022,Moderate,68.33157766629435,58.37098061638364,28.69750704995564,155.40006533263363,97.02908471625,1,1,1,0
CDS 2 2022,Easy,37.92456144618823,43.91124631190721,32.80010466778061,114.63591242587606,70.72466611396884,0,0,0,0
CDS 2 2022,Easy,52.464939876282386,59.62899961818034,37.85045161921049,149.94439111367322,90.31539149549288,1,1,0,0
CDS 2 2022,Easy,72.02659998499306,47.01167842127744,42.40876757200407,161.44704597827456,114.43536755699714,1,1,1,1
CDS 1 2023,Hard,58.69016437825167,51.23267401523219,30.994285558806805,140.91712395229067,89.68444993705847,1,1,1,0
CDS 1 2023,Hard,62.76936702931516,29.23296392606492,30.243811311365032,122.24614226674512,93.0131783406802,1,1,0,0
CDS 1 2022,Moderate,53.47049844167919,44.21680399300493,29.502106403619667,127.18940883830379,82.97260484529886,0,0,0,0
CDS 1 2022,Moderate,62.68050427589753,47.386575683815465,42.15174390128058,152.21882386099358,104.83224817717812,1,1,1,0
Standard Mock,Moderate,60.161247879004726,41.809136242411924,36.43306305000004,138.4034471714167,96.59431092900476,1,1,0,0
CDS 1 2022,Moderate,50.74607742357044,39.65820770307753,17.4456210268929,107.84990615354087,68.19169845046335,0,0,0,0
CDS 1 2023,Hard,59.73145453267787,37.14631555088872,24.37670849568346,121.25447857925005,84.10816302836133,1,1,0,0
CDS 1 2023,Hard,59.66431287412317,27.045605774007534,34.16551597138135,120.87543461951205,93.82982884550452,1,1,0,0
CDS 2 2022,Easy,74.97059356453641,41.44180171337728,51.27350089355485,167.68589617146856,126.24409445809127,1,1,1,1
CDS 1 2023,Hard,46.76163130358846,38.23775774493639,39.52872546516953,124.52811451369438,86.29035676875799,1,1,0,0
Standard Mock,Moderate,37.80222052548149,45.007564497930225,21.003184952673138,103.81296997608484,58.805405478154626,0,0,0,0
Standard Mock,Moderate,48.36957349715398,48.38875456420295,30.865762293635587,127.62409035499252,79.23533579078956,0,1,0,0
CDS 2 2023,Moderate,74.62254604034729,60.870501594873105,32.09546083772211,167.5885084729425,106.71800687806939,1,1,1,1
CDS 2 2023,Moderate,74.28760162036771,51.41705512062682,49.34309669352076,175.0477534345153,123.63069831388847,1,1,1,1
CDS 1 2022,Moderate,40.36710852161026,60.58079865376249,39.608248654038654,140.5561558294114,79.97535717564892,1,1,0,0
CDS 1 2022,Moderate,59.189328945645826,58.31800273760949,52.44583870075249,169.95317038400782,111.63516764639832,1,1,1,1
Standard Mock,Moderate,65.68273377152784,52.000438215130536,45.86380711205838,163.54697909871675,111.54654088358622,1,1,1,1
CDS 1 2023,Hard,30.071895006046464,54.36601632697425,26.006888388237076,110.4447997212578,56.07878339428354,0,0,0,0
CDS 1 2023,Hard,46.92408659901704,27.461964233163144,28.212219958104487,102.59827079028467,75.13630655712153,0,0,0,0
CDS 1 2023,Hard,72.83922595201769,29.39357325831125,43.45193965934412,145.68473886967305,116.2911656113618,1,1,1,1
Standard Mock,Moderate,61.47298000389084,55.37933566837654,28.19505952235952,145.0473751946269,89.66803952625037,1,1,1,0
CDS 2 2023,Moderate,65.09683077242329,51.98302137249465,43.117055716132654,160.1969078610506,108.21388648855594,1,1,1,1
Standard Mock,Moderate,89.35406206388468,27.47275974676183,24.72076234989261,141.54758416053912,114.07482441377729,1,1,0,1
CDS 1 2023,Hard,51.069097992985384,22.090452759928084,17.45609387551786,90.61564462843133,68.52519186850324,0,0,0,0
Standard Mock,Moderate,49.986853458020335,36.54458277659928,25.778110945683725,112.30954718030333,75.76496440370406,0,0,0,0
CDS 1 2022,Moderate,65.18218950445412,45.84582510153024,29.93810938914664,140.966123995131,95.12029889360076,1,1,0,0
Standard Mock,Moderate,68.94232774500935,44.82544921554334,27.33677475218574,141.1045517127384,96.27910249719508,1,1,0,0
CDS 2 2022,Easy,68.65759986092915,26.381133892593013,20.584321993797786,115.62305574731995,89.24192185472694,0,0,0,0
Standard Mock,Moderate,63.461173287977225,72.77064161822892,39.92014280566899,176.15195771187513,103.3813160936462,1,1,1,1
CDS 1 2023,Hard,56.5809487586681,37.654328276968315,36.55791773806476,130.79319477370117,93.13886649673286,1,1,0,0
CDS 2 2023,Moderate,62.972272215850865,22.512086182492375,51.67256841749534,137.15692681583857,114.6448406333462,1,1,0,1
CDS 2 2022,Easy,69.13616257571681,58.38441063051211,61.35586730077366,188.8764405070026,130.49202987649048,1,1,1,1
CDS 2 2023,Moderate,76.50572963232848,47.61543007003544,28.707878504705576,152.8290382070695,105.21360813703406,1,1,1,1
CDS 2 2022,Easy,65.33524702388587,40.9818660657976,17.824089206412292,124.14120229609577,83.15933623029817,0,0,0,0
CDS 1 2022,Moderate,49.03124920616014,58.46583726820866,43.220660780325275,150.71774725469407,92.25190998648542,1,1,1,0
CDS 2 2023,Moderate,63.24036442706533,46.03020704733871,43.24102896855706,152.5116004429611,106.48139339562239,1,1,1,1
Standard Mock,Moderate,72.01931669539543,48.694368569121075,35.08788442632072,155.80156969083723,107.10720112171614,1,1,1,1
CDS 1 2023,Hard,52.34407366737589,34.94561420064504,35.475603821091426,122.76529168911235,87.8196774884673,1,1,0,0
Standard Mock,Moderate,69.76431377198068,34.813004943261674,23.678508592839933,128.2558273080823,93.44282236482061,0,1,0,0
CDS 2 2022,Easy,71.87426755126504,49.55330300616246,39.114557854169874,160.54212841159736,110.98882540543491,1,1,1,1
CDS 2 2023,Moderate,68.9005773247546,45.597584948395564,28.927385859139157,143.42554813228932,97.82796318389376,1,1,1,0
Standard Mock,Moderate,73.99227950071159,66.86877852324392,50.3914234581065,191.25248148206202,124.38370295881809,1,1,1,1
CDS 2 2023,Moderate,57.17874223066089,36.61256606677586,47.3070290498447,141.09833734728144,104.48577128050559,1,1,0,1
CDS 1 2023,Hard,45.930971252779386,60.07441842278236,11.196353179005111,117.20174285456686,57.1273244317845,0,1,0,0
CDS 1 2022,Moderate,51.36020150923922,37.07610789686059,33.7346742025294,122.17098360862921,85.09487571176862,0,0,0,0
Standard Mock,Moderate,66.9516524833014,32.34219731480461,31.243663392826598,130.5375131909326,98.195315876128,0,1,0,0
CDS 2 2023,Moderate,64.4166256418606,37.9511312962141,20.662699751897716,123.03045668997243,85.07932539375832,0,1,0,0
CDS 1 2022,Moderate,38.93110885373919,50.14235003664574,20.760418878023934,109.83387776840885,59.691527731763124,0,0,0,0
CDS 2 2023,Moderate,40.35463961897075,47.9715730064063,20.188542753782844,108.5147553791599,60.54318237275359,0,0,0,0
CDS 1 2022,Moderate,54.56393103906947,70.00675855229251,54.92036635959309,179.49105595095506,109.48429739866256,1,1,1,1
CDS 1 2023,Hard,46.32077537248846,48.991390682553416,34.45710094722786,129.76926700226971,80.77787631971631,1,1,0,0
CDS 2 2022,Easy,59.02521141975597,54.85241860830331,25.044584635017962,138.92221466307723,84.06979605477393,0,1,0,0
CDS 1 2022,Moderate,58.271543251858894,53.307802417973825,30.642355030293807,142.22170070012652,88.9138982821527,1,1,0,0
CDS 2 2022,Easy,57.492703929944014,56.308995644197985,28.48002452420857,142.28172409835057,85.97272845415259,1,1,0,0
CDS 1 2023,Hard,58.859700925688756,51.13708733189297,20.586840448799578,130.58362870638132,79.44654137448833,1,1,0,0
CDS 2 2023,Moderate,42.29518862223922,44.90389756562869,29.218865412843567,116.41795160071149,71.5140540350828,0,0,0,0
CDS 1 2023,Hard,48.6377628734807,62.45289378769737,25.47951621159046,136.57017287276852,74.11727908507116,1,1,1,0
CDS 1 2023,Hard,46.49115910961101,45.24552135677262,49.52977377977531,141.26645424615896,96.02093288938633,1,1,1,0
CDS 2 2023,Moderate,60.92055137311992,78.35913299102343,39.76240353387666,179.04208789802,100.68295490699657,1,1,1,0
CDS 2 2022,Easy,55.06406996068552,45.941605641136945,28.79582081063611,129.80149641245856,83.85989077132163,0,0,0,0
Standard Mock,Moderate,60.32143146964561,48.2680708718233,17.742288751874266,126.33179109334317,78.06372022151987,0,1,0,0
CDS 2 2023,Moderate,76.93547133413672,44.48777449229668,36.51407390624777,157.93731973268117,113.4495452403845,1,1,1,1
CDS 1 2023,Hard,48.81839551316372,30.09000672114343,37.18809363641252,116.09649587071966,86.00648914957624,0,1,0,0
CDS 1 2022,Moderate,78.46395920599248,51.08100958394145,54.33359747714357,183.87856626707753,132.79755668313607,1,1,1,1
CDS 1 2023,Hard,54.88484911923355,53.1375820267279,38.24527846593247,146.2677096118939,93.13012758516602,1,1,1,0
Standard Mock,Moderate,51.94008268940584,32.13183078380045,29.73444866863298,113.80636214183927,81.67453135803882,0,0,0,0
CDS 2 2022,Easy,69.09064938334058,38.80089234566472,46.66627883456891,154.5578205635742,115.75692821790949,1,1,1,1
CDS 1 2023,Hard,50.44801095183841,29.21440227707395,19.22196865934921,98.88438188826157,69.66997961118761,0,0,0,0
CDS 2 2022,Easy,70.51017060226299,51.39008852761241,32.6651793332172,154.56543846309262,103.1753499354802,1,1,1,0
CDS 1 2023,Hard,38.726882720526845,39.46872016186421,31.495921677797313,109.69152456018837,70.22280439832416,0,0,0,0
CDS 2 2022,Easy,57.71040749966838,57.16353856604133,38.10985702317526,152.98380308888497,95.82026452284364,1,1,1,0
CDS 2 2023,Moderate,51.85131851090656,69.66689319224179,20.237374559982207,141.75558626313057,72.08869307088877,1,1,0,0
CDS 1 2023,Hard,48.66727295289727,52.13007682024376,29.225919174504885,130.02326894764593,77.89319212740216,1,1,0,0
Standard Mock,Moderate,95.29055187570484,53.39792656471812,22.555135501111344,171.2436139415343,117.84568737681619,1,1,1,1
CDS 2 2023,Moderate,52.92447714705894,39.35745574791852,29.61209695423289,121.89402984921034,82.53657410129182,0,1,0,0
Standard Mock,Moderate,48.743450321994146,30.30596775542117,34.58708638215339,113.6365044595687,83.33053670414753,0,0,0,0
CDS 1 2022,Moderate,69.4680756651187,53.069219674817276,35.550029360333745,158.08732470026973,105.01810502545246,1,1,1,1
CDS 2 2023,Moderate,55.33811388053777,51.45076686200794,31.327960657882517,138.11684140042823,86.66607453842029,1,1,0,0
CDS 2 2023,Moderate,48.35949367594175,37.68463783345855,31.420095655866643,117.46422716526695,79.7795893318084,0,0,0,0
CDS 1 2022,Moderate,51.094311894089856,64.07191907376,13.901617593743584,129.06784856159345,64.99592948783344,0,1,0,0
CDS 2 2023,Moderate,53.13461246846231,60.825507856731505,46.633760551635504,160.5938808768293,99.76837302009781,1,1,1,0
CDS 1 2022,Moderate,47.14000293483507,78.7260355122682,24.11588764327154,149.9819260903748,71.2558905781066,1,1,1,0
CDS 2 2023,Moderate,77.50925941927143,51.088477277008195,34.68481486671896,163.28255156299858,112.19407428599038,1,1,1,1
Standard Mock,Moderate,53.691535970528115,39.39381719133034,39.3235271420034,132.40888030386185,93.01506311253152,0,1,0,0
CDS 2 2022,Easy,44.67646235701615,55.25311297420705,26.78444213488949,126.7140174661127,71.46090449190564,0,0,0,0
CDS 2 2023,Moderate,48.68932764497412,35.10406752680564,34.32722535086465,118.1206205226444,83.01655299583877,0,0,0,0
CDS 2 2023,Moderate,52.176460774980065,50.969766571681255,43.531653064131916,146.67788041079322,95.70811383911197,1,1,1,0
CDS 2 2023,Moderate,59.90335578686653,53.767303120168165,43.78963973070651,157.4602986377412,103.69299551757304,1,1,1,1
CDS 1 2022,Moderate,74.46563291251367,42.8443802576699,30.4014073768486,147.71142054703216,104.86704028936227,1,1,1,0
CDS 1 2023,Hard,41.98890733608655,51.57723873162935,26.56815426102064,120.13430032873654,68.5570615971072,1,1,0,0
CDS 2 2022,Easy,77.99987372262134,33.469697601406764,49.60305168086668,161.0726230048948,127.60292540348803,1,1,1,1
Standard Mock,Moderate,70.83145212660735,58.777407889468165,16.614813767279294,146.2236737833548,87.44626589388665,1,1,1,0
CDS 2 2022,Easy,61.32215473428945,39.01061982526521,47.02533313933856,147.3581076988932,108.34748787362801,1,1,0,1
CDS 1 2022,Moderate,71.71167632706147,39.97854106976187,20.35025253895111,132.04046993577444,92.06192886601258,0,1,0,0
CDS 1 2022,Moderate,50.01905372230965,49.13433081106162,17.45715147177501,116.61053600514629,67.47620519408466,0,0,0,0
CDS 2 2022,Easy,83.06089117836962,56.16586944503497,66.66905222320008,205.89581284660466,149.7299434015697,1,1,1,1
CDS 1 2022,Moderate,71.16681275067522,53.98659833721855,37.320946379285374,162.47435746717915,108.4877591299606,1,1,1,1
CDS 2 2023,Moderate,56.57851348872761,54.44974445527714,36.950769254226024,147.97902719823077,93.52928274295363,1,1,1,0
CDS 1 2022,Moderate,54.215402711236685,47.29883857203014,34.22505700107012,135.73929828433694,88.4404597123068,0,1,0,0
CDS 1 2023,Hard,63.26403317330525,39.38149349670818,21.471742626978553,124.11726929699199,84.7357758002838,1,1,0,0
CDS 1 2022,Moderate,79.12005469052697,64.19014858666446,46.640601525859374,189.9508048030508,125.76065621638634,1,1,1,1
CDS 1 2022,Moderate,60.24431840178034,60.0268340004351,38.20997563686023,158.48112803907566,98.45429403864057,1,1,1,0
CDS 2 2023,Moderate,75.60255529530932,32.21470431540185,15.483970871171135,123.3012304818823,91.08652616648045,0,1,0,0
Standard Mock,Moderate,73.09444101402647,39.93935052890307,32.23110644231196,145.2648979852415,105.32554745633843,1,1,1,1
CDS 2 2023,Moderate,47.45839013004396,31.171568598914103,29.449832984558906,108.07979171351697,76.90822311460286,0,0,0,0
CDS 2 2022,Easy,85.91094272732477,54.30459349884739,39.775639480194265,179.99117570636642,125.68658220751902,1,1,1,1
Standard Mock,Moderate,65.88076675167832,59.35065787865567,44.6234516926657,169.8548763229997,110.50421844434402,1,1,1,1
CDS 1 2022,Moderate,70.73621943907571,44.425598340517666,28.691544492091438,143.85336227168483,99.42776393116715,1,1,0,0
CDS 1 2022,Moderate,67.69031655442275,47.9387204156733,29.7261093836038,145.35514635369987,97.41642593802655,1,1,0,0
CDS 2 2023,Moderate,63.987637644248146,26.667828451557586,42.85185082310376,133.5073169189095,106.83948846735191,1,1,0,1
CDS 2 2023,Moderate,67.14745649888945,56.48949253037257,32.66275942148275,156.2997084507448,99.8102159203722,1,1,1,0
CDS 1 2023,Hard,62.76931692354829,56.24144377145444,42.86332048895326,161.87408118395598,105.63263741250155,1,1,1,1
CDS 2 2022,Easy,78.46571662610296,58.49654781779135,54.43670319166238,191.3989676355567,132.90241981776535,1,1,1,1
CDS 1 2023,Hard,55.321850870368394,48.78497141719627,36.98253666542668,141.08935895299135,92.30438753579507,1,1,1,0
Standard Mock,Moderate,56.9093376326174,47.57884239858487,39.04823408808268,143.53641411928496,95.95757172070009,1,1,0,0
Standard Mock,Moderate,51.46067091539944,48.66239091036107,47.9046074137635,148.02766923952402,99.36527832916295,1,1,1,0
CDS 2 2022,Easy,85.48708257698851,48.318654725879604,23.745077298001675,157.55081460086978,109.23215987499019,1,1,1,1
CDS 2 2023,Moderate,60.326388366908716,52.79363247122622,46.37381097628914,159.49383181442408,106.70019934319785,1,1,1,1
Standard Mock,Moderate,63.10472754180751,34.11670323324634,23.72736207445853,120.94879284951239,86.83208961626605,0,0,0,0
CDS 1 2023,Hard,58.22504660289905,33.61746699652806,19.08715204945313,110.92966564888025,77.31219865235218,0,0,0,0
CDS 1 2023,Hard,60.00917329085858,59.26427154834168,22.141405821785792,141.41485066098605,82.15057911264437,1,1,1,0
CDS 2 2023,Moderate,72.2393634423789,36.811545081816156,19.285800016616996,128.33670854081205,91.5251634589959,0,1,0,0
Standard Mock,Moderate,37.142227555050496,57.196661718868796,27.174086374518666,121.51297564843796,64.31631392956916,0,0,0,0
CDS 2 2023,Moderate,55.86105057725143,29.73198818061907,39.60797243615968,125.20101119403019,95.46902301341112,0,1,0,0
Standard Mock,Moderate,67.97975254581905,48.14603618739486,29.4489077207165,145.57469645393041,97.42866026653556,1,1,1,0
CDS 2 2022,Easy,64.07125498606948,41.16298801912261,27.28451479107716,132.51875779626926,91.35576977714663,0,1,0,0
CDS 1 2023,Hard,64.67794469003427,52.600588498641116,33.19193726001357,150.47047044868896,97.86988195004784,1,1,1,0
CDS 2 2023,Moderate,63.24658235502518,27.2878725759988,36.42990634809217,126.96436127911615,99.67648870311734,0,1,0,0
CDS 2 2023,Moderate,57.296333032388304,71.43728637927089,34.72615679596256,163.45977620762176,92.02248982835087,1,1,1,0
CDS 2 2023,Moderate,66.86956632098678,55.17045247073674,50.36061181709528,172.4006306088188,117.23017813808207,1,1,1,1
CDS 1 2022,Moderate,52.886967730505205,50.83468375517079,36.17124216149851,139.8928936471745,89.05820989200372,1,1,0,0
CDS 2 2023,Moderate,50.60844430229318,45.53079607587394,31.15612623407079,127.29536661223791,81.76457053636398,0,1,0,0
CDS 2 2022,Easy,81.05619832565118,69.46982104859252,19.192594746090215,169.71861412033394,100.2487930717414,1,1,1,0
Standard Mock,Moderate,50.63204765040617,62.15930556046157,21.27920812730386,134.07056133817161,71.91125577771004,0,1,0,0
Standard Mock,Moderate,67.31898069234381,57.60842337054692,47.5451870238119,172.47259108670264,114.86416771615572,1,1,1,1
CDS 2 2022,Easy,85.59845001737402,53.122271486522095,45.587238369444854,184.30795987334096,131.18568838681887,1,1,1,1
CDS 2 2022,Easy,68.42926377321342,45.6474960968786,52.434691283459635,166.51145115355166,120.86395505667306,1,1,1,1
Standard Mock,Moderate,53.48111417468619,22.74500641481601,31.910399854020927,108.13652044352312,85.39151402870712,0,0,0,0
CDS 1 2023,Hard,56.38078408417547,40.63671175519143,14.91097036839179,111.92846620775869,71.29175445256726,0,0,0,0
CDS 1 2023,Hard,63.652897561352496,60.12539044224245,26.184988314849313,149.96327631844426,89.83788587620181,1,1,1,0
CDS 2 2022,Easy,50.39499100581512,63.10164467688305,51.91260681631832,165.4092424990165,102.30759782213345,1,1,1,0
CDS 1 2022,Moderate,42.83966751689311,47.235056573952406,62.10794299040533,152.18266708125083,104.94761050729844,1,1,1,0
CDS 2 2022,Easy,56.22515977844368,52.359783668083914,25.929128052159832,134.51407149868743,82.15428783060352,0,1,0,0
CDS 2 2022,Easy,63.725931276100404,51.42644612531248,41.02645528539664,156.17883268680953,104.75238656149705,1,1,1,0
CDS 2 2022,Easy,71.33225310115094,31.780430593114346,36.123701673367535,139.2363853676328,107.45595477451847,0,1,0,1
CDS 1 2023,Hard,53.506385043503585,44.24524757069668,11.060178773013774,108.81181138721404,64.56656381651736,0,0,0,0
Standard Mock,Moderate,50.20699769717365,63.76889977829525,36.633603549158,150.60950102462692,86.84060124633166,1,1,1,0
CDS 2 2022,Easy,55.51251304732,49.79932519976616,50.61256258512118,155.92440083220734,106.12507563244118,1,1,1,0
CDS 2 2022,Easy,82.53194802065585,44.914084173919704,36.34847386801787,163.79450606259343,118.88042188867371,1,1,1,1
CDS 1 2023,Hard,61.87238450395289,29.902605830451897,26.513682163010913,118.28867249741569,88.3860666669638,0,1,0,0
CDS 1 2023,Hard,50.22160149296209,56.10616157493825,29.643147742535987,135.97091081043632,79.86474923549807,1,1,1,0
CDS 2 2022,Easy,45.65912254540423,62.49884313584852,40.230806589504205,148.38877227075696,85.88992913490844,1,1,0,0
CDS 1 2022,Moderate,61.93448574991796,47.10785604289771,48.098651694335345,157.140993487151,110.0331374442533,1,1,1,1
CDS 2 2023,Moderate,58.15448557814055,49.191765779416194,40.92329547013343,148.26954682769016,99.07778104827398,1,1,1,0
CDS 1 2022,Moderate,56.09591261719529,40.16966048140026,40.1614403958638,136.42701349445935,96.25735301305909,1,1,0,0
Standard Mock,Moderate,53.88822847980673,64.23682992199689,29.720059782343863,147.84511818414748,83.6082882621506,1,1,1,0
CDS 1 2023,Hard,22.789836440142864,40.41126177040267,33.164790678103536,96.36588888864907,55.9546271182464,0,0,0,0
CDS 1 2023,Hard,38.191295407618796,45.709023901978384,32.47781423308802,116.37813354268519,70.66910964070681,0,1,0,0
CDS 1 2022,Moderate,65.896392313574,64.39667294225326,8.481719369550511,138.77478462537778,74.3781116831245,1,1,0,0
CDS 2 2023,Moderate,52.622632953151594,56.892885368187436,41.86567746753176,151.3811957888708,94.48831042068335,1,1,1,0
CDS 2 2022,Easy,56.23302914380707,50.3740811090517,46.6045995235155,153.21170977637428,102.83762866732258,1,1,1,0
CDS 2 2022,Easy,44.28622820661843,45.69946044380512,51.67741925527779,141.66310790570134,95.96364746189622,1,1,0,0
CDS 1 2022,Moderate,51.45506537261946,51.26684070392866,30.96934131963278,133.6912473961809,82.42440669225223,0,1,0,0
CDS 1 2022,Moderate,59.427295891778975,31.92612760165609,40.4806692470717,131.83409274050678,99.90796513885067,0,1,0,0
CDS 1 2023,Hard,47.576136295692656,62.77464751190447,29.07202342142773,139.42280722902487,76.6481597171204,1,1,1,0
Standard Mock,Moderate,58.86187461586242,48.46266202541181,45.85222263661632,153.17675927789054,104.71409725247874,1,1,1,1
CDS 2 2022,Easy,60.163413625624315,52.97896345565343,37.53275575885559,150.67513284013333,97.6961693844799,1,1,0,0
Standard Mock,Moderate,66.03645738960739,52.31617017223585,48.746112675765545,167.09874023760878,114.78257006537294,1,1,1,1
Standard Mock,Moderate,71.87077678741755,43.024433894231635,25.352102623703146,140.24731330535235,97.2228794111207,1,1,0,0
CDS 1 2023,Hard,47.75697465792333,35.692499377847035,32.515556726998824,115.9650307627692,80.27253138492216,0,1,0,0
CDS 2 2023,Moderate,67.29772937034195,48.516371679855375,25.689982883675583,141.50408393387292,92.98771225401754,1,1,0,0
CDS 2 2022,Easy,71.86857911012257,80.45957568796244,19.346972249593897,171.67512704767893,91.21555135971647,1,1,1,0
CDS 1 2022,Moderate,57.16848115120124,49.89712678292143,14.749600863238271,121.81520879736094,71.9180820144395,0,0,0,0
CDS 2 2023,Moderate,60.33443467973151,59.89429335512,34.18105620427507,154.40978423912657,94.51549088400658,1,1,1,0
CDS 2 2022,Easy,72.47444971427056,60.40186760735977,42.978761910238454,175.85507923186879,115.45321162450901,1,1,1,1
CDS 2 2022,Easy,63.956415505619134,37.249647779706805,57.75490849240048,158.96097177772643,121.71132399801962,1,1,1,1
CDS 1 2023,Hard,56.396516742158965,49.759364872775116,30.52019704951024,136.67607866444433,86.91671379166921,1,1,1,0
CDS 1 2023,Hard,46.561461225751,41.88187619317832,16.05061918082771,104.49395659975704,62.61208040657871,0,0,0,0
CDS 1 2023,Hard,57.812304922186044,24.755655444098966,41.916795275581194,124.4847556418662,99.72910019776724,1,1,0,1
Standard Mock,Moderate,71.5469376671672,43.466821349730274,58.67414364027121,173.68790265716868,130.2210813074384,1,1,1,1
CDS 1 2023,Hard,42.09057780506776,40.168059608456566,26.74420506901303,109.00284248253735,68.83478287408079,0,0,0,0
CDS 1 2022,Moderate,65.63787875006915,66.6623824097681,29.086052701619526,161.38631386145676,94.72393145168867,1,1,1,0
CDS 1 2022,Moderate,48.854676849919386,61.28052509144781,17.607948478272,127.74315041963919,66.4626253281914,0,0,0,0
Standard Mock,Moderate,37.253789687938,85.41217355049656,32.95870231127284,155.6246655497074,70.21249199921084,1,1,1,0
CDS 2 2023,Moderate,59.87956447040069,47.311230434558475,23.792323493037504,130.98311839799666,83.6718879634382,1,1,0,0
CDS 1 2023,Hard,54.49199211380466,47.947155785915434,31.285199522824932,133.72434742254504,85.7771916366296,1,1,0,0
CDS 2 2022,Easy,54.608888316322606,57.94137141247141,56.87548055236793,169.42574028116195,111.48436886869054,1,1,1,1
CDS 2 2022,Easy,72.26794046401804,70.4365856439464,33.718506002443576,176.42303211040803,105.98644646646162,1,1,1,0
Standard Mock,Moderate,57.42947591186935,36.80272707375469,37.775525134935314,132.00772812055936,95.20500104680467,0,1,0,0
CDS 2 2022,Easy,55.030683735978734,49.67671803751137,46.882053064528826,151.58945483801892,101.91273680050756,1,1,0,0
CDS 1 2022,Moderate,51.46176912495623,56.38743686060906,28.568166579729695,136.41737256529498,80.02993570468593,1,1,0,0
CDS 1 2023,Hard,48.70962138796389,40.18033300344516,29.058760547182686,117.94871493859173,77.76838193514658,0,1,0,0
Standard Mock,Moderate,40.82651113989701,52.03533467097075,20.288735946264822,113.15058175713258,61.11524708616183,0,0,0,0
Standard Mock,Moderate,52.629706388473025,59.60168525100653,45.567249112804184,157.79864075228375,98.19695550127722,1,1,1,0
CDS 1 2023,Hard,62.19168666355437,39.002928067081804,44.55817429850078,145.75278902913695,106.74986096205515,1,1,1,1
Standard Mock,Moderate,66.4888192590384,77.42843895442468,29.155990234039688,173.07324844750275,95.64480949307809,1,1,1,0
CDS 1 2023,Hard,74.83633652436019,44.63903475886231,30.095043476142337,149.57041475936484,104.93138000050253,1,1,1,1
CDS 2 2022,Easy,78.59297599364805,47.120511150403544,38.52860495185893,164.24209209591055,117.12158094550699,1,1,1,1
Standard Mock,Moderate,68.73989751006883,50.195933395743126,35.7843924608367,154.72022336664867,104.52428997090553,1,1,1,1
CDS 1 2022,Moderate,51.65728656932035,50.83370891854921,17.823278516366038,120.31427400423559,69.48056508568638,0,0,0,0
CDS 1 2023,Hard,64.049620414942,57.2371542347064,28.193546007391664,149.48032065704007,92.24316642233366,1,1,1,0
CDS 2 2023,Moderate,52.96083674584455,47.19323631364642,24.452955450340802,124.60702850983178,77.41379219618536,0,1,0,0
CDS 2 2022,Easy,64.1740742464871,45.70044611123218,47.69968731335223,157.57420767107152,111.87376155983932,1,1,1,1
CDS 2 2023,Moderate,73.68094236814898,47.5302716763799,54.66916962508253,175.8803836696114,128.3501119932315,1,1,1,1
CDS 1 2023,Hard,67.49710420184319,52.90265849418299,21.54802343499792,141.9477861310241,89.0451276368411,1,1,1,0
CDS 2 2023,Moderate,70.47276408559463,47.813242933556474,43.634372801898785,161.9203798210499,114.10713688749343,1,1,1,1
CDS 1 2023,Hard,25.457510587579687,32.48900778778477,24.866182850782966,82.81270122614742,50.32369343836265,0,0,0,0
CDS 1 2023,Hard,45.21745061939522,34.972438653745186,30.97794403637653,111.16783330951694,76.19539465577175,0,0,0,0
CDS 2 2022,Easy,56.75387990234978,46.41384417417726,29.411998517521802,132.57972259404883,86.16587841987158,0,1,0,0
CDS 1 2022,Moderate,71.21499211849928,41.82073552280073,28.38974945372506,141.4254770950251,99.60474157222434,1,1,0,0
Standard Mock,Moderate,55.43302384976754,53.474993862342394,38.389935138094195,147.29795285020413,93.82295898786174,1,1,1,0
Standard Mock,Moderate,29.55343460756838,65.23641641092505,45.21635213827608,140.00620315676952,74.76978674584446,1,1,0,0
CDS 1 2023,Hard,44.498134626383305,34.59695934666074,22.221614042121324,101.31670801516536,66.71974866850462,0,0,0,0
CDS 1 2023,Hard,47.43995980543395,16.64169656369363,31.79141499157285,95.87307136070042,79.2313747970068,0,0,0,0
Standard Mock,Moderate,48.8207239196326,36.86136039182379,50.391972001749075,136.07405631320546,99.21269592138168,1,1,0,0
CDS 1 2022,Moderate,72.43428278102925,26.288787424940903,38.55338195590137,137.27645216187153,110.98766473693063,1,1,0,1
Standard Mock,Moderate,66.35329195216207,42.53439532500312,33.823326978071464,142.71101425523665,100.17661893023353,1,1,0,1
CDS 1 2023,Hard,57.44957093172004,48.491101863695434,33.797067884534336,139.7377406799498,91.24663881625438,1,1,1,0
CDS 1 2023,Hard,66.78252847548002,23.49239093456366,33.26508730222685,123.54000671227054,100.04761577770688,1,1,0,1
CDS 1 2022,Moderate,55.26354542348809,56.693892724580735,64.43048335268621,176.38792150075503,119.69402877617429,1,1,1,1
CDS 1 2022,Moderate,83.69287300811497,50.90162485866898,48.95434082199185,183.5488386887758,132.6472138301068,1,1,1,1
CDS 1 2022,Moderate,63.01407069781118,27.146344609842007,34.63419960123154,124.79461490888472,97.64827029904272,0,0,0,0
CDS 1 2022,Moderate,60.180472524682244,40.80432006214556,47.10674552542197,148.09153811224976,107.28721805010422,1,1,1,1
CDS 1 2023,Hard,59.1195299906181,29.083834728250295,36.81272836714558,125.01609308601398,95.93225835776369,1,1,0,0
CDS 2 2022,Easy,60.48697135656335,45.13401271972712,29.82088509522841,135.44186917151887,90.30785645179176,0,1,0,0
CDS 2 2022,Easy,52.12394716346939,72.03346816957406,30.995515386219733,155.15293071926317,83.11946254968912,1,1,1,0
CDS 2 2023,Moderate,50.845229709097076,41.965574955948526,36.2645921906069,129.0753968556525,87.10982189970397,0,1,0,0
CDS 1 2023,Hard,66.78865937036939,50.36883978566736,40.489298372828934,157.6467975288657,107.27795774319833,1,1,1,1
CDS 1 2022,Moderate,63.061345531027555,33.697503549705004,32.68940463159102,129.44825371232358,95.75075016261857,0,1,0,0
CDS 2 2022,Easy,84.43528881122197,62.9637561643941,32.40326982247446,179.80231479809055,116.83855863369644,1,1,1,1
CDS 1 2023,Hard,65.59565572623397,52.45615032779155,25.557756024757364,143.6095620787829,91.15341175099134,1,1,1,0
CDS 1 2023,Hard,62.642132033388556,34.36784240287947,43.823710683054124,140.83368511932215,106.46584271644268,1,1,1,1
CDS 1 2023,Hard,42.14135982720285,42.50624251041198,25.95608195644391,110.60368429405874,68.09744178364676,0,0,0,0
Standard Mock,Moderate,60.58212727085056,25.089630492273084,31.065621037254495,116.73737880037815,91.64774830810507,0,0,0,0
CDS 1 2022,Moderate,64.70482996129107,53.571014857476044,54.723444790822,172.9992896095891,119.42827475211307,1,1,1,1
CDS 1 2023,Hard,61.09135519053514,44.7645600385888,34.57956244924081,140.43547767836475,95.67091763977595,1,1,1,0
CDS 2 2022,Easy,74.31665966868096,51.24787396416069,43.95373681185666,169.51827044469832,118.27039648053761,1,1,1,1
CDS 1 2022,Moderate,52.04011089991246,51.76955395740799,32.510263447193246,136.3199283045137,84.5503743471057,1,1,0,0
CDS 1 2023,Hard,51.83917038877026,45.26980160440501,32.514709465051446,129.6236814582267,84.35387985382171,1,1,0,0
CDS 2 2023,Moderate,68.33179431270182,48.93608902174629,47.82794968838981,165.09583302283792,116.15974400109162,1,1,1,1
Standard Mock,Moderate,46.92223434852339,48.528750808879195,31.5489590318081,126.99994418921068,78.47119338033148,0,1,0,0
Standard Mock,Moderate,41.6423124382291,49.708534950125596,48.88664520102482,140.2374925893795,90.52895763925392,1,1,0,0
CDS 2 2022,Easy,68.81352834580285,47.438286038291835,53.65526462526266,169.90707900935735,122.46879297106551,1,1,1,1
CDS 1 2022,Moderate,65.7404193088403,45.79095759580897,33.90135876898064,145.4327356736299,99.64177807782094,1,1,0,0
CDS 1 2022,Moderate,52.278076121956204,43.49399951909315,51.65603213686528,147.42810777791465,103.93410825882148,1,1,1,0
Standard Mock,Moderate,66.99464246895703,62.159862356277436,16.249926125280638,145.4044309505151,83.24456859423766,1,1,1,0
CDS 1 2022,Moderate,70.52211155957059,45.276690406344905,35.97434110297303,151.77314306888852,106.49645266254362,1,1,1,1
CDS 1 2022,Moderate,64.00000005613566,26.84115961315818,57.88790660880289,148.72906627809672,121.88790666493855,1,1,1,1
Standard Mock,Moderate,67.82027387574128,47.760979244403224,25.883826978460974,141.46508009860548,93.70410085420225,1,1,0,0
CDS 2 2023,Moderate,57.52119880921337,47.87441845136725,30.716817422022444,136.11243468260307,88.2380162312358,1,1,0,0
Standard Mock,Moderate,48.6582885472221,26.470277865616794,45.291804361279674,120.42037077411857,93.95009290850177,0,0,0,0
Standard Mock,Moderate,65.39764512828341,33.94890127431056,31.73464147465429,131.08118787724828,97.13228660293771,0,1,0,0
CDS 1 2023,Hard,57.02383370598695,40.47656586063562,17.544391306348174,115.04479087297074,74.56822501233512,0,1,0,0
Standard Mock,Moderate,45.77123092188445,36.907711996435495,39.61272084317831,122.29166376149826,85.38395176506276,0,0,0,0
CDS 2 2022,Easy,60.49005982970691,45.72949465789317,42.93949387943162,149.1590483670317,103.42955370913853,1,1,0,0
CDS 2 2022,Easy,64.42036000331697,62.57050724315387,24.861694987551463,151.8525622340223,89.28205499086843,1,1,0,0
CDS 1 2022,Moderate,77.6491380555077,49.09401775999727,62.922088679099616,189.66524449460456,140.5712267346073,1,1,1,1
Standard Mock,Moderate,67.88204140797187,66.03281191566705,17.193743270925108,151.10859659456403,85.07578467889698,1,1,1,0
CDS 2 2022,Easy,72.76228504724106,69.84616960346811,35.16066555048767,177.76912020119687,107.92295059772874,1,1,1,1
CDS 2 2022,Easy,62.455239233546585,60.704019105129895,35.41974816985444,158.5790065085309,97.87498740340102,1,1,1,0
Standard Mock,Moderate,49.366455001696814,35.328122256877876,45.21624764399948,129.91082490257418,94.58270264569629,0,1,0,0
Standard Mock,Moderate,49.49945210176814,57.114000450193465,25.903102115916656,132.51655466787827,75.4025542176848,0,1,0,0
CDS 2 2022,Easy,58.83224638480292,47.731840000770426,26.520042156328312,133.08412854190166,85.35228854113123,0,1,0,0
CDS 2 2022,Easy,64.67957629319513,41.17982669158788,28.190275163356144,134.04967814813915,92.86985145655127,0,1,0,0
CDS 2 2023,Moderate,81.11296334099585,44.12349157472392,26.39434596186113,151.6308008775809,107.50730930285698,1,1,1,1
CDS 2 2022,Easy,61.32762999200714,62.45616087962922,35.786431922295584,159.57022279393195,97.11406191430272,1,1,1,0
Standard Mock,Moderate,69.4814295047205,33.16226056089181,31.94045568468408,134.5841457502964,101.42188518940458,0,1,0,1
CDS 1 2022,Moderate,72.74440227848903,68.76386177828603,34.04658908803317,175.55485314480825,106.7909913665222,1,1,1,1
CDS 2 2023,Moderate,37.54414102434837,71.0232760065145,36.954032212833205,145.52144924369605,74.49817323718158,1,1,1,0
CDS 2 2022,Easy,61.46735864561842,58.546140299084065,37.74506576665364,157.75856471135612,99.21242441227206,1,1,1,0
CDS 2 2023,Moderate,54.41204181115043,43.946218869703166,31.87928067947267,130.23754136032628,86.2913224906231,1,1,0,0
CDS 1 2022,Moderate,53.72579265573627,53.53293638755722,47.288565502005596,154.54729454529908,101.01435815774187,1,1,1,0
CDS 1 2022,Moderate,62.50628232103302,44.8277300015584,43.085710068901165,150.41972239149257,105.59199238993418,1,1,1,1
Standard Mock,Moderate,52.257961816470996,48.02139649325531,28.973756953854426,129.25311526358072,81.23171877032541,0,1,0,0
CDS 1 2023,Hard,44.40788291627098,33.806600297542786,25.997911867306595,104.21239508112036,70.40579478357758,0,0,0,0
CDS 2 2023,Moderate,81.24556229829014,45.8445633431324,7.261850600660832,134.35197624208337,88.50741289895097,1,1,0,0
CDS 2 2023,Moderate,77.2569379281477,57.04100968105311,36.21844464132454,170.51639225052537,113.47538256947225,1,1,1,1
Standard Mock,Moderate,60.99826315099768,21.097008785893046,28.326666187835198,110.42193812472593,89.32492933883287,0,0,0,0
CDS 1 2023,Hard,57.05455687036303,30.395975126016353,23.79514716318087,111.24567915956025,80.8497040335439,0,0,0,0
Standard Mock,Moderate,55.01012744020888,76.85805050704768,52.44861406623494,184.31679201349152,107.45874150644383,1,1,1,1
CDS 1 2022,Moderate,62.17207937528401,33.87328299058548,30.352327760882723,126.39769012675221,92.52440713616673,0,0,0,0
CDS 2 2023,Moderate,64.68540161546069,45.03191535569812,52.82905600065144,162.54637297181026,117.51445761611214,1,1,1,1
CDS 1 2023,Hard,31.21003959246776,51.824796537400594,35.36039737452419,118.39523350439254,66.57043696699195,0,1,0,0
CDS 2 2023,Moderate,44.141543596141524,53.414712193633186,36.76484183662953,134.32109762640425,80.90638543277106,1,1,0,0
CDS 2 2022,Easy,64.26892697991062,67.19124668276268,32.09229080914646,163.55246447181975,96.36121778905708,1,1,1,0
CDS 2 2023,Moderate,55.966202540313176,23.406306171963827,20.148138373000677,99.52064708527769,76.11434091331385,0,0,0,0
CDS 2 2023,Moderate,72.6084951999931,49.05568256555003,41.166639764711185,162.8308175302543,113.77513496470428,1,1,1,1
CDS 2 2023,Moderate,55.59725363149197,35.091160218700665,29.71001585796873,120.39842970816136,85.3072694894607,0,1,0,0
CDS 1 2022,Moderate,55.685443554401154,39.16723615837783,13.799127848798257,108.65180756157724,69.48457140319941,0,0,0,0
CDS 1 2023,Hard,51.89062483648906,39.52088243951963,34.87904037752335,126.29054765353203,86.7696652140124,1,1,0,0
Standard Mock,Moderate,67.9492311387556,60.69804112588922,48.491351051134295,177.1386233157791,116.44058218988988,1,1,1,1
CDS 1 2023,Hard,59.70509847378557,28.23054389903729,30.094901433446275,118.03054380626912,89.79999990723184,0,1,0,0
CDS 1 2023,Hard,62.39944051379317,44.105272475805016,43.43797905777223,149.9426920473704,105.83741957156539,1,1,1,1
CDS 2 2023,Moderate,79.17259148426123,34.1500393826455,19.744282919389164,133.0669137862959,98.9168744036504,1,1,0,0
CDS 1 2022,Moderate,68.55201507748262,63.76538611886169,37.64290210153251,169.96030329787683,106.19491717901514,1,1,1,1
CDS 2 2023,Moderate,59.845283592732606,45.43688109353949,26.320245774716682,131.60241046098878,86.1655293674493,1,1,0,0
CDS 2 2022,Easy,49.67316029076266,66.66932797501612,28.714093269029654,145.05658153480843,78.38725355979231,1,1,0,0
CDS 2 2023,Moderate,68.7278741446961,27.347069748474368,38.63004284806077,134.70498674123124,107.35791699275687,1,1,0,1
CDS 2 2023,Moderate,56.41596424487111,62.11839904545319,22.75000111339949,141.28436440372377,79.1659653582706,1,1,0,0
Standard Mock,Moderate,54.16277866437399,48.357553981457094,24.142522892184505,126.66285553801558,78.30530155655849,0,1,0,0
CDS 1 2023,Hard,48.59845543165388,31.18226922958971,41.86995128162965,121.65067594287325,90.46840671328354,1,1,0,0
CDS 1 2022,Moderate,46.00771740775369,47.630561971039015,13.470864842424845,107.10914422121755,59.47858225017853,0,0,0,0
CDS 1 2022,Moderate,54.38069886142074,62.27071753506942,20.71095393488273,137.3623703313729,75.09165279630346,1,1,0,0
CDS 1 2022,Moderate,66.67245147429242,64.3719149300504,34.717821210627704,165.76218761497051,101.39027268492012,1,1,1,0
CDS 2 2022,Easy,71.62536033398612,42.52935803211081,31.771440984815676,145.9261593509126,103.3968013188018,1,1,0,0
CDS 2 2022,Easy,73.17981544453862,57.03697321564794,43.96366956467351,174.18045822486008,117.14348500921213,1,1,1,1
CDS 2 2022,Easy,56.535021971310925,45.93401340239261,46.07947567005754,148.5485110437611,102.61449764136847,1,1,0,0
Standard Mock,Moderate,58.98013345406322,40.06998917027825,49.4694414638698,148.51956408821127,108.44957491793302,1,1,1,1
Standard Mock,Moderate,44.27010742927139,59.93158592025148,24.474528081298896,128.67622143082178,68.74463551057029,0,1,0,0
Standard Mock,Moderate,62.547311373802096,41.89087433626116,33.71122621311246,138.1494119231757,96.25853758691456,1,1,0,0
CDS 2 2022,Easy,69.8535990755319,58.66798682371115,31.508951490097765,160.03053738934082,101.36255056562968,1,1,1,0
CDS 2 2022,Easy,57.68745431187043,47.35015078209986,31.02340614724946,136.06101124121975,88.71086045911989,0,1,0,0
Standard Mock,Moderate,56.24592553516038,50.82546954133337,34.51170164066297,141.58309671715674,90.75762717582336,1,1,0,0
CDS 2 2023,Moderate,23.11634708571556,43.301160271727525,26.92349442253235,93.34100177997544,50.03984150824791,0,0,0,0
CDS 1 2023,Hard,70.0506203860833,41.95355941719895,21.359979132942943,133.36415893622518,91.41059951902623,1,1,0,0
CDS 2 2023,Moderate,74.95030309735837,52.727702710372824,21.87031470052727,149.54832050825848,96.82061779788565,1,1,1,0
CDS 1 2023,Hard,46.977281660654796,30.362669992560228,25.962930061686123,103.30288171490115,72.94021172234092,0,0,0,0
CDS 1 2022,Moderate,52.68142691584114,58.13347046485999,62.21912147906493,173.03401885976606,114.90054839490608,1,1,1,1
CDS 2 2022,Easy,76.0173786178621,35.7249185391765,44.91993486836496,156.66223202540357,120.93731348622705,1,1,1,1
CDS 2 2023,Moderate,63.94957970323307,37.75920631153066,45.72929614507346,147.4380821598372,109.67887584830653,1,1,1,1
CDS 2 2022,Easy,74.65326667161126,77.22448053776404,47.04336209854079,198.92110930791608,121.69662877015205,1,1,1,1
CDS 1 2022,Moderate,55.82216987486381,43.66046268752945,24.023890177242734,123.50652273963598,79.84606005210654,0,0,0,0
Standard Mock,Moderate,74.35570993163623,23.179491414827613,16.71594119158037,114.2511425380442,91.0716511232166,0,0,0,0
CDS 1 2023,Hard,55.89395278931613,40.09273471810822,26.459285657806753,122.44597316523111,82.35323844712289,1,1,0,0
CDS 2 2023,Moderate,69.45311771235865,25.523930028832552,29.474306538811476,124.45135428000268,98.92742425117012,0,1,0,0
CDS 2 2022,Easy,85.44481557199944,42.29155453585483,30.027717125612238,157.7640872334665,115.47253269761168,1,1,1,1
CDS 2 2023,Moderate,71.03720013722597,47.23932177558227,31.15510878958482,149.43163070239305,102.19230892681078,1,1,1,1
CDS 2 2022,Easy,69.82790124060318,50.998471681818735,50.83583103109996,171.66220395352187,120.66373227170314,1,1,1,1
CDS 2 2023,Moderate,75.199520059143,57.11744684343692,13.642001512651944,145.95896841523188,88.84152157179494,1,1,1,0
CDS 2 2022,Easy,56.60472441982343,56.70453374596654,53.72271316607991,167.0319713318699,110.32743758590334,1,1,1,1
CDS 2 2023,Moderate,53.27094667990598,58.71826016648702,41.628410930216326,153.61761777660934,94.89935761012231,1,1,1,0
CDS 1 2023,Hard,61.418941228586384,34.19179451653498,21.762430082935516,117.37316582805688,83.1813713115219,0,1,0,0
CDS 2 2022,Easy,64.95927162878564,63.996945705260174,39.58740347349939,168.5436208075452,104.54667510228504,1,1,1,0
CDS 1 2022,Moderate,39.85098767493392,44.52022374676032,38.343270545535034,122.71448196722928,78.19425822046895,0,0,0,0
CDS 2 2023,Moderate,51.61499383616048,45.42554802578444,27.575132222304006,124.61567408424892,79.19012605846449,0,1,0,0
CDS 2 2022,Easy,28.989148955404822,44.49022210424448,32.9871042920845,106.4664753517338,61.976253247489325,0,0,0,0
CDS 2 2022,Easy,70.32783209322625,52.41863439795412,31.944733174894793,154.69119966607516,102.27256526812104,1,1,1,0
CDS 2 2022,Easy,80.42276627661302,65.82725679932143,49.94351519815423,196.19353827408867,130.36628147476725,1,1,1,1
CDS 2 2023,Moderate,55.00127569589148,45.19322639455687,40.430322792896526,140.6248248833449,95.43159848878801,1,1,0,0
CDS 1 2023,Hard,53.03906789323062,32.83607693894881,33.2774827499724,119.15262758215182,86.31655064320302,0,1,0,0
CDS 2 2023,Moderate,74.93003104443204,55.42032679511598,33.39869860402063,163.74905644356866,108.32872964845268,1,1,1,1
CDS 2 2023,Moderate,74.55600479257298,31.0929707677137,45.31653774575175,150.96551330603842,119.87254253832472,1,1,1,1
CDS 2 2022,Easy,69.44895895009884,65.70235626592898,48.50719394460647,183.6585091606343,117.95615289470531,1,1,1,1
CDS 1 2023,Hard,43.86705165885369,51.93469882889946,24.743718103861408,120.54546859161455,68.6107697627151,1,1,0,0
CDS 1 2022,Moderate,52.38239629317354,66.91050971402363,32.00303943335686,151.29594544055402,84.3854357265304,1,1,1,0
CDS 2 2022,Easy,64.5220074961521,44.46859171764514,32.73225862166157,141.7228578354588,97.25426611781367,1,1,0,0
CDS 2 2023,Moderate,63.32719329585188,45.03196843324298,21.66851991522791,130.02768164432277,84.99571321107979,1,1,0,0
CDS 2 2023,Moderate,63.33230534990022,56.01057696443995,47.991498205476674,167.33438051981682,111.32380355537688,1,1,1,1
CDS 1 2022,Moderate,52.85934882017821,44.40581954943027,46.7841931756372,144.0493615452457,99.64354199581541,1,1,0,0
CDS 2 2023,Moderate,47.64296977950591,65.25803041374843,33.27958640734528,146.1805866005996,80.92255618685118,1,1,1,0
CDS 1 2022,Moderate,61.65240050064925,67.64653973643424,35.12521864329786,164.42415888038136,96.7776191439471,1,1,1,0
CDS 1 2022,Moderate,45.68645152945573,28.609842348398015,22.14400885947228,96.44030273732602,67.830460388928,0,0,0,0
CDS 2 2022,Easy,68.72648186480055,73.51283640735731,41.66493127115125,183.9042495433091,110.3914131359518,1,1,1,1
CDS 2 2023,Moderate,62.4347507713677,48.02153847453729,30.958428405206973,141.41471765111197,93.39317917657468,1,1,0,0
CDS 1 2022,Moderate,61.17707418460958,80.52397973201872,18.28238726671833,159.98344118334663,79.45946145132791,1,1,1,0
CDS 1 2022,Moderate,65.19871018101911,55.38196781134296,37.10008308022589,157.68076107258798,102.29879326124501,1,1,1,0
CDS 2 2022,Easy,72.09410980586605,47.425106365111596,38.594465144975686,158.11368131595333,110.68857495084174,1,1,1,1
CDS 2 2023,Moderate,65.99450686321704,38.281318810927104,38.85710840531453,143.13293407945866,104.85161526853156,1,1,1,1
Standard Mock,Moderate,74.19035611367264,56.75783234721157,37.93352036322983,168.88170882411404,112.12387647690247,1,1,1,1
CDS 1 2023,Hard,68.91920887679919,43.80342408380938,30.17511056931868,142.89774352992725,99.09431944611786,1,1,1,1
CDS 1 2022,Moderate,68.10027238506116,48.64861995415201,27.751389161999477,144.50028150121267,95.85166154706064,1,1,0,0
CDS 2 2023,Moderate,61.255485866511485,75.81164146408653,25.439414483166054,162.50654181376407,86.69490034967754,1,1,1,0
CDS 1 2023,Hard,40.92706556507598,55.77071890844295,19.615168770502738,116.31295324402166,60.54223433557871,0,1,0,0
CDS 1 2023,Hard,62.13266250796542,47.28746818122031,21.792281460153777,131.2124121493395,83.9249439681192,1,1,0,0
Standard Mock,Moderate,74.6785044499731,79.185874800895,34.69736942403014,188.56174867489824,109.37587387400325,1,1,1,1
CDS 2 2022,Easy,47.75938189131965,68.99834003465205,46.93823453859102,163.6959564645627,94.69761642991067,1,1,1,0
CDS 2 2022,Easy,73.91343901605246,51.51470221586621,37.95644273354352,163.38458396546218,111.86988174959598,1,1,1,1
Standard Mock,Moderate,64.44145171087257,55.229681235388355,43.157544866520695,162.82867781278162,107.59899657739327,1,1,1,1
Standard Mock,Moderate,70.40057890793389,45.266748250516386,24.811300429332647,140.4786275877829,95.21187933726654,1,1,0,0
CDS 2 2022,Easy,55.59984067876246,67.18265070177166,36.138872239138585,158.92136361967272,91.73871291790104,1,1,1,0
CDS 2 2022,Easy,66.07983920725229,57.320876406276604,66.0685916314977,189.46930724502658,132.14843083875,1,1,1,1
CDS 2 2023,Moderate,60.596918805797365,40.34629568568077,36.061829194402165,137.0050436858803,96.65874800019952,1,1,0,0
CDS 1 2023,Hard,54.421633876224064,41.36764801753327,39.02230421689317,134.8115861106505,93.44393809311723,1,1,0,0
Standard Mock,Moderate,52.06540270116528,42.59757730000988,25.749153795213648,120.41213379638882,77.81455649637893,0,0,0,0
CDS 1 2022,Moderate,60.7386343441088,31.91413630360276,46.93586535476262,139.58863600247417,107.67449969887141,1,1,0,1
CDS 1 2022,Moderate,56.80173722111244,25.995530788446786,36.44310019435079,119.24036820391001,93.24483741546322,0,0,0,0
CDS 2 2022,Easy,56.66401717033594,45.44835551379402,33.201114602638135,135.3134872867681,89.86513177297408,0,1,0,0
CDS 2 2022,Easy,66.91889545021647,48.33656676878756,38.39440390498203,153.64986612398604,105.3132993551985,1,1,1,0
Standard Mock,Moderate,64.27962626552635,67.67107820090102,52.2307471764625,184.18145164288987,116.51037344198885,1,1,1,1
CDS 2 2023,Moderate,40.77228227937664,45.86372051923394,40.77072183835139,127.40672463696197,81.54300411772803,0,1,0,0
CDS 1 2023,Hard,56.55155342865356,41.411063558646426,26.813735731659612,124.7763527189596,83.36528916031318,1,1,0,0
CDS 1 2023,Hard,56.51407396072019,29.24358942609783,25.368385941208615,111.12604932802662,81.8824599019288,0,0,0,0
CDS 1 2022,Moderate,55.51304317380516,55.18795610021117,37.34259264456765,148.04359191858396,92.8556358183728,1,1,1,0
CDS 2 2023,Moderate,68.53348977340147,51.40613480763284,30.058099769330873,149.9977243503652,98.59158954273235,1,1,1,0
CDS 2 2022,Easy,74.62502591953299,54.29400575042173,51.65594895144128,180.57498062139598,126.28097487097426,1,1,1,1
CDS 2 2023,Moderate,57.79068275060387,34.203510325231136,36.91124233836392,128.9054354141989,94.70192508896778,0,1,0,0
CDS 1 2022,Moderate,58.06390488964492,55.70336555332442,42.4458639847313,156.21313442770065,100.50976887437622,1,1,1,0
CDS 2 2023,Moderate,57.29732395636111,38.10419591651175,37.17718201087167,132.57870188374451,94.47450596723277,1,1,0,0
CDS 2 2023,Moderate,67.03492148225025,44.688582579646344,34.22178563863527,145.94528970053187,101.25670712088552,1,1,1,0
CDS 1 2022,Moderate,56.38276163906613,42.6254682608165,34.37106133100142,133.37929123088404,90.75382297006755,0,1,0,0
Standard Mock,Moderate,66.58143036002564,67.11556915232858,31.047164519838194,164.7441640321924,97.62859487986383,1,1,1,0
Standard Mock,Moderate,74.65210503481381,48.836451233151365,26.084565101454952,149.57312136942014,100.73667013626877,1,1,1,1
CDS 1 2023,Hard,48.49343378663805,64.02912961173757,27.386819494491107,139.90938289286674,75.88025328112916,1,1,1,0
CDS 2 2023,Moderate,56.92428582884201,54.49585552809934,38.60226037077429,150.02240172771565,95.52654619961629,1,1,1,0
CDS 2 2022,Easy,54.9937062751676,40.527731543102576,31.44904525590795,126.97048307417812,86.44275153107554,0,0,0,0
CDS 2 2023,Moderate,51.14029266102223,54.53498880952354,6.499698906828179,112.17498037737394,57.63999156785041,0,0,0,0
Standard Mock,Moderate,80.5419384125607,31.00477368791271,36.47820739036527,148.02491949083867,117.02014580292597,1,1,1,1
CDS 1 2022,Moderate,53.57223617100052,35.78898267343949,30.41123154975003,119.77245039419005,83.98346772075055,0,0,0,0
CDS 1 2023,Hard,63.60182638395157,26.134578474188086,36.48208035500267,126.21848521314233,100.08390673895424,1,1,0,1
CDS 1 2022,Moderate,67.25081044447508,70.83069846275473,50.26812663577265,188.34963554300245,117.51893708024772,1,1,1,1
Standard Mock,Moderate,88.65212023085962,81.89064511674243,25.980073505568026,196.52283885317007,114.63219373642765,1,1,1,1
CDS 1 2023,Hard,51.457936114912115,43.924868498534146,25.260276356955885,120.64308097040214,76.718212471868,1,1,0,0
CDS 2 2023,Moderate,54.17938665906988,32.15907374715238,38.99044140646526,125.32890181268752,93.16982806553514,0,1,0,0
CDS 1 2023,Hard,52.61247397936566,39.31526450282613,40.28465787489343,132.21239635708523,92.8971318542591,1,1,0,0
CDS 2 2022,Easy,66.41595786739883,69.04793955181192,44.75258604717312,180.21648346638386,111.16854391457196,1,1,1,1
CDS 2 2022,Easy,48.447752878105675,51.78233032909884,45.84524051837435,146.07532372557887,94.29299339648003,1,1,0,0
CDS 2 2022,Easy,66.66637895311838,40.66976018305787,50.599501697623765,157.93564083380002,117.26588065074215,1,1,1,1
CDS 2 2022,Easy,54.87355558556911,48.41009269883468,20.645700402861937,123.92934868726573,75.51925598843104,0,0,0,0
Standard Mock,Moderate,73.30432344378816,31.91850125214257,33.7941281152653,139.01695281119603,107.09845155905347,1,1,0,1
Standard Mock,Moderate,55.14321255424953,34.497766779226055,20.121382965093773,109.76236229856936,75.2645955193433,0,0,0,0
CDS 1 2022,Moderate,63.888189102637135,61.35161166243962,23.26126673693971,148.50106750201647,87.14945583957685,1,1,1,0
CDS 1 2022,Moderate,59.28879709169664,44.65952438870527,35.855947039445255,139.80426851984717,95.14474413114189,1,1,0,0
CDS 1 2023,Hard,62.72847838543723,44.020652222946055,36.265279102216084,143.01440971059935,98.99375748765331,1,1,1,1
CDS 2 2022,Easy,70.64789105907649,61.50643608290858,37.87910330079574,170.0334304427808,108.52699435987222,1,1,1,1
CDS 2 2022,Easy,61.62122224526193,51.70427500760443,40.02231622162402,153.34781347449038,101.64353846688596,1,1,1,0
CDS 2 2022,Easy,60.42781460680804,60.61228124630662,33.1088820227821,154.14897787589678,93.53669662959014,1,1,1,0
CDS 1 2023,Hard,68.10605912813463,24.921215968654774,39.368815773356474,132.39609087014588,107.4748749014911,1,1,0,1
Standard Mock,Moderate,72.89203051406874,55.2087961817471,31.818414983820713,159.91924167963654,104.71044549788945,1,1,1,1
CDS 1 2023,Hard,45.937846679527894,43.76467819476289,31.135839310992043,120.83836418528281,77.07368599051993,1,1,0,0
CDS 1 2022,Moderate,45.15395208080347,64.15122009405978,41.08267166344189,150.38784383830514,86.23662374424536,1,1,1,0
CDS 1 2022,Moderate,58.25352054318372,45.72367807857111,48.60168130828013,152.57887993003496,106.85520185146385,1,1,1,1
CDS 1 2022,Moderate,68.49584531046617,77.02533335176156,12.814300340489005,158.33547900271674,81.31014565095518,1,1,1,0
CDS 1 2022,Moderate,74.95458245242958,24.334931680274185,32.15374495746321,131.44325909016698,107.10832740989278,0,1,0,1
CDS 1 2023,Hard,57.88028368305489,45.338242450689854,18.448595623409943,121.66712175715469,76.32887930646484,1,1,0,0
CDS 2 2022,Easy,69.11565719164282,68.45160428337253,30.58596830997975,168.15322978499512,99.70162550162257,1,1,1,0
CDS 2 2022,Easy,73.05574702806173,55.10629244402674,49.758233372885634,177.9202728449741,122.81398040094737,1,1,1,1
CDS 2 2022,Easy,50.844759330862935,51.755543210370504,49.778722722111375,152.37902526334483,100.62348205297431,1,1,1,0
CDS 2 2022,Easy,51.102198568073305,80.19289024603012,53.52039365974326,184.81548247384669,104.62259222781657,1,1,1,0
Standard Mock,Moderate,59.587518710207966,49.095776743336195,56.591211546032916,165.27450699957708,116.17873025624088,1,1,1,1
CDS 1 2023,Hard,51.19544095833649,59.64498889591291,24.95633236651618,135.79676222076557,76.15177332485267,1,1,1,0
Standard Mock,Moderate,52.198561186122284,41.290033979289504,42.35269309974987,135.84128826516167,94.55125428587215,1,1,0,0
Standard Mock,Moderate,55.396932374256366,43.439557844527755,45.30249693969567,144.13898715847978,100.69942931395204,1,1,0,1
CDS 2 2023,Moderate,55.95204620579707,67.16876751865948,46.32804697174807,169.44886069620463,102.28009317754514,1,1,1,1
CDS 2 2023,Moderate,66.44689803284233,41.87269800842905,28.452302243760506,136.77189828503188,94.89920027660284,1,1,0,0
Standard Mock,Moderate,60.799152637400375,36.145609078322735,38.209300619256574,135.1540623349797,99.00845325665695,1,1,0,0
CDS 1 2023,Hard,62.230379395798636,19.411500176342447,30.68410663711679,112.32598620925786,92.91448603291542,0,1,0,0
CDS 2 2023,Moderate,50.7107351753927,47.12570773390734,29.95871326348336,127.79515617278341,80.66944843887606,0,1,0,0
CDS 1 2022,Moderate,78.89278795503996,37.9107373212165,37.38171306139628,154.18523833765275,116.27450101643625,1,1,1,1
CDS 1 2022,Moderate,62.20630804307163,51.8970988744025,31.47912252546119,145.5825294429353,93.68543056853282,1,1,0,0
CDS 1 2023,Hard,60.80567687035615,39.70856205195969,39.673845177791506,140.18808410010735,100.47952204814766,1,1,1,1
CDS 2 2023,Moderate,76.38960527599833,39.510725462253745,44.08022662536192,159.980557363614,120.46983190136025,1,1,1,1
CDS 2 2022,Easy,87.09855665748464,44.97850595233318,43.269945132700975,175.34700774251877,130.3685017901856,1,1,1,1
CDS 1 2023,Hard,71.52913051230422,39.60369683536528,46.62222068158756,157.75504802925704,118.15135119389177,1,1,1,1
CDS 2 2022,Easy,59.96349739624404,63.5767807302124,38.27625042546338,161.81652855191982,98.23974782170743,1,1,1,0
CDS 1 2023,Hard,67.77856655030514,41.22067850166124,34.56389864690859,143.56314369887497,102.34246519721373,1,1,1,1
CDS 1 2023,Hard,69.98011770304427,52.37103206040288,27.49730821558782,149.84845797903498,97.4774259186321,1,1,1,0
CDS 1 2023,Hard,52.11937201648721,38.63724922251458,33.448183664087146,124.20480490308894,85.56755568057436,1,1,0,0
Standard Mock,Moderate,59.44147817347189,64.13824837416834,31.2261348253779,154.80586137301813,90.66761299884979,1,1,1,0
CDS 1 2022,Moderate,52.67073961891465,73.45192279014131,27.597677474512917,153.7203398835689,80.26841709342757,1,1,1,0
CDS 2 2022,Easy,74.77847564654331,48.216895129475155,16.148863013069636,139.1442337890881,90.92733865961296,0,1,0,0
CDS 1 2023,Hard,36.88010662437946,2.3378240051915213,22.394474452677958,61.61240508224894,59.27458107705742,0,0,0,0
CDS 1 2022,Moderate,58.63010422306058,48.71886308155726,23.580581808386885,130.92954911300473,82.21068603144747,0,1,0,0
CDS 1 2022,Moderate,43.74878741117475,43.021004662556074,35.8291185317204,122.59891060545121,79.57790594289514,0,0,0,0
CDS 2 2023,Moderate,75.01952965188596,57.424147236123396,49.11356861745625,181.5572455054656,124.13309826934221,1,1,1,1
CDS 2 2022,Easy,61.73386219338787,36.36357666592215,59.85380395260293,157.95124281191295,121.5876661459908,1,1,1,1
CDS 1 2023,Hard,40.96441370436337,67.04845730705344,29.329735200887484,137.3426062123043,70.29414890525086,1,1,1,0
CDS 2 2022,Easy,62.97661093129913,37.69707572665829,38.16754756790718,138.84123422586458,101.1441584992063,0,1,0,0
CDS 1 2022,Moderate,69.45929585270379,57.46890241679892,44.53176254329354,171.45996081279625,113.99105839599733,1,1,1,1
CDS 2 2022,Easy,58.70779327152638,39.48253299514035,32.93293231626994,131.12325858293667,91.64072558779631,0,0,0,0
CDS 2 2022,Easy,65.83872501760933,40.871001937008536,29.195926707214984,135.90565366183284,95.03465172482431,0,1,0,0
CDS 2 2023,Moderate,55.76309283089324,41.54425765413654,30.10843824815784,127.41578873318761,85.87153107905108,0,1,0,0
CDS 2 2023,Moderate,64.66444596840262,44.542127633866585,35.79047802150279,144.997051623772,100.45492398990541,1,1,1,0
CDS 2 2022,Easy,66.83012928311481,56.263343486916135,30.084729588953678,153.17820235898463,96.91485887206849,1,1,1,0
CDS 2 2023,Moderate,61.50602492844634,59.948325052444346,19.969531406425194,141.42388138731587,81.47555633487153,1,1,0,0
CDS 1 2023,Hard,46.185662947730044,53.972940886423245,30.72247839365148,130.88108222780477,76.90814134138152,1,1,0,0
Standard Mock,Moderate,69.25676757713869,43.650011965415175,35.34333388568835,148.25011342824223,104.60010146282704,1,1,1,1
CDS 1 2022,Moderate,69.47511908575567,40.57961975947044,41.7469497780862,151.8016886233123,111.22206886384186,1,1,1,1
Standard Mock,Moderate,52.0510635299831,49.84838210020305,14.276448183040017,116.17589381322617,66.32751171302311,0,0,0,0
CDS 1 2022,Moderate,59.17302254981601,52.3086611217644,46.36191374642542,157.84359741800583,105.53493629624143,1,1,1,1
CDS 1 2023,Hard,68.3422919417269,53.65780397161142,24.421086176670634,146.42118209000895,92.76337811839753,1,1,1,0
CDS 1 2023,Hard,49.71083620895345,22.49489928963168,36.220768494338174,108.4265039929233,85.93160470329163,0,0,0,0
CDS 1 2022,Moderate,62.351352993661884,44.79435016869894,15.1531205855409,122.29882374790172,77.50447357920278,0,0,0,0
CDS 1 2022,Moderate,64.40353993877913,35.39474845492839,29.79031448768904,129.58860288139658,94.19385442646818,0,1,0,0
CDS 2 2023,Moderate,68.46118469295934,42.125152235631944,33.96537210153077,144.55170903012203,102.4265567944901,1,1,1,1
CDS 2 2023,Moderate,60.41895921154276,61.842034197378524,61.36669141945589,183.62768482837717,121.78565063099865,1,1,1,1
Standard Mock,Moderate,71.62573668187841,49.997823270925764,39.35546318992364,160.9790231427278,110.98119987180205,1,1,1,1
CDS 1 2022,Moderate,36.03917711669584,42.23310704157031,28.21019653536868,106.48248069363483,64.24937365206452,0,0,0,0
CDS 1 2022,Moderate,41.25107935952467,24.229962348928392,23.425842097845663,88.90688380629872,64.67692145737033,0,0,0,0
CDS 1 2022,Moderate,59.61676164302627,61.28129422349194,43.18765970848816,164.08571557500636,102.80442135151443,1,1,1,0
CDS 1 2022,Moderate,64.14784462079241,24.815218097760486,25.36603658801431,114.3290993065672,89.51388120880672,0,0,0,0
CDS 1 2023,Hard,37.43131300598498,29.333683623571904,19.84813938196401,86.6131360115209,57.27945238794899,0,0,0,0
CDS 1 2023,Hard,53.40251502008413,44.067710724019136,21.886686254984255,119.35691199908753,75.2892012750684,0,1,0,0
CDS 2 2022,Easy,62.677264972005275,68.68300663205446,40.10545711741025,171.46572872147,102.78272208941553,1,1,1,0
CDS 2 2023,Moderate,48.197682657996296,47.832321258287124,39.18704578292368,135.2170496992071,87.38472844091999,1,1,0,0
CDS 1 2022,Moderate,56.66513719030305,58.54816985468409,43.8525632086596,159.06587025364675,100.51770039896266,1,1,1,0
Standard Mock,Moderate,50.53509204011572,51.37454019100878,33.17839416142076,135.08802639254526,83.71348620153648,1,1,0,0
CDS 2 2022,Easy,62.26993251977416,58.374304214923306,45.850213322877984,166.49445005757545,108.12014584265214,1,1,1,1
Standard Mock,Moderate,78.32561240356013,46.53076812303123,19.697208640702122,144.5535891672935,98.02282104426226,1,1,0,0
Standard Mock,Moderate,50.91497488487809,28.593937319453467,41.04107455439044,120.54998675872199,91.95604943926853,0,0,0,0
Standard Mock,Moderate,63.46312710224887,39.19005760654783,28.69951568651659,131.3527003953133,92.16264278876545,0,1,0,0
Standard Mock,Moderate,45.53501796459312,61.014006363491106,30.34924053798994,136.89826486607416,75.88425850258307,1,1,0,0
CDS 2 2023,Moderate,59.7481131647052,67.9757018635953,41.27680417874475,169.00061920704525,101.02491734344994,1,1,1,0
CDS 2 2023,Moderate,62.63755584822576,53.60702658219348,29.412004279376593,145.65658670979582,92.04956012760235,1,1,1,0
CDS 1 2023,Hard,49.55703853685708,21.761286404572182,25.964618533622644,97.2829434750519,75.52165707047972,0,0,0,0
CDS 2 2022,Easy,74.26257491084392,57.18517894979034,36.139974243505606,167.58772810413987,110.40254915434953,1,1,1,1
CDS 1 2022,Moderate,49.64038071393361,38.856705142379,39.35947629715472,127.85656215346732,88.99985701108832,0,0,0,0
CDS 1 2022,Moderate,58.58291278298176,57.48911174679035,43.77826031239126,159.85028484216338,102.36117309537302,1,1,1,0
CDS 2 2023,Moderate,59.7796992748306,83.91372684072769,17.318689672932816,161.0121157884911,77.09838894776341,1,1,1,0
CDS 1 2023,Hard,72.45858970273136,30.961554620908352,35.78139859910639,139.20154292274609,108.23998830183774,1,1,1,1
Standard Mock,Moderate,58.86407838298035,63.16627126915666,29.56579570223483,151.59614535437183,88.42987408521518,1,1,1,0
CDS 2 2022,Easy,67.62502890851835,49.35093881050262,32.158361416401675,149.13432913542263,99.78339032492002,1,1,0,0
CDS 2 2022,Easy,76.21188142569905,73.33997876183494,56.00097846820478,205.55283865573878,132.21285989390384,1,1,1,1
Standard Mock,Moderate,67.57032065053977,9.101834096050553,32.47375131197363,109.14590605856395,100.0440719625134,0,0,0,1
Standard Mock,Moderate,62.97160023808222,49.679785155856244,34.981712411558995,147.63309780549747,97.95331264964122,1,1,1,0
CDS 2 2023,Moderate,60.53897347033207,54.68890268221423,21.73737838050843,136.96525453305472,82.2763518508405,1,1,0,0
CDS 1 2022,Moderate,66.32216314031851,59.35892404288064,41.823387820596594,167.50447500379573,108.1455509609151,1,1,1,1
CDS 1 2022,Moderate,66.04051644921623,47.149957825006915,30.899705884610892,144.09018015883404,96.94022233382712,1,1,0,0
CDS 2 2023,Moderate,60.911248672533766,59.97861187166076,36.07699449106619,156.96685503526072,96.98824316359995,1,1,1,0
CDS 1 2023,Hard,61.43668753022491,66.47762775861607,46.61874751655962,174.53306280540062,108.05543504678454,1,1,1,1
CDS 2 2022,Easy,65.79649582613925,69.8419895935272,1.6334445154063033,137.27192993507276,67.42994034154555,0,1,0,0
CDS 2 2022,Easy,59.59623661012945,50.218656700127596,31.98516078168993,141.80005409194698,91.58139739181938,1,1,0,0
Standard Mock,Moderate,55.533569531853935,29.286770650485295,41.12269810105393,125.94303828339315,96.65626763290786,0,1,0,0
CDS 2 2023,Moderate,49.22279254208398,55.475328364959694,38.431585541974165,143.12970644901785,87.65437808405815,1,1,1,0
CDS 2 2023,Moderate,66.41541644936012,36.26081220880512,27.12963721066701,129.80586586883226,93.54505366002714,0,1,0,0
CDS 1 2023,Hard,49.93365166212081,57.82572843127059,31.918982018277802,139.6783621116692,81.85263368039861,1,1,1,0
CDS 2 2023,Moderate,39.5256281422925,32.00785870769755,32.79271243041634,104.32619928040639,72.31834057270883,0,0,0,0
CDS 2 2023,Moderate,43.477573226465104,54.535494893992066,44.66956645344817,142.68263457390532,88.14713967991327,1,1,1,0
CDS 2 2022,Easy,69.49433515947263,49.24337323880637,49.210258397309936,167.9479667955889,118.70459355678256,1,1,1,1
CDS 1 2022,Moderate,55.673624836664715,45.041147348885104,56.857306167225744,157.57207835277558,112.53093100389046,1,1,1,1
CDS 2 2022,Easy,72.35132113054091,32.82089763905902,40.06381540963315,145.2360341792331,112.41513654017406,1,1,0,1
CDS 1 2023,Hard,34.553709961987316,52.67321502003987,25.368126240480763,112.59505122250795,59.92183620246808,0,1,0,0
Standard Mock,Moderate,67.88291656636004,36.15544585276422,44.14077164224034,148.1791340613646,112.02368820860038,1,1,1,1
CDS 1 2022,Moderate,76.15872490122314,50.553892784039625,25.351066998136154,152.06368468339892,101.5097918993593,1,1,1,0
CDS 2 2023,Moderate,59.89647710092263,64.06310565954729,33.261261796854136,157.22084455732406,93.15773889777677,1,1,1,0
Standard Mock,Moderate,52.9488947983404,48.239945834477034,21.50394744288072,122.69278807569816,74.45284224122112,0,0,0,0
Standard Mock,Moderate,56.00173265713474,56.1180897172797,68.77382919082646,180.8936515652409,124.7755618479612,1,1,1,1
CDS 2 2022,Easy,60.90659424781376,32.436539073174586,29.438884308129133,122.78201762911748,90.34547855594289,0,0,0,0
CDS 2 2022,Easy,54.74780914262567,72.12794381913723,41.14941771759132,168.02517067935423,95.89722686021699,1,1,1,0
CDS 2 2022,Easy,76.21689142387919,51.12198801157018,42.2909483164638,169.62982775191318,118.50783974034299,1,1,1,1
CDS 2 2023,Moderate,62.68812356412154,68.6203679491665,29.81362002515424,161.12211153844228,92.50174358927578,1,1,1,0
CDS 1 2023,Hard,53.1080981872492,13.410130899751984,29.309297134026185,95.82752622102737,82.41739532127538,0,0,0,0
CDS 2 2023,Moderate,58.04565153477236,35.187329075537455,43.36484137964941,136.59782198995924,101.41049291442178,1,1,0,0
CDS 2 2023,Moderate,52.49279665507187,30.28011331778336,42.927110177336644,125.70002015019188,95.41990683240851,0,1,0,0
Standard Mock,Moderate,70.57801007541919,43.33718135410557,29.67856109826898,143.59375252779375,100.25657117368817,1,1,0,1
Standard Mock,Moderate,48.76121594874406,77.51846382035257,38.78046260427883,165.06014237337547,87.54167855302289,1,1,1,0
CDS 2 2023,Moderate,67.81497239460631,61.62744702589771,26.35714738059464,155.79956680109865,94.17211977520095,1,1,1,0
CDS 2 2023,Moderate,56.833204540657505,57.680116825972355,48.7448498142756,163.25817118090546,105.5780543549331,1,1,1,1
CDS 1 2023,Hard,25.568584345282666,51.33262267402468,21.96736293635978,98.86856995566713,47.53594728164245,0,0,0,0
CDS 2 2022,Easy,66.51657272145017,47.39692581407425,29.762440522921494,143.67593905844592,96.27901324437167,1,1,0,0
Standard Mock,Moderate,40.937633799106194,74.52827671218917,34.11626712473604,149.58217763603142,75.05390092384224,1,1,1,0
CDS 1 2023,Hard,63.04933390732326,50.58876507747976,47.52333600950739,161.1614349943104,110.57266991683065,1,1,1,1
CDS 2 2022,Easy,75.27479343352692,59.527159112106716,59.74078687745023,194.54273942308387,135.01558031097716,1,1,1,1
CDS 1 2022,Moderate,58.1277267849312,65.44608284546263,45.326575166220124,168.90038479661393,103.45430195115132,1,1,1,0
CDS 1 2022,Moderate,55.20035357287791,49.666272389170565,27.784309176599706,132.65093513864818,82.98466274947762,0,1,0,0
Standard Mock,Moderate,68.31498866931662,30.90998879774881,42.98091048661561,142.20588795368104,111.29589915593223,1,1,0,1
Standard Mock,Moderate,79.11606067063322,44.81922003733705,28.588350706031495,152.52363141400176,107.70441137666471,1,1,1,1
CDS 2 2022,Easy,55.973456400121805,57.90484804345561,66.98328835937087,180.86159280294828,122.95674475949268,1,1,1,1
Standard Mock,Moderate,51.490249193184354,57.2296293517204,43.63923549962446,152.3591140445292,95.12948469280882,1,1,1,0
CDS 1 2022,Moderate,58.12272976420116,38.09649647002963,43.406067127833836,139.6252933620646,101.52879689203499,1,1,0,0
CDS 2 2022,Easy,60.070817250507474,39.11258698936525,19.89783345433937,119.08123769421209,79.96865070484685,0,0,0,0
CDS 2 2023,Moderate,78.07630805670686,48.78946378378755,51.41428627722314,178.28005811771754,129.49059433393,1,1,1,1
CDS 1 2022,Moderate,76.62931447189837,45.0790763691851,33.39925513391695,155.10764597500042,110.02856960581532,1,1,1,1
CDS 2 2022,Easy,65.56510648465556,52.41764411727783,38.750784046764345,156.73353464869774,104.31589053141991,1,1,1,0
CDS 2 2023,Moderate,71.43398107149552,56.54978117320565,36.50135653956203,164.4851187842632,107.93533761105755,1,1,1,1
CDS 1 2023,Hard,65.3138052527733,28.356744089101134,33.105486365237866,126.7760357071123,98.41929161801117,1,1,0,1
CDS 1 2023,Hard,41.47134111035961,37.944924342100784,31.190245078458442,110.60651053091883,72.66158618881805,0,0,0,0
Standard Mock,Moderate,60.87391428920122,79.0028839219988,34.83945960751414,174.71625781871415,95.71337389671535,1,1,1,0
Standard Mock,Moderate,46.69773744358662,51.988522002235314,15.100537301788751,113.78679674761068,61.798274745375366,0,0,0,0
Standard Mock,Moderate,56.235774454118044,55.006596267408014,38.16067869729951,149.40304941882556,94.39645315141755,1,1,1,0
CDS 2 2023,Moderate,72.84104695178897,41.31938522571404,19.927741796160618,134.08817397366363,92.76878874794959,1,1,0,0
Standard Mock,Moderate,64.28761258880763,74.32139460346063,42.704635956872266,181.31364314914055,106.9922485456799,1,1,1,1
Standard Mock,Moderate,69.55703971113867,37.31477096468806,34.432114041137226,141.30392471696396,103.9891537522759,1,1,0,1
Standard Mock,Moderate,54.35710147280981,55.862803542165125,29.072971770428936,139.29287678540388,83.43007324323875,1,1,0,0
Standard Mock,Moderate,62.56997445585831,42.769182370914805,21.76350429157821,127.10266111835132,84.33347874743652,0,1,0,0
CDS 2 2023,Moderate,68.77547553451421,54.823735392153246,38.516623549740586,162.11583447640805,107.2920990842548,1,1,1,1
CDS 2 2023,Moderate,63.82921710057263,50.83251676589244,51.26430734608859,165.92604121255366,115.09352444666122,1,1,1,1
CDS 2 2023,Moderate,56.13977202129302,50.995313498516545,25.842449588664394,132.97753510847394,81.9822216099574,1,1,0,0
CDS 1 2023,Hard,30.59295985224916,37.52992168094387,28.525687985338305,96.64856951853133,59.11864783758746,0,0,0,0
CDS 2 2023,Moderate,46.35529146382719,57.7158903617789,25.71734161344004,129.78852343904612,72.07263307726723,0,1,0,0
CDS 2 2022,Easy,67.30711749074962,58.67617040718427,41.01788333707327,167.00117123500718,108.32500082782289,1,1,1,1
CDS 1 2022,Moderate,60.92627587948923,49.481150180443784,47.42862562858315,157.83605168851616,108.35490150807237,1,1,1,1
CDS 2 2023,Moderate,45.417868861812494,52.44408320794615,51.301299648744106,149.16325171850275,96.7191685105566,1,1,1,0
CDS 1 2022,Moderate,54.107462692049324,52.750970651496544,22.465982817049813,129.3244161605957,76.57344550909914,0,1,0,0
CDS 1 2022,Moderate,58.828279950256245,43.84911263199807,50.741467860324086,153.41886044257842,109.56974781058034,1,1,1,1
Standard Mock,Moderate,51.62619210317533,59.10338271260198,43.95796218235928,154.68753699813658,95.58415428553461,1,1,1,0
CDS 2 2023,Moderate,61.68651367610195,47.54775455109314,41.76357047674908,150.99783870394418,103.45008415285103,1,1,1,1
Standard Mock,Moderate,62.33865101009247,55.50382000825804,46.64990882563923,164.49237984398974,108.9885598357317,1,1,1,1
CDS 2 2023,Moderate,58.30725561667375,19.62173552650185,48.52362545926151,126.4526166024371,106.83088107593525,0,1,0,1
Standard Mock,Moderate,80.52073311421935,40.47488610273245,17.940409051092647,138.93602826804445,98.461142165312,1,1,0,0
Standard Mock,Moderate,59.590824648049306,60.07693248031866,33.53519329271839,153.20295042108637,93.1260179407677,1,1,1,0
CDS 1 2022,Moderate,49.42163381389766,41.06145482136295,37.607668174830636,128.09075681009125,87.02930198872829,0,1,0,0
CDS 2 2023,Moderate,62.95140979337417,49.115227832195735,34.35227740202124,146.41891502759114,97.30368719539541,1,1,1,0
CDS 1 2022,Moderate,54.50075167535654,51.447270168329126,29.899360499039176,135.84738234272484,84.40011217439572,0,1,0,0
Standard Mock,Moderate,69.43715505756045,37.57478946512508,29.01720665802152,136.02915118070706,98.45436171558197,1,1,0,0
CDS 1 2023,Hard,61.134601656718374,49.96597760783142,29.739968855538486,140.84054812008827,90.87457051225687,1,1,1,0
CDS 2 2023,Moderate,50.94202786628853,41.60395101808399,17.205610745765693,109.75158963013821,68.14763861205422,0,0,0,0
Standard Mock,Moderate,52.33647390734984,40.357857428755324,34.212115999197,126.90644733530218,86.54858990654685,0,1,0,0
Standard Mock,Moderate,67.4101695133645,49.80569398528681,32.11849737577484,149.33436087442612,99.52866688913933,1,1,1,0
CDS 1 2022,Moderate,61.57634558440944,47.71045067454032,36.94955092412187,146.23634718307162,98.5258965085313,1,1,0,0
CDS 1 2022,Moderate,65.10600690410314,64.7930151198466,27.043448661741927,156.94247068569166,92.14945556584507,1,1,1,0
CDS 2 2023,Moderate,57.634626166314646,50.256880283901275,21.884508621013183,129.7760150712291,79.51913478732783,0,1,0,0
CDS 1 2023,Hard,46.48819517552515,66.51526691250854,35.322676276071,148.32613836410468,81.81087145159614,1,1,1,0
CDS 1 2022,Moderate,52.1342790844215,26.93393293554447,38.32372333223985,117.39193535220582,90.45800241666134,0,0,0,0
CDS 1 2022,Moderate,64.53905229441347,40.501984578786214,26.1428620020031,131.18389887520277,90.68191429641656,0,1,0,0
CDS 2 2023,Moderate,48.98713510160172,60.08765228967915,42.32151226054735,151.39629965182823,91.30864736214907,1,1,1,0
CDS 2 2022,Easy,65.23385214658508,74.07427643324635,31.355732946642803,170.66386152647425,96.58958509322788,1,1,1,0
CDS 1 2022,Moderate,52.49589872245344,53.50066811948482,13.37967700072561,119.37624384266388,65.87557572317905,0,0,0,0
Standard Mock,Moderate,48.952253263584836,43.42634763991897,44.88608793499175,137.26468883849554,93.83834119857659,1,1,0,0
CDS 1 2023,Hard,61.03713240544196,25.493693624551337,41.212002772417264,127.74282880241056,102.24913517785922,1,1,0,1
Standard Mock,Moderate,54.34062869107595,66.45061582841213,34.24328927342937,155.03453379291744,88.58391796450532,1,1,1,0
Standard Mock,Moderate,53.41617282059555,53.7376869066697,29.05496304050993,136.2088227677752,82.47113586110548,1,1,0,0
CDS 2 2023,Moderate,54.22771274289429,29.38155094838248,36.52525882897616,120.13452252025294,90.75297157187046,0,1,0,0
CDS 2 2022,Easy,87.14329942556597,51.1389675521175,26.522907696905968,164.80517467458944,113.66620712247195,1,1,1,1
CDS 2 2023,Moderate,59.67518964157905,32.10185062880712,54.12688134356796,145.90392161395414,113.80207098514701,1,1,1,1
CDS 1 2022,Moderate,79.83704135478752,53.00514389307895,42.57176821102023,175.41395345888668,122.40880956580774,1,1,1,1
CDS 1 2022,Moderate,50.153663129820444,39.3181605309624,40.71141242038074,130.18323608116359,90.86507555020118,0,1,0,0
CDS 2 2023,Moderate,72.66661253198413,46.64209806652699,25.289379708922667,144.59809030743378,97.9559922409068,1,1,1,0
CDS 2 2022,Easy,59.44726911986828,63.895837802894974,30.12477037573005,153.4678772984933,89.57203949559833,1,1,1,0
CDS 1 2023,Hard,60.354587474096334,18.64149870150199,39.67208159120798,118.66816776680629,100.0266690653043,0,1,0,1
CDS 2 2022,Easy,75.64170702341043,49.580306929876635,65.05448905356894,190.27650300685602,140.6961960769794,1,1,1,1
CDS 2 2022,Easy,83.9514861210897,38.53108314926432,37.36838727940173,159.85095654975575,121.31987340049143,1,1,1,1
CDS 1 2022,Moderate,56.94367557593205,37.941882212021625,45.48203967675276,140.36759746470642,102.42571525268481,1,1,0,0
CDS 1 2022,Moderate,53.99661340993513,48.036721400862874,40.935394322931906,142.9687291337299,94.93200773286704,1,1,0,0
CDS 2 2022,Easy,70.84622952486741,60.75550383461888,42.37829540758336,173.98002876706965,113.22452493245078,1,1,1,1
CDS 2 2022,Easy,60.67698814190459,43.871523931648795,42.31730942030393,146.8658214938573,102.99429756220852,1,1,0,0
Standard Mock,Moderate,72.88433622503389,61.546169850592676,28.657252831826863,163.08775890745343,101.54158905686076,1,1,1,1
CDS 2 2022,Easy,62.663930390171345,49.06042538931159,42.019990107573214,153.74434588705617,104.68392049774457,1,1,1,0
Standard Mock,Moderate,49.840045688319705,35.336110096890486,17.552396123946984,102.72855190915718,67.3924418122667,0,0,0,0
CDS 2 2023,Moderate,56.760911467840785,60.12455175939916,37.11879178828884,154.0042550155288,93.87970325612963,1,1,1,0
CDS 1 2023,Hard,50.54242540203151,22.68742256796745,22.944313885862606,96.17416185586157,73.48673928789412,0,0,0,0
CDS 2 2022,Easy,69.80063617904104,70.19596321547546,53.83194515329343,193.82854454780994,123.63258133233447,1,1,1,1
CDS 2 2023,Moderate,67.09932748147237,68.3714853565121,41.38543317267599,176.85624601066047,108.48476065414836,1,1,1,1
CDS 1 2022,Moderate,63.32081461416811,44.150593657776014,41.461296760241716,148.93270503218582,104.78211137440982,1,1,1,0
CDS 2 2023,Moderate,46.37956629145243,47.890091537584134,28.161510995004235,122.43116882404081,74.54107728645667,0,1,0,0
CDS 2 2022,Easy,65.60785372501303,55.975326011092825,59.262858548553936,180.84603828465978,124.87071227356697,1,1,1,1
Standard Mock,Moderate,71.78843444025644,44.25988937081719,30.64922758423684,146.69755139531048,102.43766202449328,1,1,1,1
Standard Mock,Moderate,46.70992362776552,54.32377669636504,27.576719871234282,128.61042019536484,74.28664349899981,0,1,0,0
CDS 2 2022,Easy,65.07560180394134,57.175047380140605,49.42938619897234,171.68003538305427,114.50498800291368,1,1,1,1
Standard Mock,Moderate,56.47546268362258,46.87315717544343,56.48296863786959,159.8315884969356,112.95843132149217,1,1,1,1
CDS 1 2023,Hard,66.63000969705304,48.5151937526028,26.79032634764258,141.93552979729841,93.42033604469562,1,1,1,0
CDS 1 2023,Hard,64.28015659151687,11.746204927640775,31.667935764604646,107.6942972837623,95.94809235612152,0,0,0,0
Standard Mock,Moderate,60.18252460856113,54.329769996332764,47.304600477599756,161.81689508249366,107.48712508616089,1,1,1,1
CDS 1 2022,Moderate,64.45838875229246,39.354539151899296,17.77743066042481,121.59035856461657,82.23581941271728,0,0,0,0
CDS 2 2022,Easy,69.1135763115144,69.57600136159483,44.10383276786892,182.79341044097816,113.21740907938332,1,1,1,1
Standard Mock,Moderate,58.55133244853906,48.19649090317552,39.058240866738146,145.80606421845272,97.6095733152772,1,1,1,0
CDS 1 2023,Hard,45.13057263498443,45.17211630556092,11.95366935124202,102.25635829178736,57.08424198622645,0,0,0,0
CDS 1 2022,Moderate,61.73947208412811,28.569923321809622,28.818249578998312,119.12764498493604,90.55772166312642,0,0,0,0
Standard Mock,Moderate,66.29739514408737,54.68249666841775,32.34079925804448,153.3206910705496,98.63819440213186,1,1,1,0
Standard Mock,Moderate,78.64048530411759,39.60479029557163,13.585691196802951,131.8309667964922,92.22617650092054,0,1,0,0
CDS 1 2023,Hard,52.90624386688087,20.36316376952218,41.638609393173205,114.90801702957626,94.54485326005408,0,1,0,0
CDS 1 2022,Moderate,79.35861025680605,46.8479920591937,36.358559015662905,162.56516133166264,115.71716927246895,1,1,1,1
CDS 1 2023,Hard,53.01940236781093,52.57740111122986,26.50989574255977,132.10669922160056,79.5292981103707,1,1,0,0
CDS 2 2023,Moderate,49.314792459175614,43.38982001151629,38.454141816438536,131.15875428713045,87.76893427561416,1,1,0,0
CDS 2 2022,Easy,57.37866551485902,60.02860881704152,65.85975175683896,183.2670260887395,123.23841727169798,1,1,1,1
CDS 1 2023,Hard,61.13265544661144,22.943800656177434,39.1022142453493,123.17867034813817,100.23486969196074,1,1,0,1
CDS 1 2022,Moderate,77.52291909122032,38.774803079537755,9.910428215049244,126.2081503858073,87.43334730626955,0,0,0,0
CDS 1 2023,Hard,50.409683268211,42.62461919369785,34.653786919764045,127.6880893816729,85.06347018797504,1,1,0,0
CDS 2 2022,Easy,63.331852593016066,43.26372371772918,39.880026553722765,146.475602864468,103.21187914673882,1,1,0,0
CDS 2 2023,Moderate,45.02767605515827,56.324473350434225,42.2651162233606,143.6172656289531,87.29279227851887,1,1,1,0
CDS 1 2023,Hard,70.84494375157058,48.31378252361107,23.679863225478336,142.83858950065996,94.52480697704891,1,1,1,0
CDS 1 2022,Moderate,57.162932716352685,60.2635533201377,46.904749851934824,164.33123588842523,104.06768256828751,1,1,1,0
CDS 1 2022,Moderate,62.11209399224457,59.53118614329914,31.604698433340133,153.24797856888384,93.7167924255847,1,1,1,0
Standard Mock,Moderate,66.46904523256566,32.06641591824683,28.155595979138173,126.69105712995066,94.62464121170383,0,1,0,0
CDS 1 2022,Moderate,57.11467099318204,61.75784590479646,50.154138153482094,169.02665505146058,107.26880914666413,1,1,1,1
CDS 1 2022,Moderate,48.876725303294194,63.29620619615383,23.32242584100079,135.49535734044883,72.19915114429499,0,1,0,0
CDS 2 2022,Easy,53.643640952421705,47.60714541596411,45.09295323642008,146.3437396048059,98.73659418884179,1,1,0,0
CDS 1 2023,Hard,71.17044924521683,53.72033836246994,23.83660160689697,148.72738921458372,95.00705085211379,1,1,1,0
CDS 2 2023,Moderate,61.84858654060365,24.35629702378319,37.52194854234287,123.7268321067297,99.37053508294652,0,1,0,0
CDS 1 2023,Hard,32.97086646794281,42.96287276099934,28.23547247786149,104.16921170680365,61.206338945804305,0,0,0,0
CDS 1 2023,Hard,43.74802172262277,46.73767155791359,21.290452716189264,111.77614599672563,65.03847443881203,0,0,0,0
CDS 1 2023,Hard,60.628544804571305,49.3624206542329,28.898071516896582,138.88903697570078,89.52661632146788,1,1,1,0
Standard Mock,Moderate,48.25797704279854,67.77453126940408,31.44065082913029,147.47315914133293,79.69862787192884,1,1,1,0
CDS 2 2022,Easy,65.68322129939817,82.67135903161288,41.26312514586999,189.61770547688104,106.94634644526816,1,1,1,0
CDS 2 2023,Moderate,46.006578341512295,67.9678353576972,42.9643036664211,156.9387173656306,88.9708820079334,1,1,1,0
CDS 1 2022,Moderate,56.75142073501454,36.215766033469144,43.596307868548465,136.56349463703216,100.34772860356301,1,1,0,0
CDS 1 2022,Moderate,53.13267604432649,57.58280007732708,38.849664160476344,149.5651402821299,91.98234020480282,1,1,1,0
CDS 1 2023,Hard,66.20936512406246,39.19064129733781,42.557028695515946,147.95703511691622,108.76639381957841,1,1,1,1
CDS 2 2022,Easy,76.93611755172589,65.82509573905922,36.57695156550851,179.33816485629362,113.5130691172344,1,1,1,1
Standard Mock,Moderate,62.074887978521815,53.082094488264445,39.45677907081924,154.6137615376055,101.53166704934105,1,1,1,1
CDS 1 2022,Moderate,43.95294990202188,49.23049727781027,23.758781411392267,116.94222859122442,67.71173131341415,0,0,0,0
CDS 2 2023,Moderate,43.127209203588315,58.4586715954577,43.31211103199756,144.89799183104358,86.43932023558588,1,1,1,0
Standard Mock,Moderate,63.2717055287779,64.56166726642218,23.78865987242078,151.62203266762086,87.06036540119868,1,1,1,0
Standard Mock,Moderate,80.37210639718359,54.126424541414835,36.470768274459736,170.96929921305815,116.84287467164333,1,1,1,1
Standard Mock,Moderate,62.01738654796044,46.56529492048325,40.303691889987995,148.88637335843168,102.32107843794844,1,1,1,1
CDS 1 2023,Hard,54.65435760156197,68.14748994275729,37.245740803978926,160.04758834829818,91.90009840554089,1,1,1,0
CDS 1 2023,Hard,40.99928765598261,25.834474177215014,29.169500124776263,96.00326195797389,70.16878778075888,0,0,0,0
CDS 2 2023,Moderate,75.92024898576084,30.68159047457047,29.122620306801018,135.72445976713232,105.04286929256185,1,1,0,1
CDS 1 2022,Moderate,66.38186998848573,55.96317442272915,52.44311114743111,174.788155558646,118.82498113591684,1,1,1,1
CDS 1 2023,Hard,57.04797877281917,56.97808795390666,33.27312738220795,147.2991941089338,90.32110615502712,1,1,1,0
CDS 1 2022,Moderate,51.258007299858505,42.5677182178856,33.88152895913687,127.70725447688098,85.13953625899538,0,0,0,0
CDS 2 2022,Easy,53.3213469270829,68.29265315178938,36.71624740583198,158.33024748470427,90.03759433291488,1,1,1,0
CDS 2 2023,Moderate,65.66602148392725,49.75770733983982,41.443105001082,156.86683382484907,107.10912648500926,1,1,1,1
CDS 1 2022,Moderate,65.23323782728589,44.28588136887325,26.994096576518945,136.51321577267808,92.22733440380483,1,1,0,0
CDS 1 2022,Moderate,61.92004236968677,51.84225425906248,37.775158588818904,151.53745521756815,99.69520095850567,1,1,1,0
CDS 2 2022,Easy,63.61664717983622,92.89325539653157,36.2257659886967,192.7356685650645,99.84241316853291,1,1,1,0
Standard Mock,Moderate,69.067872729324,45.20149802152327,39.13147475952623,153.4008455103735,108.19934748885022,1,1,1,1
CDS 1 2023,Hard,50.48781173056123,43.5139461230402,28.953595250184353,122.95535310378578,79.44140698074558,1,1,0,0
CDS 1 2022,Moderate,41.195644559369185,40.35741133273251,19.30610404625316,100.85915993835485,60.501748605622346,0,0,0,0
CDS 1 2022,Moderate,62.071394367785686,65.73745471319381,32.607268528481484,160.41611760946097,94.67866289626717,1,1,1,0
CDS 2 2022,Easy,50.176032130042316,73.24110089189321,32.486545303966295,155.9036783259018,82.66257743400861,1,1,1,0
CDS 2 2022,Easy,66.31119324675147,79.61496331923357,48.848425828011585,194.77458239399664,115.15961907476306,1,1,1,1
CDS 1 2023,Hard,48.06195582098177,36.73087718882954,29.205485297663742,113.99831830747505,77.26744111864551,0,1,0,0
CDS 2 2023,Moderate,40.45406995516724,58.57274624856798,31.89603196244031,130.92284816617553,72.35010191760756,1,1,0,0
CDS 1 2022,Moderate,65.40589541812241,43.493892232326004,41.1908316938801,150.0906193443285,106.59672711200251,1,1,1,1
CDS 2 2022,Easy,58.43902763994359,49.03219424370796,52.692556718986204,160.16377860263776,111.13158435892979,1,1,1,1
CDS 1 2022,Moderate,62.94082038793214,65.54060419508542,36.633346806775386,165.11477138979296,99.57416719470753,1,1,1,0
Standard Mock,Moderate,69.7141235767236,33.74936199869952,22.047413793328793,125.51089936875192,91.7615373700524,0,1,0,0
CDS 2 2022,Easy,70.78909818069134,49.53793859255483,39.35662352620834,159.68366029945452,110.14572170689968,1,1,1,1
Standard Mock,Moderate,70.1562788399447,48.62948864267333,36.87459382088911,155.66036130350713,107.03087266083381,1,1,1,1
CDS 2 2023,Moderate,67.79828640755049,66.82222782567065,31.248910050564355,165.86942428378552,99.04719645811485,1,1,1,0
CDS 1 2023,Hard,47.11952376766992,57.20599406391814,35.255432530736705,139.58095036232476,82.37495629840663,1,1,1,0
CDS 1 2022,Moderate,46.227045107279,61.706488714626694,31.56664824147551,139.5001820633812,77.7936933487545,1,1,0,0
CDS 1 2022,Moderate,71.57244547731025,39.18394687587769,33.28504399611761,144.04143634930554,104.85748947342786,1,1,0,0
CDS 1 2023,Hard,64.55935822330763,26.024039817851264,39.46839282065284,130.05179086181172,104.02775104396046,1,1,0,1
CDS 1 2023,Hard,42.960863510336196,47.5523276011467,31.802053455868798,122.3152445673517,74.762916966205,1,1,0,0
CDS 2 2022,Easy,62.009309147699454,46.47836071795142,46.792938199823496,155.28060806547438,108.80224734752295,1,1,1,1
CDS 2 2023,Moderate,38.853064009262646,48.75878575815722,30.76098927667404,118.3728390440939,69.61405328593668,0,0,0,0
CDS 1 2022,Moderate,57.241600401035434,26.21221228945419,23.41396736340515,106.86778005389476,80.65556776444058,0,0,0,0
CDS 2 2022,Easy,59.85911195632102,70.07436927296419,48.97655771649744,178.91003894578265,108.83566967281845,1,1,1,1
CDS 1 2022,Moderate,71.87713384138455,34.15552411643563,26.84090464851447,132.87356260633464,98.71803848989902,0,1,0,0
CDS 1 2022,Moderate,64.96634614979895,52.802035262405965,41.351000115979254,159.1193815281842,106.31734626577821,1,1,1,1
CDS 1 2023,Hard,34.85936725762237,39.64373451656826,23.064923320932266,97.56802509512289,57.92429057855463,0,0,0,0
Standard Mock,Moderate,64.87218194630427,49.73104226738448,42.673073626024866,157.2762978397136,107.54525557232913,1,1,1,1
CDS 2 2022,Easy,68.30783806538236,63.227432490621794,40.848654583611044,172.3839251396152,109.1564926489934,1,1,1,1
CDS 1 2023,Hard,58.12865651490911,36.77957441035143,30.5259012803783,125.43413220563885,88.65455779528742,1,1,0,0
CDS 2 2023,Moderate,60.81291425042481,51.20970466677674,39.84591378839275,151.8685327055943,100.65882803881756,1,1,1,0
CDS 2 2022,Easy,68.80826418345254,58.18196707295905,53.427218613511855,180.41744986992344,122.23548279696439,1,1,1,1
CDS 1 2023,Hard,48.510014795268425,23.60561994797299,37.06885428795335,109.18448903119477,85.57886908322178,0,0,0,0
CDS 1 2022,Moderate,49.18586619260713,54.19676001343895,38.35847264720069,141.74109885324677,87.54433883980782,1,1,0,0
CDS 1 2022,Moderate,47.54948776496005,40.7269940133641,31.171825190132502,119.44830696845665,78.72131295509254,0,0,0,0
CDS 1 2022,Moderate,55.13323677118403,56.47806556256703,44.43597776272946,156.0472800964805,99.56921453391348,1,1,1,0
Standard Mock,Moderate,59.80877820146293,31.80420395735831,29.54038072885072,121.15336288767196,89.34915893031365,0,0,0,0
CDS 1 2022,Moderate,74.2018493878195,39.519970751122315,40.92113900284919,154.64295914179098,115.12298839066868,1,1,1,1
CDS 1 2022,Moderate,67.19599497624891,44.55468594165188,34.29776379425374,146.04844471215455,101.49375877050265,1,1,0,0
CDS 2 2023,Moderate,64.35211528289602,43.87492176587868,27.585017500872752,135.81205454964746,91.93713278376877,1,1,0,0
CDS 1 2023,Hard,56.214610641995456,48.02902252321029,26.004390456918294,130.24802362212404,82.21900109891375,1,1,0,0
CDS 2 2022,Easy,83.6906650367826,35.01849644435147,32.45701867392857,151.16618015506265,116.14768371071118,1,1,0,1
CDS 2 2022,Easy,44.98259832523738,47.04202491848581,38.49531858505018,130.51994182877337,83.47791691028756,0,0,0,0
CDS 2 2023,Moderate,62.078605010670806,28.761397840630845,36.32597672026101,127.16597957156267,98.40458173093182,0,1,0,0
Standard Mock,Moderate,41.851161705185945,49.62514601663948,37.959332403460955,129.4356401252864,79.8104941086469,0,1,0,0
CDS 2 2022,Easy,60.741820016334486,60.65669515317989,23.428564148676955,144.82707931819132,84.17038416501144,1,1,0,0
CDS 2 2023,Moderate,72.71899545423943,37.83031331321922,37.77982440218922,148.3291331696479,110.49881985642865,1,1,1,1
Standard Mock,Moderate,60.44552165571152,60.69552856606551,21.33885919066315,142.47990941244018,81.78438084637466,1,1,0,0
CDS 1 2023,Hard,55.818443345295385,36.39190767467581,15.854744705974145,108.06509572594534,71.67318805126953,0,0,0,0
Standard Mock,Moderate,64.63301510234231,44.68925134271791,31.669523790244774,140.991790235305,96.30253889258708,1,1,0,0
CDS 1 2022,Moderate,47.75597792952728,40.21836959977035,40.66540987081656,128.63975740011418,88.42138780034384,0,1,0,0
Standard Mock,Moderate,38.43554622994967,59.773796586844234,31.28742629329606,129.49676911008996,69.72297252324573,0,1,0,0
CDS 2 2023,Moderate,56.130705534000526,53.1476153825822,52.37984985123521,161.65817076781792,108.51055538523573,1,1,1,1
CDS 1 2022,Moderate,63.38758162280366,47.180565506828515,33.71601734082391,144.2841644704561,97.10359896362758,1,1,0,0
Standard Mock,Moderate,57.36576364880496,54.37040594480578,31.977306079174735,143.71347567278548,89.3430697279797,1,1,0,0
CDS 2 2022,Easy,55.641687702094345,41.52165938949547,29.241061712757404,126.40440880434721,84.88274941485174,0,0,0,0
CDS 2 2023,Moderate,80.45654547677154,51.65390642016174,40.3034290167058,172.41388091363908,120.75997449347733,1,1,1,1
Standard Mock,Moderate,49.42485329706568,46.601143842560056,41.23342300674828,137.25942014637403,90.65827630381396,1,1,0,0
CDS 2 2023,Moderate,62.1416894113175,49.92322628901092,25.233796841364438,137.29871254169285,87.37548625268194,1,1,0,0
Standard Mock,Moderate,55.76166461793517,56.809276029686984,27.343888429698122,139.9148290773203,83.1055530476333,1,1,0,0
CDS 2 2023,Moderate,44.62292191469997,56.21383360263596,40.647762643141505,141.48451816047742,85.27068455784148,1,1,0,0
CDS 1 2022,Moderate,51.2035632444876,45.32369182480318,26.796715388675324,123.3239704579661,78.00027863316292,0,0,0,0
CDS 1 2023,Hard,57.820362104622205,45.202749522302554,28.777160065486196,131.80027169241094,86.5975221701084,1,1,0,0
CDS 1 2022,Moderate,77.62979652537399,27.417840351558954,29.922832308502862,134.9704691854358,107.55262883387685,0,1,0,1
CDS 2 2023,Moderate,68.25923583030654,52.71322035661349,51.8331457592753,172.80560194619534,120.09238158958183,1,1,1,1
CDS 1 2023,Hard,44.12251324646332,26.577718189460413,29.00886109411839,99.70909253004213,73.13137434058171,0,0,0,0
CDS 1 2023,Hard,61.42855493962948,36.3984545580616,19.189676778412526,117.01668627610361,80.61823171804201,0,1,0,0
CDS 2 2023,Moderate,49.956621737060935,43.60389987434691,36.268246851349616,129.82876846275747,86.22486858841054,0,1,0,0
CDS 1 2022,Moderate,61.76762103250264,36.160091667310674,35.223505549663656,133.15121824947695,96.99112658216629,0,1,0,0
CDS 2 2022,Easy,71.26877063529022,43.1376519056092,39.51234348156885,153.91876602246828,110.78111411685907,1,1,1,1
Standard Mock,Moderate,82.40926556205793,46.16087335920834,39.764301667171246,168.33444058843753,122.17356722922918,1,1,1,1
CDS 1 2023,Hard,69.15204526701824,38.25580693223338,44.73452487509286,152.14237707434447,113.8865701421111,1,1,1,1
Standard Mock,Moderate,63.47397486434762,46.23368699078386,25.11997181997059,134.82763367510208,88.59394668431821,0,1,0,0
Standard Mock,Moderate,58.009374462401304,51.99312574364412,36.84827033621654,146.85077054226196,94.85764479861784,1,1,1,0
CDS 2 2023,Moderate,65.5982844882806,33.47108848045002,37.37642656299959,136.44579953173022,102.9747110512802,1,1,0,1
Standard Mock,Moderate,50.61532894258915,44.61311289692125,29.535923805363268,124.76436564487366,80.15125274795241,0,0,0,0
Standard Mock,Moderate,70.50774290472114,43.711019421951605,23.37061013147087,137.5893724581436,93.87835303619201,1,1,0,0
Standard Mock,Moderate,69.5300949821405,53.52498779811389,32.00122525503388,155.05630803528828,101.53132023717438,1,1,1,1
CDS 1 2022,Moderate,58.604579570720965,45.25832947428551,37.56783257324723,141.4307416182537,96.17241214396819,1,1,0,0
CDS 1 2023,Hard,61.67065472728354,35.64025589933746,17.639548740748516,114.95045936736952,79.31020346803206,0,1,0,0
CDS 1 2023,Hard,57.96572676694308,57.91543147304593,34.269561984049545,150.15072022403854,92.23528875099262,1,1,1,0
CDS 2 2022,Easy,61.089753331344234,47.09171408008395,54.79481761860873,162.97628503003693,115.88457094995297,1,1,1,1
Standard Mock,Moderate,73.28646411544644,37.038497044413326,43.17467126698372,153.49963242684348,116.46113538243016,1,1,1,1
Standard Mock,Moderate,63.07039237251822,55.50701512410001,34.487641644678085,153.0650491412963,97.5580340171963,1,1,1,0
CDS 2 2022,Easy,62.767284115666904,71.42913499315421,36.927537743382686,171.1239568522038,99.6948218590496,1,1,1,0
CDS 2 2023,Moderate,59.01279105544327,45.295782179469605,43.26422324191766,147.57279647683055,102.27701429736094,1,1,1,1
CDS 2 2023,Moderate,76.66663259227523,40.630277625033784,28.216653706645065,145.51356392395408,104.8832862989203,1,1,1,1
CDS 2 2023,Moderate,75.24517181115903,67.2128916739727,30.550536091047473,173.00859957617922,105.7957079022065,1,1,1,1
Standard Mock,Moderate,68.91840579594813,26.240478335794098,33.453502934391665,128.6123870661339,102.3719087303398,0,1,0,1
CDS 2 2023,Moderate,59.80681695728164,62.00661279965247,36.016300535334246,157.82973029226838,95.82311749261589,1,1,1,0
CDS 1 2022,Moderate,75.88447176240112,57.61418116785819,28.150128208562524,161.64878113882185,104.03459997096364,1,1,1,0
Standard Mock,Moderate,67.6540215601335,53.984278945626535,45.73412702410445,167.3724275298645,113.38814858423795,1,1,1,1
CDS 1 2023,Hard,35.5750230903823,26.131509100997018,28.756620539777924,90.46315273115725,64.33164363016023,0,0,0,0
CDS 1 2023,Hard,52.973942270819265,43.66181003049967,37.84003388907115,134.4757861903901,90.81397615989042,1,1,0,0
Standard Mock,Moderate,71.48090866397433,32.420088723973166,38.41753920713539,142.3185365950829,109.89844787110972,1,1,0,1
Standard Mock,Moderate,34.79152993427265,45.43288240378602,36.4880876167959,116.71249995485456,71.27961755106855,0,0,0,0
CDS 2 2022,Easy,55.230542606181174,46.18308143832749,22.99372750348622,124.40735154799489,78.2242701096674,0,0,0,0
CDS 1 2022,Moderate,58.05508515135224,50.26357297881576,41.6587782370639,149.97743636723192,99.71386338841614,1,1,1,0
Standard Mock,Moderate,76.0806724717273,58.572706704689196,24.64395943954606,159.29733861596253,100.72463191127335,1,1,1,1
CDS 1 2022,Moderate,60.47298743128728,42.76182164081348,41.946691241185846,145.18150031328662,102.41967867247313,1,1,0,0
CDS 1 2023,Hard,65.7168037389059,31.84666018098701,32.36179806676194,129.92526198665485,98.07860180566783,1,1,0,1
CDS 2 2023,Moderate,59.87975971086812,53.87014020765352,32.60444141062901,146.35434132915066,92.48420112149714,1,1,1,0
Standard Mock,Moderate,48.202232506254916,52.74368703179197,34.706482978843056,135.65240251688994,82.90871548509797,1,1,0,0
CDS 2 2023,Moderate,60.33023307193033,57.28827328885263,48.46941244388996,166.0879188046729,108.79964551582029,1,1,1,1
CDS 1 2022,Moderate,59.925192032592534,51.547986617784,37.16689097497673,148.64006962535328,97.09208300756927,1,1,1,0
CDS 2 2023,Moderate,64.03299604166824,44.381684450767835,16.74342004335392,125.15810053579,80.77641608502216,0,1,0,0
Standard Mock,Moderate,45.155609318065736,47.26980575996487,47.78280947459486,140.20822455262547,92.9384187926606,1,1,0,0
CDS 2 2023,Moderate,58.06659050320377,53.0678975693985,43.96797332033235,155.10246139293463,102.03456382353612,1,1,1,1
CDS 2 2023,Moderate,48.713654856207924,43.977996321283385,34.29094637472631,126.98259755221763,83.00460123093424,0,1,0,0
Standard Mock,Moderate,42.55467111393946,45.79751613580241,28.097237667627954,116.44942491736983,70.65190878156741,0,0,0,0
CDS 1 2023,Hard,53.850490685081574,53.81998699656971,18.14214861058153,125.81262629223282,71.99263929566311,1,1,0,0
Standard Mock,Moderate,58.97896941108561,52.80769966007804,35.37553076660563,147.16219983776926,94.35450017769124,1,1,1,0
CDS 2 2022,Easy,57.11923746096329,50.595104247781805,44.56355973132696,152.27790144007207,101.68279719229025,1,1,1,0
CDS 2 2022,Easy,56.03414459352808,72.9000863056217,45.73447493355399,174.66870583270378,101.76861952708208,1,1,1,0
CDS 1 2023,Hard,62.248293734858315,33.75243272125241,37.38382052112345,133.38454697723418,99.63211425598176,1,1,0,1
Standard Mock,Moderate,44.023802708315436,72.65417867285711,49.90137522099841,166.57935660217095,93.92517792931385,1,1,1,0
CDS 2 2022,Easy,80.42806773769682,41.14438793525387,36.6421406102025,158.21459628315318,117.07020834789932,1,1,1,1
Standard Mock,Moderate,49.34317302180433,46.71145657907945,18.162674323859513,114.2173039247433,67.50584734566385,0,0,0,0
CDS 2 2023,Moderate,76.05677958082455,51.6278748041793,33.583373681277564,161.26802806628143,109.64015326210212,1,1,1,1
CDS 2 2023,Moderate,73.75596964304208,72.42637748063514,30.959046881676002,177.14139400535322,104.71501652471808,1,1,1,1
CDS 1 2023,Hard,74.92094407497453,33.069588831769444,28.95110929055614,136.9416421973001,103.87205336553066,1,1,1,1
CDS 2 2022,Easy,71.97238046390314,41.121337395191965,36.52475057481142,149.61846843390651,108.49713103871456,1,1,0,1
CDS 1 2022,Moderate,72.8123865352298,49.86613924516273,47.1644738727708,169.84299965316333,119.9768604080006,1,1,1,1
CDS 2 2023,Moderate,47.37135246271822,49.28675146102983,22.704737487826137,119.36284141157418,70.07608995054436,0,0,0,0
CDS 2 2023,Moderate,55.00128965494968,60.26355786072004,31.58907067858392,146.85391819425365,86.5903603335336,1,1,1,0
Standard Mock,Moderate,67.33179317422558,36.112521319472904,48.78142680497613,152.22574129867462,116.11321997920172,1,1,1,1
Standard Mock,Moderate,56.56808431313288,53.3769400921547,42.589816954601126,152.5348413598887,99.157901267734,1,1,1,0
CDS 2 2023,Moderate,75.32380382587621,70.17730924926663,39.2053670590407,184.70648013418355,114.52917088491691,1,1,1,1
CDS 2 2022,Easy,70.40017801723141,51.117820638586515,50.6216744758866,172.13967313170454,121.02185249311802,1,1,1,1
CDS 1 2022,Moderate,60.14287211883989,67.35573804711666,44.109444038394756,171.6080542043513,104.25231615723465,1,1,1,0
Standard Mock,Moderate,67.29236949310753,64.5280203543401,34.168282280653806,165.98867212810143,101.46065177376133,1,1,1,1
CDS 2 2023,Moderate,38.080213437201195,56.179610684020666,20.777654984931264,115.03747910615311,58.857868422132455,0,0,0,0
CDS 1 2022,Moderate,60.14108356253125,48.77289026918331,41.055136511241656,149.9691103429562,101.1962200737729,1,1,1,0
Standard Mock,Moderate,65.70945694603873,54.84583303295629,26.855971790068093,147.41126176906312,92.56542873610682,1,1,1,0
Standard Mock,Moderate,69.94414528207585,72.16265153578439,47.205506039312326,189.31230285717257,117.14965132138818,1,1,1,1
CDS 1 2022,Moderate,62.440984435023864,29.721930429913826,37.73911086847179,129.90202573340946,100.18009530349565,0,1,0,0
CDS 2 2022,Easy,59.68588598861575,67.60383462731626,38.069179259933875,165.3588998758659,97.75506524854963,1,1,1,0
CDS 1 2023,Hard,48.88998875910371,39.98053939643944,36.37072015799066,125.24124831353382,85.26070891709438,1,1,0,0
CDS 2 2023,Moderate,58.22831884885238,43.30612353296589,37.48893969133256,139.02338207315083,95.71725854018494,1,1,0,0
CDS 2 2023,Moderate,55.709627519073344,45.02454951206533,17.952140942098854,118.68631797323752,73.6617684611722,0,0,0,0
CDS 2 2022,Easy,60.20031853851273,60.002476751080486,34.840190106509205,155.0429853961024,95.04050864502193,1,1,1,0
CDS 2 2022,Easy,71.58631952790509,66.94498228539369,42.321945046423274,180.85324685972205,113.90826457432837,1,1,1,1
CDS 2 2023,Moderate,65.75561925830365,42.44572457142744,32.04943810194358,140.25078193167468,97.80505736024723,1,1,0,0
CDS 1 2022,Moderate,63.128222367668464,64.77413168437798,40.73767109901901,168.64002515106546,103.86589346668748,1,1,1,0
CDS 2 2023,Moderate,71.91173044940095,46.77592463847286,29.58526993492831,148.2729250228021,101.49700038432925,1,1,1,0
CDS 2 2023,Moderate,66.7101780491777,59.2676336244575,45.679977780589724,171.65778945422494,112.39015582976742,1,1,1,1
CDS 2 2022,Easy,64.36122167168654,43.0127634850529,27.459773475714833,134.83375863245425,91.82099514740136,0,1,0,0
CDS 2 2022,Easy,67.72633514319415,41.81584751878738,43.422255794243455,152.96443845622497,111.1485909374376,1,1,1,1
CDS 1 2022,Moderate,60.44569610889272,34.185280109914274,41.31224356971783,135.9432197885248,101.75793967861054,0,1,0,0
CDS 1 2023,Hard,66.04997201804414,55.09135735091981,26.9797508115214,148.12108018048536,93.02972282956554,1,1,1,0
CDS 1 2022,Moderate,54.665475542241,42.50235612189937,24.733745171158212,121.90157683529858,79.39922071339922,0,0,0,0
CDS 2 2022,Easy,64.0485187692268,52.40798294112264,36.11520093228519,152.57170264263465,100.163719701512,1,1,1,0
CDS 1 2023,Hard,58.3396514967619,39.20665127257592,28.630565041628806,126.17686781096663,86.9702165383907,1,1,0,0
CDS 2 2022,Easy,47.90773600797404,53.92956042769998,43.91698016010473,145.75427659577875,91.82471616807877,1,1,0,0
Standard Mock,Moderate,76.1029298048287,26.300456058005828,25.604348327460418,128.00773419029494,101.70727813228912,0,1,0,1
CDS 1 2022,Moderate,66.18068493930042,35.898803753626254,38.46527018313,140.54475887605668,104.64595512243042,1,1,0,0
CDS 2 2022,Easy,49.702510449959085,71.96932468728139,55.3739673068429,177.04580244408336,105.07647775680198,1,1,1,0
CDS 1 2023,Hard,30.125432412938707,59.97030465740679,26.33421576594799,116.4299528362935,56.459648178886695,0,1,0,0
CDS 1 2022,Moderate,55.23937442222133,44.60688806844758,30.093877659733472,129.94014015040239,85.33325208195481,0,1,0,0
CDS 1 2023,Hard,43.79103026231841,52.630567728816985,16.361794046175646,112.78339203731105,60.152824308494054,0,1,0,0
Standard Mock,Moderate,41.57063093752325,58.6389539130918,37.47271452108756,137.6822993717026,79.04334545861082,1,1,0,0
Standard Mock,Moderate,45.48773701098842,62.55815026069908,25.757315974049284,133.80320324573677,71.2450529850377,0,1,0,0
CDS 2 2022,Easy,70.3289172022704,69.42698804033405,33.82714293121113,173.5830481738156,104.15606013348153,1,1,1,0
CDS 2 2023,Moderate,72.06535723454303,37.19807726551605,37.69052693015707,146.95396143021614,109.75588416470009,1,1,1,1
CDS 1 2023,Hard,50.86551296528205,37.736862050230144,32.29109395164312,120.89346896715531,83.15660691692517,1,1,0,0
Standard Mock,Moderate,69.38957178234851,30.068837651205136,19.70225919890664,119.1606686324603,89.09183098125516,0,0,0,0
CDS 1 2022,Moderate,61.80871111482433,40.47541662362711,30.084555861930955,132.36868360038238,91.89326697675529,0,1,0,0
CDS 1 2023,Hard,37.319432808256025,39.36693870399081,30.156366758385452,106.8427382706323,67.47579956664148,0,0,0,0
CDS 1 2022,Moderate,66.53478981951741,46.40875106111404,35.68906133120972,148.63260221184117,102.22385115072714,1,1,1,0
CDS 2 2023,Moderate,71.77000636790338,54.436670626170915,21.875326965514503,148.0820039595888,93.64533333341788,1,1,1,0
Standard Mock,Moderate,43.28852835204651,33.44811440852023,26.616381199991924,103.35302396055866,69.90490955203843,0,0,0,0
CDS 2 2022,Easy,72.81942535451918,54.837961064884276,39.34589766404606,167.00328408344953,112.16532301856525,1,1,1,1
CDS 2 2023,Moderate,48.93267012270549,38.83841636029066,32.00306504067111,119.77415152366726,80.93573516337659,0,0,0,0
CDS 2 2023,Moderate,63.834550148542164,63.95753238246091,25.089088646683862,152.88117117768695,88.92363879522603,1,1,1,0
CDS 1 2022,Moderate,43.24419550375906,68.12640611959316,26.934801675434386,138.3054032987866,70.17899717919344,1,1,0,0
Standard Mock,Moderate,55.64861252037966,50.628858750452025,21.85121335595588,128.12868462678756,77.49982587633554,0,1,0,0
CDS 2 2023,Moderate,55.24607757785458,34.84955027041539,26.641297443816942,116.73692529208691,81.88737502167152,0,0,0,0
Standard Mock,Moderate,87.68373605625943,24.893191676005475,32.48448099815864,145.06140873042355,120.16821705441808,1,1,1,1
CDS 2 2023,Moderate,74.93709759005534,38.80240282776255,41.11070905110571,154.8502094689236,116.04780664116106,1,1,1,1
Standard Mock,Moderate,50.66880911313858,45.036980070126546,41.73472796158231,137.44051714484743,92.40353707472089,1,1,0,0
CDS 2 2023,Moderate,40.74022181554899,42.792114453408516,52.87239964604669,136.4047359150042,93.61262146159568,1,1,0,0
CDS 1 2022,Moderate,74.95571736482427,35.98788546620623,47.784349579657146,158.72795241068764,122.74006694448141,1,1,1,1
CDS 2 2022,Easy,75.33189864363148,32.5995929583527,33.48557450136319,141.41706610334737,108.81747314499466,1,1,0,1
Standard Mock,Moderate,55.754018339778575,42.44716022404395,38.97637501776279,137.17755358158533,94.73039335754137,1,1,0,0
Standard Mock,Moderate,56.92951659074899,49.2779277634811,46.43566044928613,152.64310480351622,103.36517704003512,1,1,1,1
CDS 2 2023,Moderate,51.56701688715047,50.37210680345094,42.020303236673264,143.95942692727468,93.58732012382373,1,1,1,0
CDS 2 2022,Easy,39.783951985379574,59.70194449259322,44.28352913771449,143.76942561568728,84.06748112309407,1,1,0,0
CDS 1 2023,Hard,55.2012112958086,31.931276988081976,37.1336046485566,124.26609293244718,92.3348159443652,1,1,0,0
Standard Mock,Moderate,63.36499788820901,52.88508460078598,19.330406288326472,135.58048877732145,82.69540417653548,1,1,0,0
CDS 2 2023,Moderate,79.53059695539896,38.882374416146696,25.05143647532459,143.46440784687024,104.58203343072356,1,1,1,1
CDS 2 2023,Moderate,52.89984557108448,35.243564725755384,36.29998225801595,124.44339255485582,89.19982782910043,0,1,0,0
CDS 1 2022,Moderate,64.2124737869098,54.41216656144541,43.46839945469165,162.09303980304685,107.68087324160145,1,1,1,1
CDS 2 2022,Easy,47.31584574361928,66.24840897104416,49.95167665158606,163.5159313662495,97.26752239520533,1,1,1,0
CDS 1 2022,Moderate,68.30161372346305,50.64227177046159,38.72842248655825,157.6723079804829,107.03003621002131,1,1,1,1
CDS 1 2023,Hard,65.32389398126396,28.5635144396218,45.388107900827634,139.2755163217134,110.7120018820916,1,1,1,1
CDS 2 2022,Easy,75.78125395794771,53.443923375656794,39.13782901992547,168.36300635352998,114.91908297787319,1,1,1,1
Standard Mock,Moderate,44.63469309617962,36.03282050437902,32.15210590484605,112.81961950540469,76.78679900102567,0,0,0,0
CDS 1 2022,Moderate,55.36145570494054,42.61309935224392,24.018136162218504,121.99269121940296,79.37959186715904,0,0,0,0
CDS 1 2023,Hard,50.93889642976597,20.62300165250403,30.774039347510403,102.3359374297804,81.71293577727637,0,0,0,0
CDS 1 2023,Hard,40.54481852254676,30.43074259515881,32.89531416584421,103.8708752835498,73.44013268839097,0,0,0,0
CDS 1 2023,Hard,65.74529790229931,47.281145802476885,31.802157776120374,144.82860148089657,97.54745567841968,1,1,1,0
CDS 2 2023,Moderate,74.10692320420895,41.10615953500469,31.902891881934273,147.11597462114793,106.00981508614322,1,1,1,1
CDS 1 2023,Hard,63.71702585598813,37.75203628214439,34.07610851143749,135.54517064957003,97.79313436742562,1,1,1,0
CDS 2 2023,Moderate,73.91457966955942,48.393283650669375,32.87755690160069,155.18542022182947,106.79213657116011,1,1,1,1
CDS 1 2023,Hard,55.21222650834258,40.93102467383669,22.52324884081223,118.6665000229915,77.73547534915481,0,1,0,0
CDS 1 2023,Hard,68.96760177398491,40.372761116787174,33.55974652300941,142.90010941378148,102.52734829699432,1,1,1,1
CDS 1 2023,Hard,53.38232718834331,48.997199541870216,32.64693622725081,135.02646295746433,86.02926341559413,1,1,1,0
CDS 1 2023,Hard,61.092388308897526,43.89737912932137,27.345081105424168,132.33484854364306,88.4374694143217,1,1,0,0
CDS 2 2022,Easy,69.79939741148279,57.018766494204336,29.928050124730216,156.74621403041735,99.727447536213,1,1,1,0
Standard Mock,Moderate,38.38696113697638,55.92411665475218,39.82533709821185,134.1364148899404,78.21229823518823,0,1,0,0
CDS 1 2022,Moderate,67.4754612578646,51.70856202028842,31.049531478304324,150.23355475645732,98.52499273616891,1,1,1,0
CDS 2 2023,Moderate,74.23953845541166,47.64992760928127,49.13769648291259,171.0271625476055,123.37723493832425,1,1,1,1
Standard Mock,Moderate,61.3931963072956,29.990375816853902,46.10911144734433,137.49268357149384,107.50230775463993,1,1,0,1
CDS 1 2022,Moderate,56.769242573229754,59.702406500217194,48.355704555367566,164.8273536288145,105.12494712859731,1,1,1,1
Standard Mock,Moderate,63.69263777649905,47.401077203506055,19.941675946693795,131.0353909266989,83.63431372319285,0,1,0,0
Standard Mock,Moderate,54.10084603750067,38.28783978246143,38.31038902817213,130.69907484813422,92.4112350656728,0,1,0,0
CDS 2 2023,Moderate,49.74276605025393,62.66165621972041,14.351347223163586,126.75576949313793,64.09411327341752,0,1,0,0
CDS 1 2023,Hard,51.00229488556943,39.97314260230983,31.257166269620278,122.23260375749953,82.25946115518971,1,1,0,0
CDS 2 2022,Easy,54.32566067039501,42.93621848803318,27.409350885518066,124.67123004394625,81.73501155591308,0,0,0,0
CDS 1 2022,Moderate,52.76831561170607,38.451388037752665,38.66606247013805,129.88576611959678,91.43437808184413,0,1,0,0
CDS 1 2022,Moderate,77.46490631594622,57.7003145959885,45.27151035893151,180.43673127086623,122.73641667487773,1,1,1,1
CDS 1 2022,Moderate,58.8034109752685,45.38393242654651,50.14280735720484,154.33015075901983,108.94621833247334,1,1,1,1
CDS 2 2022,Easy,64.68738585845755,63.42187648652013,41.69974539749269,169.80900774247036,106.38713125595024,1,1,1,0
CDS 1 2022,Moderate,66.36908079002986,41.60407536688855,30.24874721555397,138.22190337247235,96.61782800558382,1,1,0,0
CDS 1 2023,Hard,61.39902957152084,35.279786502125525,35.721892671129865,132.40070874477624,97.1209222426507,1,1,0,0
CDS 1 2022,Moderate,44.128119303215456,55.4823095859103,32.92683903991755,132.5372679290433,77.05495834313301,0,1,0,0
Standard Mock,Moderate,78.0541684641978,42.88114496603312,23.02042037659338,143.9557338068243,101.07458884079118,1,1,0,1
Standard Mock,Moderate,56.10596438474624,47.58070199449641,48.55805339431501,152.24471977355768,104.66401777906125,1,1,1,1
Standard Mock,Moderate,50.92673440627735,43.144337759508645,40.58695282921819,134.65802499500418,91.51368723549554,0,1,0,0
CDS 1 2023,Hard,42.75612726642046,60.80850345307143,22.857813541790794,126.42244426128269,65.61394080821125,1,1,0,0
CDS 2 2023,Moderate,63.84209221649462,45.00127517025545,36.07760055452543,144.9209679412755,99.91969277102005,1,1,1,0
CDS 1 2022,Moderate,62.92148842118799,51.506025938487916,37.802359460024945,152.22987381970086,100.72384788121293,1,1,1,0
CDS 1 2022,Moderate,61.14845090277753,48.27725215200877,43.687983383055496,153.1136864378418,104.83643428583304,1,1,1,0
CDS 1 2023,Hard,45.220611644473614,16.25177567812345,25.100616872793054,86.57300419539011,70.32122851726666,0,0,0,0
CDS 2 2023,Moderate,80.26817116042392,38.03915405844916,43.62754591952687,161.93487113839996,123.89571707995078,1,1,1,1
CDS 1 2022,Moderate,57.181551506029,66.5105665364894,28.631235257935668,152.32335330045407,85.81278676396467,1,1,1,0
CDS 2 2022,Easy,50.80122835729071,53.697665889221824,41.14476058818779,145.64365483470033,91.9459889454785,1,1,0,0
CDS 2 2023,Moderate,68.26838630709115,26.90149348013478,33.95990772275305,129.12978750997897,102.22829402984419,0,1,0,1
CDS 2 2023,Moderate,57.48882165357559,48.95495455867873,25.27837782056675,131.72215403282107,82.76719947414234,1,1,0,0
CDS 2 2023,Moderate,74.34177036520326,38.397327175201156,17.60574755767722,130.34484509808163,91.94751792288048,1,1,0,0
Standard Mock,Moderate,54.473070462165026,56.88150796926293,31.183689045867887,142.53826747729585,85.6567595080329,1,1,0,0
CDS 2 2022,Easy,63.26455582438612,47.49072347521869,44.15802725720445,154.91330655680926,107.42258308159057,1,1,1,1
Standard Mock,Moderate,62.299243454179376,39.21240540315494,42.77797630877715,144.28962516611148,105.07721976295653,1,1,0,1
Standard Mock,Moderate,67.81358119806515,60.54552288578703,35.52372768727569,163.88283177112785,103.33730888534083,1,1,1,1
CDS 2 2023,Moderate,57.985800999230264,47.51272521985764,38.81244655162099,144.31097277070887,96.79824755085124,1,1,1,0
CDS 1 2022,Moderate,59.037877379594214,54.441689630698846,37.5893042822569,151.06887129254994,96.62718166185111,1,1,1,0
CDS 2 2022,Easy,52.50435088075995,32.684043513402415,54.33633608817878,139.52473048234117,106.84068696893874,0,1,0,0
Standard Mock,Moderate,53.15187890261104,52.948271629031375,34.05730929235099,140.1574598239934,87.20918819496202,1,1,0,0
CDS 2 2022,Easy,80.76172527741379,48.90767045932347,21.417085117748925,151.08648085448618,102.17881039516271,1,1,0,0
Standard Mock,Moderate,38.73166512200734,51.26020301400037,35.31621973910248,125.30808787511019,74.04788486110982,0,1,0,0
CDS 1 2023,Hard,70.90795742171252,52.52830155330855,30.96507808714763,154.4013370621687,101.87303550886016,1,1,1,1
CDS 1 2022,Moderate,65.83837081539059,31.09247103849553,30.647518029948316,127.57835988383444,96.4858888453389,0,0,0,0
Standard Mock,Moderate,62.75002298291811,63.54248487203573,20.078979828546363,146.37148768350022,82.82900281146448,1,1,1,0
CDS 1 2022,Moderate,58.37937897963176,42.237426790411206,46.95177411511416,147.56857988515713,105.33115309474593,1,1,1,1
Standard Mock,Moderate,62.68850786400992,47.459470583868914,37.09348857334689,147.24146702122573,99.78199643735681,1,1,1,0
CDS 1 2023,Hard,50.673404866034076,28.886040838201502,33.13964814776416,112.69909385199975,83.81305301379824,0,1,0,0
CDS 1 2023,Hard,42.905646710409414,48.72601586670521,39.94261514661462,131.57427772372924,82.84826185702403,1,1,0,0
CDS 2 2023,Moderate,60.6589160860224,44.786813775301866,51.65142382543782,157.09715368676208,112.31033991146022,1,1,1,1
CDS 2 2023,Moderate,73.22703219988979,35.70299099908332,36.75574084925822,145.68576404823133,109.98277304914801,1,1,1,1
CDS 1 2022,Moderate,78.48040191770849,46.54774762788523,44.90710846624085,169.93525801183458,123.38751038394935,1,1,1,1
Standard Mock,Moderate,67.2717125953395,57.949788420714505,30.96296566002093,156.18446667607492,98.23467825536042,1,1,1,0
CDS 2 2023,Moderate,36.08921434716041,59.751116931443555,24.801986663054063,120.64231794165804,60.89120101021447,0,1,0,0
CDS 2 2022,Easy,62.50344461781081,38.83857205461479,42.07542294888742,143.417439621313,104.57886756669822,1,1,0,0
CDS 1 2023,Hard,73.47866995702103,37.591777379496044,39.52423714974141,150.59468448625847,113.00290710676244,1,1,1,1
CDS 1 2023,Hard,50.953041431366735,63.78964540202713,38.236834891357546,152.9795217247514,89.18987632272427,1,1,1,0
CDS 1 2022,Moderate,69.53760255811353,36.93178405125698,56.71802667396602,163.18741328333653,126.25562923207956,1,1,1,1
CDS 1 2022,Moderate,51.80613169501209,53.301127795793754,23.110588819466514,128.21784831027236,74.91672051447861,0,1,0,0
CDS 2 2023,Moderate,61.7560354980437,57.71110353747959,33.48048876528014,152.94762780080345,95.23652426332384,1,1,1,0
CDS 1 2023,Hard,67.32328605214664,32.83633566518662,17.794700725705262,117.95432244303854,85.11798677785191,0,1,0,0
CDS 2 2023,Moderate,68.2014359412306,38.42152708370215,30.32261316141418,136.94557618634693,98.52404910264478,1,1,0,0
CDS 2 2023,Moderate,70.18537427650395,44.38104230650674,22.1049993027602,136.6714158857709,92.29037357926416,1,1,0,0
CDS 1 2023,Hard,58.28644025804809,49.3978678721581,25.40944068871905,133.09374881892523,83.69588094676715,1,1,0,0
CDS 1 2023,Hard,49.31123024802631,38.49104443005073,41.268955947567356,129.0712306256444,90.58018619559367,1,1,0,0
CDS 1 2022,Moderate,66.71270136705354,40.46951996707113,42.460239529828165,149.64246086395283,109.1729408968817,1,1,1,1
Standard Mock,Moderate,39.465134513441114,48.867460165498436,38.60755754663835,126.94015222557789,78.07269206007946,0,1,0,0
CDS 1 2023,Hard,60.55826027575127,34.83486761439141,28.187780220937295,123.58090811107998,88.74604049668856,1,1,0,0
CDS 1 2022,Moderate,80.084730109817,56.80740574037086,20.27645938489222,157.1685952350801,100.36118949470922,1,1,1,0
CDS 2 2022,Easy,59.25398141816609,51.19476600911241,36.64221382259578,147.09096124987428,95.89619524076187,1,1,0,0
CDS 1 2023,Hard,46.96565725828743,56.68772315139949,34.56979368188992,138.22317409157685,81.53545094017736,1,1,1,0
CDS 1 2023,Hard,59.700136612466615,28.16271401080904,30.82705596969676,118.68990659297242,90.52719258216338,0,1,0,0
CDS 2 2023,Moderate,65.16825265824451,43.43166451445889,56.56349631729299,165.1634134899964,121.7317489755375,1,1,1,1
CDS 2 2022,Easy,61.24016420648134,49.127029186066956,34.38910869019003,144.75630208273833,95.62927289667137,1,1,0,0
CDS 1 2022,Moderate,32.54700446327615,37.85337388374464,39.05035385855713,109.45073220557792,71.59735832183328,0,0,0,0
CDS 2 2023,Moderate,43.897368812082,35.01578657949676,42.53189949732549,121.44505488890425,86.42926830940749,0,1,0,0
CDS 1 2023,Hard,51.61330946116242,23.08941042370584,41.73153912950864,116.4342590143769,93.34484859067106,0,1,0,0
CDS 2 2022,Easy,49.67401765402238,68.79384836812443,42.69306189562338,161.16092791777018,92.36707954964575,1,1,1,0
CDS 2 2023,Moderate,44.25658282268037,54.97199447954031,39.076897368371775,138.30547467059245,83.33348019105215,1,1,0,0
CDS 2 2022,Easy,44.4083951630768,65.51927055810616,47.9850133790722,157.91267910025516,92.39340854214899,1,1,1,0
CDS 1 2023,Hard,51.882144267439756,53.63746689189814,40.01877089838406,145.53838205772195,91.90091516582382,1,1,1,0
CDS 1 2022,Moderate,61.03117925717205,36.32606528900452,30.485546096750664,127.84279064292723,91.51672535392271,0,0,0,0
Standard Mock,Moderate,59.62436490633809,44.10987766751231,40.69758919704179,144.4318317708922,100.32195410337988,1,1,0,1
CDS 1 2023,Hard,33.0249899473797,42.28267866213872,40.14971115661256,115.45737976613098,73.17470110399226,0,1,0,0
CDS 2 2022,Easy,61.20375503323166,73.29566315779307,48.571583884232886,183.07100207525764,109.77533891746455,1,1,1,1
CDS 2 2022,Easy,36.98088430512108,37.88020947027583,44.34263649922072,119.20373027461763,81.3235208043418,0,0,0,0
Standard Mock,Moderate,64.99110506798941,55.6287183172866,36.27927202374579,156.8990954090218,101.2703770917352,1,1,1,1
CDS 2 2022,Easy,60.00752385505345,49.59558170491998,21.267598881808482,130.87070444178192,81.27512273686193,0,0,0,0
CDS 2 2022,Easy,69.06847635139783,40.9380243943297,50.15392328675223,160.16042403247977,119.22239963815007,1,1,1,1
Standard Mock,Moderate,70.27060426873018,52.349398579134316,28.521277103534786,151.14127995139927,98.79188137226497,1,1,1,0
CDS 1 2023,Hard,49.90106047134367,50.702531614843295,31.457365021696813,132.06095710788378,81.35842549304049,1,1,0,0
CDS 2 2023,Moderate,47.729859227114645,50.21955104810504,28.200941032531688,126.15035130775138,75.93080025964633,0,1,0,0
CDS 2 2023,Moderate,84.01583661030352,72.48160663196302,26.36810287833172,182.86554612059825,110.38393948863524,1,1,1,1
CDS 2 2023,Moderate,80.0442330367517,44.4221696856012,34.026888492984085,158.493291215337,114.07112152973579,1,1,1,1
CDS 1 2022,Moderate,53.07934801335308,31.119366809285303,34.31797469667331,118.51668951931171,87.3973227100264,0,0,0,0
CDS 2 2023,Moderate,59.23760982679402,40.66697925027939,49.96880273850856,149.87339181558195,109.20641256530257,1,1,1,1
CDS 2 2022,Easy,62.59275696010949,59.48874505757252,22.98859525732758,145.0700972750096,85.58135221743707,1,1,0,0
CDS 1 2022,Moderate,62.64481684951374,45.39807539733428,35.63702359765771,143.67991584450573,98.28184044717145,1,1,0,0
Standard Mock,Moderate,57.07242081227545,47.65420078093652,40.01900233700672,144.7456239302187,97.09142314928218,1,1,0,0
CDS 1 2023,Hard,58.14971871555332,53.48112744514914,31.719862539636384,143.35070870033883,89.8695812551897,1,1,1,0
CDS 1 2022,Moderate,66.76994097375054,66.22106436782616,36.9286184315019,169.9196237730786,103.69855940525244,1,1,1,0
CDS 2 2022,Easy,69.20268529056561,62.28331130063965,53.04962688790419,184.53562347910946,122.2523121784698,1,1,1,1
CDS 1 2022,Moderate,41.58080921068457,49.62211489611203,48.048347633193295,139.2512717399899,89.62915684387787,1,1,0,0
CDS 2 2022,Easy,64.48045229099222,50.86020205651519,42.81348347489577,158.1541378224032,107.293935765888,1,1,1,1
Standard Mock,Moderate,62.270288603889455,63.29126710481244,29.081239336569077,154.642795045271,91.35152794045854,1,1,1,0
Standard Mock,Moderate,58.8641188637895,36.90089021136871,31.174161572775667,126.93917064793388,90.03828043656517,0,1,0,0
CDS 2 2023,Moderate,62.68775789148641,52.66109536413008,36.87107100125092,152.2199242568674,99.55882889273732,1,1,1,0
Standard Mock,Moderate,49.72748112494871,55.507095630078716,18.98818801188427,124.2227647669117,68.71566913683299,0,0,0,0
CDS 2 2022,Easy,79.84641861876507,74.07329540274038,29.73646377610104,183.65617779760652,109.58288239486612,1,1,1,1
CDS 1 2022,Moderate,62.839110587363805,43.229415641450665,34.9293709544917,140.99789718330618,97.76848154185551,1,1,0,0
CDS 1 2022,Moderate,46.15481980575004,38.69272366274876,44.877285159246,129.72482862774478,91.03210496499604,0,1,0,0
CDS 1 2023,Hard,47.201933242623994,17.40419863993928,37.93541047909564,102.54154236165891,85.13734372171963,0,0,0,0
CDS 1 2022,Moderate,44.76402189331833,51.51941314805823,34.818657564919185,131.10209260629574,79.58267945823752,0,1,0,0
CDS 2 2023,Moderate,64.84734647968924,78.36443602370028,31.982015066037473,175.19379756942698,96.82936154572671,1,1,1,0
CDS 1 2023,Hard,52.72107441234166,30.43615997423347,28.153710783178223,111.31094516975335,80.87478519551988,0,0,0,0
CDS 1 2023,Hard,56.23906816521071,54.44293665440152,34.9196898563742,145.60169467598644,91.1587580215849,1,1,1,0
CDS 2 2023,Moderate,45.10715735559782,53.36044332970973,32.54004661644299,131.00764730175055,77.64720397204081,1,1,0,0
CDS 1 2023,Hard,60.870575345945355,46.509087634385224,30.052389262436314,137.4320522427669,90.92296460838168,1,1,1,0
Standard Mock,Moderate,51.910361070742,59.91153723575316,50.57905432318357,162.40095262967873,102.48941539392557,1,1,1,1
CDS 2 2023,Moderate,46.55072212934827,35.436938998717125,24.248969518832446,106.23663064689785,70.79969164818073,0,0,0,0
CDS 2 2022,Easy,71.77969970896528,51.027707989503035,27.152722335825327,149.96013003429366,98.93242204479061,1,1,0,0
CDS 1 2023,Hard,59.54704396416774,43.10665018855247,29.470672523628522,132.12436667634873,89.01771648779626,1,1,0,0
CDS 2 2022,Easy,54.341972886512416,47.641457290288045,45.94854373397244,147.9319739107729,100.29051662048485,1,1,0,0
Standard Mock,Moderate,56.75380325602059,49.23693865837018,37.37731727905986,143.36805919345062,94.13112053508044,1,1,0,0
CDS 2 2022,Easy,65.23980019015593,51.405407065609694,32.493731780232444,149.13893903599808,97.73353197038838,1,1,0,0
Standard Mock,Moderate,60.021835908370356,42.44960440423945,21.24914766832915,123.72058798093896,81.2709835766995,0,0,0,0
CDS 1 2022,Moderate,63.876798790328465,61.878979819130876,22.225633961546574,147.98141257100593,86.10243275187504,1,1,1,0
CDS 1 2022,Moderate,72.69613262599843,64.29143559660167,22.548494240399144,159.53606246299924,95.24462686639757,1,1,1,0
CDS 2 2023,Moderate,58.56418411287866,42.04018737446104,39.185145591570546,139.78951707891025,97.7493297044492,1,1,0,0
CDS 1 2023,Hard,64.23044827226762,30.23016092082876,33.248752150789336,127.70936134388572,97.47920042305697,1,1,0,0
CDS 1 2023,Hard,43.347980000347114,42.25530131719308,18.317580518326217,103.92086183586642,61.66556051867333,0,0,0,0
CDS 2 2023,Moderate,65.72471411779736,46.58422686471147,41.50965678779441,153.81859777030326,107.23437090559177,1,1,1,1
CDS 1 2022,Moderate,48.43003544335636,61.82818366754311,28.17925201976217,138.43747113066163,76.60928746311853,1,1,0,0
CDS 2 2022,Easy,60.153714353999185,42.09219419710135,41.43417630681476,143.6800848579153,101.58789066081394,1,1,0,0
CDS 2 2023,Moderate,63.36583045459035,60.560552565309166,30.423154383209223,154.34953740310874,93.78898483779957,1,1,1,0
CDS 2 2022,Easy,72.73557706206813,53.48003167182804,35.042940534251,161.25854926814716,107.77851759631913,1,1,1,1
Standard Mock,Moderate,54.488837599593715,37.710690845433405,20.805668034549903,113.00519647957702,75.29450563414362,0,0,0,0
CDS 2 2022,Easy,66.9821732772082,56.78257484311167,43.25259498229582,167.01734310261568,110.23476825950402,1,1,1,1
CDS 2 2023,Moderate,56.98266946041364,48.762502854731245,44.330666057209854,150.07583837235475,101.3133355176235,1,1,1,0
CDS 2 2022,Easy,72.03253828095947,7.931196980579891,22.262248677974814,102.22598393951418,94.29478695893428,0,0,0,0
CDS 2 2022,Easy,67.8378802783808,52.45057956744333,25.752343462785106,146.0408033086092,93.5902237411659,1,1,0,0
CDS 1 2022,Moderate,56.97902958975394,52.79995863532328,50.87400602415537,160.6529942492326,107.85303561390931,1,1,1,1
CDS 1 2023,Hard,56.658590267986725,44.42197104206846,36.69592923706939,137.77649054712458,93.35451950505612,1,1,1,0
Standard Mock,Moderate,55.42323007011567,34.68299846534071,45.7147593025456,135.820987838002,101.13798937266128,1,1,0,1
CDS 1 2023,Hard,58.23247187533562,42.44732629019194,17.61944164690951,118.29923981243707,75.85191352224513,0,1,0,0
CDS 1 2023,Hard,56.929896417729296,21.220313278698647,43.411639695317305,121.56184939174526,100.3415361130466,1,1,0,1
Standard Mock,Moderate,53.99112824146187,52.023807076767696,43.22682426574144,149.241759583971,97.21795250720331,1,1,1,0
CDS 2 2022,Easy,66.80305051337503,47.91017982290285,30.438642970414605,145.1518733066925,97.24169348378963,1,1,0,0
CDS 1 2023,Hard,67.45041008223257,44.50431635373368,29.587926449968577,141.5426528859348,97.03833653220114,1,1,1,0
CDS 2 2022,Easy,63.84811671223521,66.20572511289996,28.16914484750235,158.22298667263752,92.01726155973756,1,1,1,0
CDS 1 2023,Hard,60.03232384532496,27.81302344419346,48.44509469893751,136.2904419884559,108.47741854426246,1,1,1,1
CDS 1 2022,Moderate,68.22572921200481,49.88815881207693,21.88456033962999,139.99844836371173,90.11028955163479,1,1,0,0
CDS 2 2022,Easy,74.76506589063165,52.540810309100706,19.27864883903513,146.58452503876748,94.04371472966677,1,1,0,0
CDS 2 2022,Easy,59.3679026595738,59.62255182711225,32.98042701704878,151.97088150373483,92.34832967662258,1,1,0,0
CDS 2 2022,Easy,76.20685706422596,57.465837130720246,38.66721284770845,172.33990704265466,114.87406991193441,1,1,1,1
CDS 1 2022,Moderate,61.143087530592474,34.927888347454726,35.01803506356414,131.08901094161132,96.16112259415661,0,1,0,0
CDS 2 2022,Easy,76.08444601722893,59.73857788003093,42.95195368158836,178.77497757884822,119.03639969881729,1,1,1,1
Standard Mock,Moderate,51.93490370974418,45.88638962747066,30.407796020107593,128.22908935732244,82.34269972985177,0,1,0,0
CDS 2 2022,Easy,49.65875306551148,47.791024832337186,23.119656748023218,120.56943464587188,72.7784098135347,0,0,0,0
CDS 1 2022,Moderate,65.2252076644239,35.77433762891144,28.46862610070059,129.46817139403595,93.6938337651245,0,1,0,0
CDS 1 2023,Hard,46.8531434676233,35.75369244615875,26.3572606148375,108.96409652861955,73.2104040824608,0,0,0,0
CDS 1 2022,Moderate,81.65521452206556,60.29728934738074,45.54620628487318,187.4987101543195,127.20142080693874,1,1,1,1
Standard Mock,Moderate,71.68580364273382,33.33162462015313,25.011791306659504,130.02921956954646,96.69759494939332,0,1,0,0
CDS 1 2022,Moderate,48.931297084659434,41.43369853341011,48.34506133337838,138.71005695144794,97.27635841803782,1,1,0,0
Standard Mock,Moderate,47.48643817760713,45.13673361942447,30.69003799780187,123.31320979483345,78.176476175409,0,0,0,0
CDS 2 2022,Easy,67.68413273694563,45.0618332335179,42.50951020712043,155.25547617758394,110.19364294406606,1,1,1,1
CDS 1 2022,Moderate,66.85656392513711,46.12468395953948,28.60806466249842,141.589312547175,95.46462858763553,1,1,0,0
CDS 2 2022,Easy,71.86774070503355,48.16778291702635,33.58178596055659,153.61730958261649,105.44952666559014,1,1,1,0
CDS 1 2023,Hard,60.916680496931306,35.38249571675115,23.138134587159843,119.4373108008423,84.05481508409115,0,1,0,0
CDS 1 2022,Moderate,65.55742178042892,55.26485405715296,55.54092441435975,176.36320025194163,121.09834619478868,1,1,1,1
CDS 1 2023,Hard,59.72639762990012,27.121716711195408,34.24641266938184,121.09452701047736,93.97281029928196,1,1,0,0
CDS 1 2023,Hard,56.15596738679908,43.85901448447307,29.761868093308784,129.77684996458095,85.91783548010787,1,1,0,0
CDS 2 2023,Moderate,61.16508052475871,44.26239366120958,38.79699677417113,144.22447096013943,99.96207729892984,1,1,1,0
CDS 2 2022,Easy,65.58608917371792,51.161112663965035,27.72171433943008,144.46891617711304,93.307803513148,1,1,0,0
CDS 1 2023,Hard,68.90833548176643,39.74894755140308,32.55046671702605,141.20774975019555,101.45880219879248,1,1,1,1
CDS 1 2022,Moderate,78.96123276254346,34.68653333464536,21.39165021698921,135.03941631417803,100.35288297953267,0,1,0,0
CDS 1 2022,Moderate,77.12711411276273,45.08900356452247,35.45960936048934,157.67572703777455,112.58672347325206,1,1,1,1
CDS 2 2022,Easy,53.00795674904357,61.53351843432955,44.47696266395012,159.01843784732324,97.48491941299369,1,1,1,0
CDS 2 2023,Moderate,49.055056391651036,43.973810015603206,33.59724414449572,126.62611055174996,82.65230053614675,0,1,0,0
CDS 2 2022,Easy,67.5597714641877,70.02336945415789,28.807497577793562,166.39063849613916,96.36726904198127,1,1,1,0
CDS 2 2022,Easy,74.15823781597604,52.40297546033955,36.36824441267184,162.92945768898744,110.52648222864788,1,1,1,1
CDS 1 2022,Moderate,58.63577849722384,42.678846981179575,27.216914469934967,128.53153994833838,85.8526929671588,0,1,0,0
CDS 2 2022,Easy,62.29729632325391,66.35941969996524,56.12868370707128,184.78539973029044,118.42598003032519,1,1,1,1
CDS 1 2023,Hard,64.34654707336624,26.592075892825186,32.959404904035125,123.89802787022654,97.30595197740136,1,1,0,0
CDS 2 2022,Easy,64.58508895422621,39.90082444759254,49.7048845961338,154.19079799795253,114.28997355036,1,1,1,1
Standard Mock,Moderate,66.36553206873265,60.74179975187678,58.226092252627666,185.3334240732371,124.59162432136031,1,1,1,1
CDS 2 2022,Easy,79.14029135561988,66.61518338517988,42.18338750442161,187.93886224522137,121.3236788600415,1,1,1,1
CDS 2 2023,Moderate,52.82146785645965,55.85265760872916,42.958638123412264,151.63276358860105,95.7801059798719,1,1,1,0
CDS 1 2023,Hard,57.89911174037663,33.534581945831334,40.528059357747985,131.96175304395595,98.42717109812462,1,1,0,1
CDS 1 2022,Moderate,58.12942483526337,35.64466834692719,35.954620413582965,129.7287135957735,94.08404524884634,0,1,0,0
CDS 2 2022,Easy,67.26931943800248,67.56345441313852,22.81069587046153,157.64346972160251,90.08001530846401,1,1,1,0
CDS 2 2023,Moderate,60.46637366565966,37.98751665245854,29.791070960962365,128.24496127908057,90.25744462662203,0,1,0,0
CDS 1 2022,Moderate,57.65420970380812,54.572867744850726,41.88259710772414,154.10967455638297,99.53680681153226,1,1,1,0
CDS 1 2022,Moderate,52.94462052721539,55.88278447583577,26.539603273723657,135.3670082767748,79.48422380093905,0,1,0,0
CDS 2 2023,Moderate,52.776525953849706,49.48505571029133,35.59909774079504,137.86067940493606,88.37562369464474,1,1,0,0
CDS 2 2023,Moderate,63.120621317267386,32.84444475759213,43.582704301818715,139.54777037667822,106.7033256190861,1,1,0,1
CDS 1 2022,Moderate,40.88840674739512,69.61834089398623,29.32552718771648,139.83227482909786,70.21393393511161,1,1,0,0
CDS 2 2023,Moderate,80.22174100087378,45.684223586871724,53.31177135565888,179.21773594340436,133.53351235653264,1,1,1,1
CDS 1 2022,Moderate,42.178849180151715,40.63154206140707,11.569608983481594,94.38000022504038,53.74845816363331,0,0,0,0
Standard Mock,Moderate,58.0192636985064,58.41366551450935,48.00625401055959,164.43918322357533,106.02551770906598,1,1,1,1
CDS 1 2022,Moderate,62.2740507899162,36.47064530106132,26.101552290588582,124.84624838156611,88.37560308050479,0,0,0,0
Standard Mock,Moderate,62.541276870714356,52.70257514694701,41.970509788397266,157.21436180605863,104.51178665911162,1,1,1,1
CDS 2 2023,Moderate,49.65402040393345,53.11093160521693,41.50667628792086,144.27162829707123,91.16069669185431,1,1,1,0
CDS 1 2023,Hard,44.29333593809822,48.2619516947388,23.725432237597953,116.28071987043496,68.01876817569617,0,1,0,0
Standard Mock,Moderate,57.65492464854109,54.013551312774915,50.89147301636457,162.5599489776806,108.54639766490567,1,1,1,1
CDS 1 2022,Moderate,55.13368811810731,48.76060071165262,34.897943996090675,138.7922328258506,90.03163211419798,1,1,0,0
CDS 1 2022,Moderate,52.7160968675829,56.41667872571399,25.874118018223733,135.00689361152064,78.59021488580663,0,1,0,0
CDS 1 2022,Moderate,68.45273297042095,66.18381713188562,41.03781469552959,175.67436479783618,109.49054766595054,1,1,1,1
CDS 2 2022,Easy,59.58226763988398,44.188946577350166,56.742707660711304,160.51392187794545,116.32497530059528,1,1,1,1
CDS 1 2022,Moderate,49.873144366315074,42.65045623407819,17.400411178507497,109.92401177890076,67.27355554482257,0,0,0,0
Standard Mock,Moderate,54.96277663170547,50.92669129944541,40.25937280254651,146.1488407336974,95.22214943425197,1,1,1,0
CDS 2 2023,Moderate,48.07026628980863,43.54245574694777,31.072737615741826,122.68545965249822,79.14300390555046,0,1,0,0
Standard Mock,Moderate,42.240177530381075,38.75023643263093,25.190532729866305,106.18094669287831,67.43071026024738,0,0,0,0
CDS 2 2022,Easy,79.33625019820946,62.94602504736999,41.914507159573525,184.196782405153,121.25075735778299,1,1,1,1
CDS 1 2022,Moderate,45.01364502850788,63.613224756289114,46.94214483013992,155.56901461493692,91.95578985864779,1,1,1,0
CDS 2 2022,Easy,45.01655032855374,60.949186876186126,32.94683276084152,138.91256996558138,77.96338308939525,0,1,0,0
CDS 1 2022,Moderate,66.44388453538183,44.33400644335617,28.21505269512778,138.99294367386577,94.65893723050961,1,1,0,0
CDS 2 2022,Easy,59.02618938954857,69.36614237754296,41.1041804694612,169.49651223655272,100.13036985900976,1,1,1,0
CDS 2 2023,Moderate,52.28957842858795,38.61993513183735,45.008204977684144,135.91771853810945,97.29778340627209,1,1,0,0
Standard Mock,Moderate,51.523727875031156,59.0632365360914,43.18594618343214,153.7729105945547,94.70967405846329,1,1,1,0
CDS 2 2022,Easy,73.51409936762654,49.40858826313539,26.84202591781859,149.76471354858052,100.35612528544513,1,1,0,0
CDS 2 2023,Moderate,68.22988592003321,35.11568584563043,35.415418405638945,138.76099017130258,103.64530432567216,1,1,0,1
CDS 2 2022,Easy,69.58317939125442,76.53429818070654,32.851927410085295,178.96940498204626,102.43510680133971,1,1,1,0
Standard Mock,Moderate,75.44841462418259,64.33208045723728,41.040974263555675,180.82146934497555,116.48938888773827,1,1,1,1
CDS 1 2022,Moderate,60.64791350123381,65.7326435436249,42.654374943750156,169.03493198860886,103.30228844498396,1,1,1,0
CDS 2 2023,Moderate,62.45498681794313,27.54453650187461,32.44812828485716,122.44765160467489,94.90311510280029,0,1,0,0
Standard Mock,Moderate,59.16866474278506,59.347601130811555,43.234231845623114,161.7504977192197,102.40289658840817,1,1,1,1
CDS 1 2023,Hard,60.043650657184095,16.278141172628914,25.66960724030208,101.99139907011508,85.71325789748617,0,0,0,0
CDS 1 2023,Hard,50.04784901995265,36.24485239371983,27.565241031568387,113.85794244524087,77.61309005152104,0,1,0,0
CDS 2 2022,Easy,71.18556356977925,56.48235042209312,59.8567641101484,187.52467810202074,131.04232767992764,1,1,1,1
CDS 1 2022,Moderate,57.832682108435385,49.49261720289257,32.407781869959074,139.73308118128702,90.24046397839446,1,1,0,0
CDS 1 2022,Moderate,51.71706239651601,53.4097480359816,36.20198558746055,141.32879601995816,87.91904798397655,1,1,0,0
CDS 1 2023,Hard,57.09686063574488,45.20497131218242,33.66033547203825,135.96216741996557,90.75719610778313,1,1,1,0
CDS 2 2022,Easy,47.28103317753556,46.94782185205055,46.368701583954035,140.59755661354015,93.6497347614896,1,1,0,0
CDS 1 2022,Moderate,49.04160836996042,53.20249932567035,23.955481721450038,126.1995894170808,72.99709009141046,0,0,0,0
CDS 2 2022,Easy,62.77425072775147,60.7364537823074,23.180312160145892,146.69101667020476,85.95456288789737,1,1,0,0
CDS 1 2023,Hard,40.603918692011725,42.86198710807665,31.11857086814569,114.58447666823406,71.72248956015741,0,1,0,0
Standard Mock,Moderate,68.85577081695045,31.6238840891935,52.81684786466852,153.29650277081248,121.67261868161897,1,1,1,1
CDS 1 2022,Moderate,59.475261439369504,53.204996231531545,32.236647049557824,144.91690472045886,91.71190848892732,1,1,0,0
CDS 2 2023,Moderate,62.15668770933618,42.70917373666973,31.4745375726338,136.34039901863972,93.63122528196999,1,1,0,0
CDS 2 2022,Easy,53.83549144815952,60.51045017919435,49.87861582406509,164.22455745141897,103.71410727222462,1,1,1,0
CDS 2 2023,Moderate,69.17768197795138,40.11797437566683,31.896038635244864,141.19169498886308,101.07372061319624,1,1,0,0
CDS 2 2022,Easy,54.21684933370772,42.52248130566119,43.58917583740659,140.3285064767755,97.80602517111431,1,1,0,0
Standard Mock,Moderate,78.4866306896655,51.28392143055002,21.923574189065597,151.6941263092811,100.4102048787311,1,1,1,1
CDS 1 2022,Moderate,75.66854707213787,50.10808454990135,40.99089759263809,166.76752921467732,116.65944466477596,1,1,1,1
CDS 1 2023,Hard,45.31516353038104,49.24060130701103,18.94584649145837,113.50161132885044,64.26101002183941,0,1,0,0
CDS 2 2023,Moderate,75.06147240774946,34.331261908603786,30.611500095218286,140.00423441157153,105.67297250296775,1,1,0,1
CDS 1 2023,Hard,30.418305694509815,38.63611789001152,22.153881250699698,91.20830483522103,52.57218694520951,0,0,0,0
CDS 2 2022,Easy,80.99123240836734,58.661024856481035,46.73133692232969,186.38359418717806,127.72256933069703,1,1,1,1
Standard Mock,Moderate,55.99880338698869,64.86777117009557,29.168342827440437,150.0349173845247,85.16714621442912,1,1,1,0
Standard Mock,Moderate,62.0073854075839,39.91752422523309,13.973993080789779,115.89890271360676,75.98137848837368,0,0,0,0
CDS 2 2023,Moderate,51.417839682283734,54.75492792342102,29.53735990822535,135.7101275139301,80.95519959050908,1,1,0,0
Standard Mock,Moderate,58.925551182057504,63.76167793590284,34.23134592996338,156.91857504792372,93.15689711202089,1,1,1,0
CDS 1 2023,Hard,48.03538910213312,31.94430890354697,44.9135962070988,124.89329421277888,92.94898530923192,1,1,0,0
CDS 2 2023,Moderate,60.89198196612571,49.48102960201153,32.18796404597233,142.56097561410957,93.07994601209805,1,1,1,0
CDS 2 2023,Moderate,64.4459199507313,38.96259203255304,39.338352400888766,142.7468643841731,103.78427235162006,1,1,1,1
CDS 2 2022,Easy,53.77085322552429,49.19218792479336,65.03171790905711,167.99475905937476,118.8025711345814,1,1,1,1
CDS 2 2023,Moderate,66.99212438671987,44.64464736114388,18.923586894768032,130.5603586426318,85.9157112814879,1,1,0,0
CDS 2 2023,Moderate,58.72800616017557,15.330550308096733,39.72815069927832,113.78670716755063,98.4561568594539,0,0,0,0
Standard Mock,Moderate,61.661406130783305,51.892148534339086,23.50258544632107,137.05614011144348,85.16399157710438,1,1,0,0
CDS 2 2022,Easy,54.63670803161837,51.71646867528078,31.445173040744187,137.79834974764333,86.08188107236256,0,1,0,0
CDS 2 2023,Moderate,49.476705303968046,33.67949077748022,30.24465553264645,113.4008516140947,79.7213608366145,0,0,0,0
CDS 1 2023,Hard,36.66829548301273,24.447415686112862,38.143656419434876,99.25936758856047,74.8119519024476,0,0,0,0
CDS 2 2022,Easy,63.21319112392016,47.62067076980748,47.52891081493785,158.3627727086655,110.74210193885801,1,1,1,1
CDS 2 2022,Easy,56.74834100254462,68.41520587272582,42.262380886674215,167.42592776194465,99.01072188921884,1,1,1,0
CDS 1 2023,Hard,43.30684734913531,19.210064860392073,28.798817343860488,91.31572955338788,72.1056646929958,0,0,0,0
CDS 1 2023,Hard,51.0679899631781,29.744504298939212,30.273637476304604,111.08613173842193,81.3416274394827,0,0,0,0
CDS 1 2022,Moderate,55.430081661747685,48.924943336577925,20.9177323169255,125.27275731525111,76.34781397867319,0,0,0,0
CDS 2 2022,Easy,75.5569424888315,47.527938801371405,29.028561302295365,152.11344259249825,104.58550379112685,1,1,1,0
CDS 1 2023,Hard,60.02546246454182,22.081722253492824,39.69672575458189,121.80391047261654,99.72218821912371,1,1,0,1
CDS 1 2022,Moderate,58.312152625840504,46.77532331245382,37.83130822319525,142.91878416148958,96.14346084903576,1,1,0,0
CDS 2 2023,Moderate,35.23207933122913,66.23203621308772,40.01090009308772,141.47501563740457,75.24297942431684,1,1,0,0
CDS 2 2023,Moderate,61.16661751169504,41.8424730436286,24.688939467057367,127.698030022381,85.8555569787524,0,1,0,0
CDS 1 2022,Moderate,77.69913067655594,55.68031942061195,44.09962540860559,177.4790755057735,121.79875608516153,1,1,1,1
CDS 2 2022,Easy,68.56412583534376,52.59314583213078,33.38862887809027,154.54590054556482,101.95275471343403,1,1,1,0
Standard Mock,Moderate,59.22077264321484,66.10702673120284,40.49574316064444,165.82354253506213,99.71651580385928,1,1,1,0
CDS 1 2022,Moderate,71.18338136793128,50.687939626812586,20.806156442039594,142.67747743678345,91.98953780997087,1,1,0,0
CDS 2 2022,Easy,72.36763345167897,47.449194839350966,46.188603301446356,166.00543159247627,118.55623675312532,1,1,1,1
CDS 1 2022,Moderate,89.14109215768362,35.0017386400074,22.22915437668881,146.37198517437983,111.37024653437243,1,1,0,1
CDS 2 2023,Moderate,62.33595081261576,37.96566179154995,56.16803054963853,156.46964315380424,118.5039813622543,1,1,1,1
CDS 2 2022,Easy,62.34171634353008,54.785654141347194,50.77293673015693,167.90030721503422,113.11465307368701,1,1,1,1
CDS 2 2022,Easy,61.65396145469704,58.27021588275512,45.6563290188672,165.58050635631935,107.31029047356424,1,1,1,1
CDS 2 2022,Easy,75.30438785636791,58.68403672006434,52.914688890653636,186.9031134670859,128.21907674702155,1,1,1,1
CDS 1 2023,Hard,57.91732725378309,45.869566679791454,31.71288785828907,135.49978179186363,89.63021511207216,1,1,1,0
CDS 2 2022,Easy,65.55170637871464,69.3595254499269,39.99391517677711,174.90514700541866,105.54562155549175,1,1,1,0
CDS 2 2023,Moderate,75.16116180355043,48.12025382088683,19.924470553665792,143.20588617810304,95.08563235721621,1,1,1,0
CDS 1 2023,Hard,48.113055665547655,44.83019451682386,27.51222826811142,120.45547845048293,75.62528393365908,1,1,0,0
CDS 1 2022,Moderate,66.69438371542468,25.039915983326367,33.87873556388655,125.6130352626376,100.57311927931123,0,0,0,0
CDS 1 2022,Moderate,50.349544194238206,15.114882935580823,43.964996702001656,109.42942383182069,94.31454089623986,0,0,0,0
Standard Mock,Moderate,71.87427151682,63.79411297836026,40.212299906445416,175.88068440162567,112.08657142326541,1,1,1,1
Standard Mock,Moderate,58.0143081311904,53.16435169807798,14.385945759770951,125.56460558903933,72.40025389096135,0,1,0,0
CDS 2 2022,Easy,77.7465312403834,47.047702198143575,49.24721805513421,174.04145149366119,126.99374929551762,1,1,1,1
Standard Mock,Moderate,60.86761075462647,38.168802429727535,29.671637312200758,128.70805049655476,90.53924806682723,0,1,0,0
CDS 2 2022,Easy,74.55388571179851,44.27420283302065,28.024676887348377,146.85276543216753,102.57856259914689,1,1,0,0
CDS 2 2022,Easy,53.95974366527614,56.75697150211124,25.09752476700953,135.8142399343969,79.05726843228567,0,1,0,0
CDS 1 2023,Hard,66.61503048481975,21.931026393230002,28.520985950037876,117.06704282808762,95.13601643485762,0,1,0,0
CDS 1 2023,Hard,63.39944539742028,32.24509211024086,43.48561403227977,139.13015153994093,106.88505942970005,1,1,1,1
CDS 2 2022,Easy,60.21445733282282,74.46248497342062,45.15660630083394,179.83354860707738,105.37106363365676,1,1,1,0
Standard Mock,Moderate,54.80165854274774,55.57702327526888,21.67550219001795,132.05418400803458,76.4771607327657,0,1,0,0
Standard Mock,Moderate,67.990680731423,41.30240088411059,35.06131450435227,144.35439611988585,103.05199523577527,1,1,0,1
CDS 2 2023,Moderate,69.94378730992047,38.77877379715808,40.28036004547964,149.0029211525582,110.2241473554001,1,1,1,1
Standard Mock,Moderate,60.490947313056715,56.230685477255044,21.482924679753534,138.20455747006528,81.97387199281025,1,1,0,0
CDS 2 2022,Easy,62.37766430617144,54.60550617817079,35.64289167615263,152.62606216049485,98.02055598232407,1,1,1,0
CDS 2 2023,Moderate,60.40307699330248,55.09308637590266,43.9493006156556,159.44546398486074,104.35237760895808,1,1,1,1
CDS 1 2023,Hard,53.435907212071974,44.808847044299355,36.10934519775196,134.3540994541233,89.54525240982395,1,1,0,0
CDS 1 2022,Moderate,55.73400363713963,46.221325333882554,33.75281841763514,135.70814738865732,89.48682205477476,0,1,0,0
CDS 2 2022,Easy,70.05261343174202,50.3150897629404,36.32977385278358,156.697477047466,106.3823872845256,1,1,1,0
CDS 1 2023,Hard,74.68757309433958,30.87279202689833,37.517883853976834,143.07824897521476,112.20545694831642,1,1,1,1
CDS 1 2022,Moderate,65.70940993942199,52.69861410312112,36.18350065655177,154.5915246990949,101.89291059597376,1,1,1,0
CDS 1 2022,Moderate,61.373413245651044,52.14744413581735,46.89642645485236,160.41728383632076,108.26983970050341,1,1,1,1
CDS 1 2022,Moderate,59.37911301785713,50.79942049305446,45.421905769830175,155.60043928074177,104.8010187876873,1,1,1,0
CDS 2 2022,Easy,66.21478579329057,53.8766917196036,43.14022602486114,163.23170353775532,109.35501181815172,1,1,1,1
CDS 1 2022,Moderate,60.09226992995469,38.985993364513455,29.133054112381274,128.21131740684942,89.22532404233596,0,1,0,0
Standard Mock,Moderate,50.014296135175606,37.44339166338532,21.08016713202924,108.53785493059016,71.09446326720484,0,0,0,0
CDS 1 2023,Hard,53.25732965533074,36.74444124222831,30.824940659565097,120.82671155712416,84.08227031489584,1,1,0,0
Standard Mock,Moderate,36.44296509872642,61.03776147468458,50.745863577623425,148.22659015103443,87.18882867634984,1,1,1,0
CDS 2 2022,Easy,69.45759851217129,43.27163059019547,59.074906725532685,171.80413582789942,128.53250523770396,1,1,1,1
CDS 2 2023,Moderate,78.87625120626005,50.86485510349628,25.34785923249452,155.08896554225083,104.22411043875456,1,1,1,1
CDS 2 2023,Moderate,47.26162674865796,52.63399797598066,35.14694095544367,135.0425656800823,82.40856770410163,1,1,0,0
CDS 2 2022,Easy,63.453096688654455,56.18817339384709,47.13877444090137,166.78004452340292,110.59187112955583,1,1,1,1
Standard Mock,Moderate,54.775852716224904,57.73096527138836,29.331866821976607,141.83868480958986,84.10771953820151,1,1,0,0
CDS 2 2023,Moderate,53.46257970193032,62.67254151398317,44.15402970484937,160.28915092076286,97.6166094067797,1,1,1,0
Standard Mock,Moderate,43.3128613765387,72.72507238133639,46.32926387301035,162.36719763088544,89.64212524954905,1,1,1,0
CDS 2 2022,Easy,67.52003761201928,67.44406389242991,45.99084185294822,180.9549433573974,113.5108794649675,1,1,1,1
Standard Mock,Moderate,57.24517684820978,32.22960564452269,36.822802235378695,126.29758472811118,94.06797908358848,0,1,0,0
CDS 1 2022,Moderate,61.38635028530451,54.19395627511763,39.98111995644541,155.56142651686753,101.36747024174991,1,1,1,0
CDS 1 2022,Moderate,70.6542472359758,41.60871891991804,27.25197821864471,139.51494437453854,97.90622545462051,1,1,0,0
CDS 2 2022,Easy,83.95507345991355,57.400405447747936,38.4967162623629,179.8521951700244,122.45178972227646,1,1,1,1
CDS 2 2023,Moderate,59.32989958274779,67.48235053070167,26.783191736949775,153.59544185039923,86.11309131969756,1,1,1,0
CDS 1 2023,Hard,49.72298588079394,34.59111667236698,20.98171581034456,105.29581836350548,70.7047016911385,0,0,0,0
CDS 2 2022,Easy,44.98293998274467,43.38245682577208,33.487125350168185,121.85252215868493,78.47006533291285,0,0,0,0
CDS 1 2023,Hard,61.17428630927324,50.653647226946184,24.61268608352102,136.44061961974046,85.78697239279427,1,1,1,0
CDS 2 2023,Moderate,73.98483993069321,45.41534053367908,42.81175336287599,162.2119338272483,116.7965932935692,1,1,1,1
CDS 1 2022,Moderate,61.41114496705593,46.39464752974512,19.750150598559404,127.55594309536045,81.16129556561533,0,0,0,0
CDS 1 2022,Moderate,51.39561531933167,78.87302867093368,41.94326381149299,172.21190780175834,93.33887913082467,1,1,1,0
CDS 1 2022,Moderate,64.9982163597381,43.66523768502752,15.088598510453334,123.75205255521895,80.08681487019143,0,0,0,0
Standard Mock,Moderate,61.22490925374455,39.23024249269496,35.87357425260264,136.32872599904215,97.09848350634718,1,1,0,0
Standard Mock,Moderate,62.45291742636935,36.661095327779194,22.574991630806128,121.68900438495467,85.02790905717548,0,0,0,0
Standard Mock,Moderate,66.45797641603711,54.458539265907085,24.843367691201742,145.75988337314595,91.30134410723886,1,1,1,0
Standard Mock,Moderate,46.30536225343942,38.708760931151346,52.64825883791736,137.66238202250813,98.95362109135678,1,1,0,0
Standard Mock,Moderate,57.763334281965555,41.21580056998687,38.30613261090406,137.2852674628565,96.06946689286961,1,1,0,0
CDS 1 2023,Hard,56.43405961071304,51.52735879004182,34.60285379616101,142.56427219691588,91.03691340687405,1,1,1,0
CDS 2 2023,Moderate,67.91497435972957,46.24041871147677,33.28189536197326,147.4372884331796,101.19686972170283,1,1,1,0
CDS 2 2023,Moderate,83.49108558025033,36.93811612415743,44.49889068249292,164.9280923869007,127.98997626274326,1,1,1,1
CDS 1 2022,Moderate,60.99988163765552,46.37598919292268,31.648568612218074,139.02443944279628,92.64845024987359,1,1,0,0
Standard Mock,Moderate,47.70504842291912,69.73866927832697,30.88076765614047,148.32448535738655,78.58581607905958,1,1,1,0
CDS 1 2022,Moderate,65.79076300875504,62.600681909975364,10.0883859184854,138.4798308372158,75.87914892724044,1,1,0,0
CDS 1 2023,Hard,65.8962952290916,48.60716252539858,27.12571756554867,141.62917532003885,93.02201279464028,1,1,1,0
CDS 1 2022,Moderate,51.406007891828,65.98255632803824,30.297442837336426,147.68600705720266,81.70345072916442,1,1,1,0
Standard Mock,Moderate,57.282699601302916,47.24036132662396,16.30268338045009,120.82574430837698,73.58538298175301,0,0,0,0
CDS 2 2022,Easy,64.21411607085643,55.17203706610912,51.9836856937346,171.36983883070016,116.19780176459103,1,1,1,1
Standard Mock,Moderate,55.78417688559707,49.44948279001332,45.45056145231206,150.68422112792246,101.23473833790914,1,1,1,1
CDS 1 2022,Moderate,52.49977318434283,50.32394117420159,46.54997560541618,149.3736899639606,99.04974878975901,1,1,1,0
CDS 1 2023,Hard,55.029259666794374,27.151979543000834,31.423267131293237,113.60450634108844,86.4525267980876,0,1,0,0
CDS 1 2022,Moderate,54.72346223821663,45.66403565970384,35.03582601832783,135.4233239162483,89.75928825654447,0,1,0,0
CDS 2 2022,Easy,77.72428382816595,65.25884707163684,42.174058527270034,185.1571894270728,119.89834235543599,1,1,1,1
CDS 1 2023,Hard,55.093953545758495,44.77033307887785,38.45030786996898,138.31459449460533,93.54426141572748,1,1,1,0
Standard Mock,Moderate,60.134204853884604,36.54673648450844,34.867169110409804,131.54811044880284,95.0013739642944,0,1,0,0
Standard Mock,Moderate,65.06915720136311,41.97609647782554,34.59795265463621,141.64320633382485,99.66710985599931,1,1,0,0
CDS 2 2023,Moderate,71.06461770812072,42.93004925481079,22.49783974105199,136.4925067039835,93.56245744917271,1,1,0,0
CDS 2 2022,Easy,75.27718748779533,54.42569286816691,43.15522940920253,172.85810976516478,118.43241689699786,1,1,1,1
CDS 1 2022,Moderate,62.510035431501464,29.800049444568945,36.79414171048841,129.1042265865588,99.30417714198987,0,1,0,0
Standard Mock,Moderate,56.50738114652039,40.08811038267399,51.16521654513749,147.76070807433186,107.67259769165787,1,1,1,1
CDS 2 2022,Easy,61.81698985895666,53.95581732018235,34.58379236690813,150.35659954604714,96.40078222586479,1,1,0,0
Standard Mock,Moderate,54.16877168675702,50.3677609474832,39.8674150215806,144.40394765582082,94.03618670833762,1,1,0,0
CDS 1 2023,Hard,62.73547615107018,35.91591420540516,21.592470670488318,120.24386102696366,84.3279468215585,1,1,0,0
Standard Mock,Moderate,57.74277368387865,38.48134563351559,39.55646910088595,135.7805884182802,97.2992427847646,1,1,0,0
CDS 2 2022,Easy,74.15653804258343,43.133531828372995,51.86415590517609,169.15422577613253,126.02069394775953,1,1,1,1
Standard Mock,Moderate,55.09127105106434,79.58863445612998,29.680684917079077,164.3605904242734,84.77195596814342,1,1,1,0
CDS 2 2023,Moderate,55.700998947921136,32.800416058720685,51.77625442156135,140.27766942820318,107.47725336948248,1,1,0,1
CDS 2 2023,Moderate,50.103490338356366,37.85172826264173,28.13395468151799,116.08917328251609,78.23744501987436,0,0,0,0
CDS 1 2022,Moderate,57.321012658415015,38.16790088718512,27.91221797278502,123.40113151838514,85.23323063120003,0,0,0,0
CDS 1 2022,Moderate,71.58471996473328,59.39155798050379,47.23793622513165,178.21421417036873,118.82265618986493,1,1,1,1
CDS 1 2022,Moderate,65.23998955584328,42.03563171200909,35.927430657795526,143.2030519256479,101.1674202136388,1,1,0,0
CDS 2 2023,Moderate,50.468424952449084,33.916435289438425,38.62995703432687,123.01481727621439,89.09838198677596,0,1,0,0
CDS 2 2023,Moderate,50.06079070824607,70.80778850066504,46.5291325620481,167.3977117709592,96.58992327029416,1,1,1,0
Standard Mock,Moderate,63.93295138166481,45.0498201906722,46.064571522946444,155.04734309528345,109.99752290461126,1,1,1,1
CDS 2 2022,Easy,51.62325813912316,61.831471879240766,46.12171618618584,159.57644620454977,97.744974325309,1,1,1,0
CDS 2 2023,Moderate,60.716685538802444,59.54652694297317,32.576245418948886,152.8394579007245,93.29293095775134,1,1,1,0
CDS 2 2022,Easy,55.14266966572526,42.90272191887486,32.26219421109342,130.30758579569354,87.40486387681868,0,0,0,0
CDS 1 2023,Hard,55.849729626358275,31.789093833817077,21.296855903125934,108.93567936330129,77.14658552948421,0,0,0,0
CDS 2 2023,Moderate,52.94244437772802,30.151506643152278,32.39391667666042,115.48786769754072,85.33636105438845,0,0,0,0
Standard Mock,Moderate,60.87204992037267,49.62589646780114,47.47303650664678,157.9709828948206,108.34508642701945,1,1,1,1
Standard Mock,Moderate,75.41321144801321,57.332820566974256,48.33998185876925,181.0860138737567,123.75319330678246,1,1,1,1
CDS 2 2023,Moderate,60.74685842636886,57.16559726835912,35.225003882454395,153.13745957718237,95.97186230882326,1,1,1,0
CDS 1 2023,Hard,51.083293904959675,45.90404864923552,14.93983398826029,111.92717654245548,66.02312789321996,0,0,0,0
CDS 1 2023,Hard,43.68931370065029,40.002687375949456,22.302870174476922,105.99487125107666,65.99218387512721,0,0,0,0
CDS 2 2022,Easy,64.0487512244653,56.98589876959768,25.879243936843697,146.91389393090668,89.927995161309,1,1,0,0
CDS 2 2023,Moderate,69.66139660861049,63.26979997018511,23.716584297342173,156.64778087613777,93.37798090595265,1,1,1,0
CDS 2 2023,Moderate,44.39829174870056,43.0648748341982,56.173241443709536,143.6364080266083,100.5715331924101,1,1,1,0
CDS 2 2023,Moderate,61.45616996826891,47.2543672023683,16.0796642751433,124.79020144578051,77.53583424341221,0,1,0,0
CDS 2 2023,Moderate,62.28482177718192,41.243027075371515,34.13837895900505,137.66622781155849,96.42320073618697,1,1,0,0
CDS 2 2023,Moderate,50.53435481472185,48.3696856199754,46.30526619537311,145.20930663007036,96.83962101009496,1,1,1,0
CDS 1 2022,Moderate,75.40752376516772,42.78246367953339,29.73517645205077,147.92516389675188,105.14270021721849,1,1,1,1
Standard Mock,Moderate,68.15594244596163,33.438439678164926,18.77025037996436,120.36463250409092,86.926192825926,0,0,0,0
CDS 2 2022,Easy,75.97484971353164,33.17138781636943,28.280660707768053,137.42689823766912,104.25551042129969,0,1,0,0
CDS 2 2022,Easy,83.68527188073091,57.209432779938034,26.061823521257946,166.9565281819269,109.74709540198886,1,1,1,1
CDS 1 2022,Moderate,60.69085192724271,44.792195721986296,6.893716833819163,112.37676448304816,67.58456876106187,0,0,0,0
Standard Mock,Moderate,64.4841324947911,58.84224820564202,38.543093815188605,161.86947451562173,103.02722630997971,1,1,1,1
CDS 1 2022,Moderate,56.12508685094566,39.72805118303914,42.125044420921604,137.9781824549064,98.25013127186726,1,1,0,0
CDS 1 2023,Hard,40.89532583587225,22.454674537655023,19.61817299455014,82.96817336807742,60.51349883042239,0,0,0,0
Standard Mock,Moderate,70.09585967891194,51.28846608779164,19.854264909414432,141.238590676118,89.95012458832636,1,1,0,0
CDS 1 2023,Hard,52.34075805927567,56.3632875423964,29.178811412394946,137.882857014067,81.51956947167062,1,1,1,0
CDS 2 2023,Moderate,55.61572632784727,48.45076021657334,41.116015615496835,145.18250215991745,96.7317419433441,1,1,1,0
CDS 2 2022,Easy,63.47981094367302,37.70389905141556,62.99969124386473,164.1834012389533,126.47950218753775,1,1,1,1
Standard Mock,Moderate,72.89131835437445,42.24570006441859,41.56406565489972,156.70108407369275,114.45538400927417,1,1,1,1
CDS 1 2023,Hard,71.29318517441612,33.73880011241114,15.215119100891707,120.24710438771898,86.50830427530784,1,1,0,0
CDS 1 2022,Moderate,47.91517795730924,34.64323078575387,39.1208346487146,121.6792433917777,87.03601260602383,0,0,0,0
CDS 2 2022,Easy,69.33063946741319,49.24775268812699,38.13563584178446,156.71402799732465,107.46627530919766,1,1,1,1
Standard Mock,Moderate,63.8864724603331,34.93638188329153,32.31378376061936,131.136638104244,96.20025622095247,0,1,0,0
Standard Mock,Moderate,88.01372989634979,21.38869103817582,30.128328169708553,139.53074910423416,118.14205806605834,1,1,0,1
CDS 2 2023,Moderate,51.579013102786114,57.91374739248619,22.327233116272698,131.819993611545,73.90624621905881,1,1,0,0
CDS 1 2023,Hard,58.21652659591586,35.55973040995307,33.18970241432275,126.96595942019167,91.4062290102386,1,1,0,0
CDS 1 2022,Moderate,57.206497529430784,47.025681790374364,31.290688963923316,135.52286828372846,88.49718649335409,0,1,0,0
CDS 1 2023,Hard,63.35333435364835,46.0013539554504,32.68860330004277,142.04329160914153,96.04193765369112,1,1,1,0
CDS 1 2022,Moderate,64.99558908249203,51.45780049848305,43.844424373817375,160.29781395479245,108.8400134563094,1,1,1,1
CDS 2 2022,Easy,68.58848072678919,47.019448983962654,51.888062411931564,167.49599212268342,120.47654313872076,1,1,1,1
CDS 2 2023,Moderate,51.44257420048493,50.19497476344307,23.14078400813144,124.77833297205945,74.58335820861637,0,1,0,0
CDS 1 2023,Hard,36.46267758780877,38.68968286599337,33.69723276847742,108.84959322227957,70.15991035628619,0,0,0,0
CDS 1 2023,Hard,66.34639699821057,37.56018057498992,24.624661516280074,128.53123908948055,90.97105851449064,1,1,0,0
CDS 1 2022,Moderate,71.22203333293369,39.83817161097816,48.831356467781525,159.89156141169337,120.05338980071522,1,1,1,1
CDS 1 2022,Moderate,61.8178123258716,52.48384086745378,37.94418977684048,152.24584297016585,99.76200210271207,1,1,1,0
Standard Mock,Moderate,57.37424340684378,25.323558196541455,47.81383398123635,130.5116355846216,105.18807738808013,0,1,0,1
CDS 2 2022,Easy,60.78869765198916,60.48669774339212,44.47930732772947,165.75470272311074,105.26800497971863,1,1,1,0
CDS 2 2023,Moderate,73.52759030614763,44.573500496313315,46.98225393201287,165.08334473447383,120.5098442381605,1,1,1,1
CDS 1 2023,Hard,67.99871243530605,51.17064859350205,24.287666049780363,143.45702707858845,92.2863784850864,1,1,1,0
CDS 1 2022,Moderate,78.10522478420992,49.269244602289476,47.14944106854969,174.52391045504908,125.25466585275962,1,1,1,1
Standard Mock,Moderate,56.682212282278776,51.72647565497045,19.71408703740714,128.12277497465635,76.39629931968591,0,1,0,0
CDS 1 2022,Moderate,48.84782772029081,33.711050391159944,27.068653363860633,109.62753147531139,75.91648108415144,0,0,0,0
Standard Mock,Moderate,55.39607667343345,51.28337497398846,34.72030585513018,141.3997575025521,90.11638252856363,1,1,0,0
Standard Mock,Moderate,53.994933645860364,45.50153690412041,45.69283706395183,145.18930761393258,99.68777070981218,1,1,1,0
CDS 1 2023,Hard,47.12277566734481,63.56263400252579,31.81033813794749,142.49574780781808,78.9331138052923,1,1,1,0
CDS 1 2023,Hard,58.35160566535118,21.67046372657555,27.097154981011144,107.11922437293788,85.44876064636233,0,0,0,0
CDS 1 2022,Moderate,57.8058767902793,43.34902930493316,37.349281250881155,138.50418734609363,95.15515804116046,1,1,0,0
CDS 1 2022,Moderate,43.346153617590005,65.45446153065309,26.49434610496566,135.29496125320875,69.84049972255566,0,1,0,0
Standard Mock,Moderate,74.34001003730461,56.07308144639306,26.13360830795402,156.5466997916517,100.47361834525863,1,1,1,1
CDS 2 2023,Moderate,48.214272152298264,50.94283017473084,49.04316281994952,148.2002651469786,97.25743497224778,1,1,1,0
CDS 1 2022,Moderate,69.49641498616533,56.13164522309866,17.84906652817461,143.4771267374386,87.34548151433995,1,1,0,0
CDS 1 2022,Moderate,59.92325936315496,58.978413577174194,43.519290707908425,162.42096364823757,103.44255007106338,1,1,1,0
CDS 1 2022,Moderate,60.65784689474749,57.356354186153936,28.991703609040854,147.00590468994227,89.64955050378835,1,1,1,0
CDS 2 2022,Easy,64.39845500594872,43.95817322250777,31.272150464723573,139.62877869318004,95.67060547067229,0,1,0,0
CDS 1 2023,Hard,40.22835583687618,53.23230455289254,25.917670723495494,119.37833111326422,66.14602656037168,0,1,0,0
CDS 1 2023,Hard,56.778297997054345,49.65827125816096,25.761858352615675,132.19842760783098,82.54015634967001,1,1,0,0
CDS 1 2023,Hard,46.675233782766114,37.84443552729382,30.76280219466223,115.28247150472217,77.43803597742834,0,1,0,0
CDS 1 2023,Hard,62.79130625588352,29.79762705022413,17.382173032643994,109.97110633875164,80.17347928852752,0,0,0,0
CDS 2 2022,Easy,48.61754340905466,69.53713004358917,37.4040327819073,155.55870623455112,86.02157619096195,1,1,1,0
CDS 1 2022,Moderate,54.94552790346473,58.46069309020964,29.893160618043492,143.29938161171785,84.83868852150822,1,1,0,0
CDS 2 2023,Moderate,70.685495584553,56.21657824859871,34.1142893273121,161.0163631604638,104.79978491186509,1,1,1,1
Standard Mock,Moderate,49.230454591220536,73.78447552724461,48.77974333925414,171.79467345771928,98.01019793047467,1,1,1,0
CDS 1 2022,Moderate,65.21215791188725,41.30123685122659,14.156683786571996,120.67007854968584,79.36884169845925,0,0,0,0
CDS 1 2023,Hard,61.12825321669321,55.266382651001166,26.628136022669096,143.02277189036346,87.7563892393623,1,1,1,0
CDS 1 2022,Moderate,65.88157264435866,48.387177729255036,27.935244992342035,142.20399536595573,93.81681763670069,1,1,0,0
CDS 2 2023,Moderate,51.0616677936091,41.34488111480938,33.17415121587558,125.58070012429407,84.23581900948469,0,1,0,0
CDS 1 2022,Moderate,71.74761800233038,30.825740001170978,56.16012056830995,158.7334785718113,127.90773857064033,1,1,1,1
Standard Mock,Moderate,40.767837137902475,29.77901161405581,32.54827578148614,103.09512453344442,73.31611291938862,0,0,0,0
CDS 2 2022,Easy,65.46211603670918,72.9297027672019,47.489361138059266,185.88117994197034,112.95147717476844,1,1,1,1
CDS 2 2023,Moderate,62.01394558715281,24.25938100112299,33.06844775150421,119.34177433978002,95.08239333865703,0,0,0,0
CDS 2 2022,Easy,65.26185149185798,62.667481770552946,40.71287260549462,168.64220586790555,105.9747240973526,1,1,1,0
Standard Mock,Moderate,52.91511898470909,30.263972936349788,30.6494739976414,113.82856591870028,83.56459298235049,0,0,0,0
Standard Mock,Moderate,37.08707193115934,29.1560902289638,23.915029092032167,90.15819125215532,61.002101023191514,0,0,0,0
CDS 1 2022,Moderate,63.36712295420611,41.54115443910253,29.818659433331426,134.72693682664004,93.18578238753753,0,1,0,0
Standard Mock,Moderate,50.15586953824788,66.0997289849706,2.674345674875667,118.92994419809415,52.830215213123545,0,0,0,0
CDS 2 2022,Easy,54.99729477223212,37.54129401652827,35.87579930150093,128.41438809026133,90.87309407373306,0,0,0,0
CDS 2 2022,Easy,74.71930343440634,45.083616576809575,41.43428937037324,161.23720938158914,116.15359280477958,1,1,1,1
CDS 1 2023,Hard,51.07770388655976,39.12436681742466,43.42543937699896,133.62751008098337,94.50314326355871,1,1,0,0
CDS 1 2022,Moderate,58.18266462384094,25.265026194332364,25.586185138607348,109.03387595678066,83.7688497624483,0,0,0,0
CDS 2 2022,Easy,63.39961326420656,68.19501357193204,43.254851123246176,174.84947795938479,106.65446438745273,1,1,1,0
Standard Mock,Moderate,37.51503465500345,41.031106913322596,23.74903672976971,102.29517829809575,61.26407138477316,0,0,0,0
CDS 2 2022,Easy,64.96519151426799,53.53973577175277,38.549663084715775,157.05459037073652,103.51485459898376,1,1,1,0
CDS 1 2023,Hard,59.080960585699444,51.20969730680434,22.773655113767127,133.0643130062709,81.85461569946656,1,1,0,0
CDS 1 2022,Moderate,64.33452441699481,67.21089590266698,31.801677358719207,163.34709767838098,96.13620177571401,1,1,1,0
CDS 1 2023,Hard,70.56416035571766,3.777318753186492,37.46316284155047,111.80464195045462,108.02732319726813,0,0,0,1
CDS 1 2023,Hard,70.78945092717976,64.07690365255525,36.35806817977547,171.22442275951047,107.14751910695523,1,1,1,1
CDS 2 2022,Easy,77.37464591733539,65.54385820216454,55.78342677497285,198.70193089447275,133.15807269230822,1,1,1,1
Standard Mock,Moderate,73.48693198645512,50.59865686053847,54.9412374073444,179.026826254338,128.42816939379952,1,1,1,1
Standard Mock,Moderate,44.2776945592187,52.67934719260124,31.925390999848577,128.88243275166852,76.20308555906728,0,1,0,0
Standard Mock,Moderate,60.74887584371558,28.427188497660254,22.534380338405736,111.71044467978157,83.28325618212132,0,0,0,0
Standard Mock,Moderate,52.58837331365171,66.96407724987563,43.07739555984151,162.62984612336885,95.66576887349322,1,1,1,0
CDS 1 2023,Hard,64.16567613777701,39.03021312203731,38.459418296913086,141.6553075567274,102.6250944346901,1,1,1,1
CDS 1 2023,Hard,37.57917542294036,36.89482705753146,26.358235352938358,100.83223783341018,63.93741077587872,0,0,0,0
CDS 1 2023,Hard,50.02947513164318,45.29703711871541,30.43755892299701,125.7640711733556,80.4670340546402,1,1,0,0
CDS 1 2022,Moderate,68.53015188243498,25.15488713226488,32.21880135633666,125.90384037103651,100.74895323877163,0,0,0,0
CDS 1 2023,Hard,50.171222807088654,54.673695065600896,30.34968317593587,135.19460104862543,80.52090598302452,1,1,1,0
CDS 2 2023,Moderate,54.32192157815895,51.48105479562519,40.12543628399402,145.92841265777815,94.44735786215297,1,1,1,0
CDS 2 2023,Moderate,60.439005331233886,40.06990563896903,44.305333193245914,144.81424416344885,104.7443385244798,1,1,1,1
CDS 2 2022,Easy,59.24813550356484,47.3182419388756,39.88099176905772,146.44736921149814,99.12912727262255,1,1,0,0
CDS 2 2022,Easy,70.080122910546,57.71565049294161,32.86807695633867,160.66385035982628,102.94819986688466,1,1,1,0
CDS 2 2023,Moderate,58.998272312132436,42.48310325924353,37.14925964776706,138.63063521914302,96.1475319598995,1,1,0,0
Standard Mock,Moderate,56.609117054731726,50.424894073935754,35.9600926799705,142.994103808638,92.56920973470223,1,1,0,0
CDS 2 2022,Easy,64.95798084608843,43.11115697510459,57.05362356513084,165.12276138632387,122.01160441121928,1,1,1,1
CDS 1 2023,Hard,54.357962050472864,44.464977744008635,17.410967823064123,116.23390761754563,71.76892987353699,0,1,0,0
CDS 1 2023,Hard,43.847534636231856,35.53522809602409,27.77351795298739,107.15628068524333,71.62105258921925,0,0,0,0
CDS 2 2022,Easy,67.80891126601172,47.85633162767221,34.4720908245482,150.13733371823213,102.28100209055992,1,1,0,0
CDS 1 2022,Moderate,74.35856464085899,41.26738977573278,37.84566790474526,153.471622321337,112.20423254560424,1,1,1,1
CDS 2 2022,Easy,62.49166328188769,52.178021460986834,56.45354952270745,171.12323426558197,118.94521280459514,1,1,1,1
CDS 1 2023,Hard,48.10723376847612,33.41048222812507,24.52003079898886,106.03774679559004,72.62726456746498,0,0,0,0
Standard Mock,Moderate,54.05502277573277,34.509598836636265,22.20352151650757,110.7681431288766,76.25854429224034,0,0,0,0
CDS 1 2022,Moderate,51.7067962563863,43.42515255272552,40.91571018453098,136.0476589936428,92.62250644091728,1,1,0,0
CDS 2 2022,Easy,62.928383109059595,70.54008579926102,52.70088025254897,186.1693491608696,115.62926336160857,1,1,1,1
CDS 2 2022,Easy,62.17875056862265,44.626836235917544,33.69136489316591,140.4969516977061,95.87011546178856,1,1,0,0
CDS 1 2023,Hard,61.92775769708238,35.362061316126514,28.3623421318217,125.65216114503059,90.29009982890408,1,1,0,0
CDS 1 2022,Moderate,51.863354248624475,51.840698297918934,27.303335909886115,131.0073884564295,79.16669015851059,0,1,0,0
Standard Mock,Moderate,46.84561734112738,41.59386427422098,44.94868693787939,133.38816855322773,91.79430427900677,0,1,0,0
Standard Mock,Moderate,58.50364055748207,47.851608741091624,21.630220418594455,127.98546971716816,80.13386097607653,0,1,0,0
CDS 2 2023,Moderate,56.7167905730944,65.66050678034269,34.499194011435335,156.87649136487244,91.21598458452974,1,1,1,0
Standard Mock,Moderate,61.7769804579024,39.46416107344118,27.053408158541963,128.29454968988554,88.83038861644437,0,1,0,0
Standard Mock,Moderate,65.95131185913769,51.3830162490126,47.98693290993424,165.32126101808453,113.93824476907193,1,1,1,1
Standard Mock,Moderate,66.88712744554769,65.02877296029025,41.09737723336705,173.013277639205,107.98450467891473,1,1,1,1
CDS 2 2022,Easy,45.50409827273967,66.80483252684277,46.67218939304529,158.9811201926277,92.17628766578495,1,1,1,0
Standard Mock,Moderate,46.612762938644266,37.79060701646216,26.143318159935838,110.54668811504226,72.7560810985801,0,0,0,0
CDS 2 2023,Moderate,52.712098036226166,50.9112337566593,30.182829490644743,133.8061612835302,82.8949275268709,1,1,0,0
CDS 1 2022,Moderate,68.6567465116737,37.946123265986614,45.813169577685365,152.41603935534567,114.46991608935906,1,1,1,1
CDS 1 2023,Hard,46.55297001297017,47.760927225023735,40.52657472012979,134.84047195812371,87.07954473309997,1,1,0,0
Standard Mock,Moderate,60.82864841868996,47.642354617782715,39.73336675554967,148.20436979202236,100.56201517423963,1,1,1,1
Standard Mock,Moderate,65.24584683047615,51.22565921327077,31.639333034942595,148.1108390786895,96.88517986541875,1,1,1,0
CDS 1 2022,Moderate,44.894539496305036,39.87586587851588,28.12215705174569,112.89256242656661,73.01669654805073,0,0,0,0
CDS 1 2022,Moderate,56.25609966793086,41.597476490123015,25.73486745220252,123.58844361025639,81.99096712013338,0,0,0,0
CDS 1 2022,Moderate,44.85585937601879,47.00983777306327,40.487004763949,132.35270191303107,85.34286413996779,0,1,0,0
CDS 2 2023,Moderate,42.94792392223983,52.039217130746,26.65170089453327,121.6388419475191,69.5996248167731,0,1,0,0
CDS 1 2023,Hard,49.569780536142105,39.10488787590308,24.424468318895226,113.09913673094042,73.99424885503733,0,1,0,0
CDS 1 2023,Hard,58.43597535178216,46.60154177461455,18.509180343686715,123.54669747008344,76.94515569546888,1,1,0,0
CDS 1 2022,Moderate,51.997067183926234,47.574958311701884,34.820720317502015,134.39274581313015,86.81778750142826,0,1,0,0
CDS 2 2023,Moderate,54.72933881760226,44.571761422892834,24.763402538692855,124.06450277918795,79.49274135629511,0,1,0,0
Standard Mock,Moderate,76.25330309075196,68.3077562292585,21.38324969536369,165.94430901537413,97.63655278611564,1,1,1,0
CDS 2 2022,Easy,62.40278828923468,41.959470263383274,40.35371417088639,144.71597272350434,102.75650246012107,1,1,0,0
CDS 1 2022,Moderate,52.28730583322519,35.45166034946506,29.97090349961981,117.70986968231006,82.258209332845,0,0,0,0
CDS 2 2022,Easy,62.91082042629128,77.2093737092288,35.92984108193229,176.05003521745238,98.84066150822358,1,1,1,0
CDS 2 2023,Moderate,48.340258143195385,50.9741553828219,36.02690516748587,135.34131869350315,84.36716331068126,1,1,0,0
CDS 1 2023,Hard,44.29679451348163,35.22007584542046,35.49461996362271,115.01149032252479,79.79141447710434,0,1,0,0
CDS 2 2023,Moderate,35.07610348416932,34.596709390771636,41.59849612104565,111.27130899598662,76.67459960521498,0,0,0,0
Standard Mock,Moderate,49.52225053860901,43.8340622109786,41.879020828923984,135.2353335785116,91.40127136753298,1,1,0,0
CDS 2 2022,Easy,74.177721505515,47.26085847613243,52.10166095365319,173.5402409353006,126.27938245916818,1,1,1,1
Standard Mock,Moderate,67.93262495955031,74.79739100558612,27.44539198607118,170.1754079512076,95.37801694562148,1,1,1,0
CDS 2 2023,Moderate,53.070429954687846,58.12548031057891,45.26087440960004,156.4567846748668,98.33130436428789,1,1,1,0
Standard Mock,Moderate,63.16087822108934,46.18323009670309,28.29456838583317,137.6386767036256,91.45544660692251,1,1,0,0
CDS 2 2022,Easy,43.46411887055448,59.19538397234062,42.2442003838225,144.9037032267176,85.70831925437699,1,1,0,0
CDS 2 2022,Easy,66.33499419061371,39.81236265892227,10.266938287074424,116.4142951366104,76.60193247768814,0,0,0,0
CDS 2 2022,Easy,57.519090171513376,58.47206686771581,42.916589331890464,158.90774637111963,100.43567950340383,1,1,1,0
CDS 2 2022,Easy,63.29776208028821,42.6850914963652,46.352455366039564,152.33530894269296,109.65021744632777,1,1,1,1
CDS 1 2023,Hard,61.10235005693996,44.53065679405493,33.79793683871913,139.430943689714,94.9002868956591,1,1,1,0
CDS 2 2022,Easy,63.17959568914344,60.91834826187854,58.30743824831262,182.4053821993346,121.48703393745606,1,1,1,1
CDS 1 2022,Moderate,50.31664136746441,57.02980052489062,37.483054757359845,144.82949664971488,87.79969612482427,1,1,0,0
CDS 2 2022,Easy,59.1189140107569,59.584404468592126,50.89272246931099,169.59604094866,110.01163648006789,1,1,1,1
CDS 1 2023,Hard,31.575216623346527,35.12765014704742,32.39737581870341,99.10024258909735,63.97259244204994,0,0,0,0
CDS 2 2023,Moderate,65.37179814541736,50.341944565701816,44.44214840251814,160.15589111363732,109.8139465479355,1,1,1,1
CDS 2 2022,Easy,81.65252233944696,62.497813876646504,38.212931154365045,182.36326737045852,119.865453493812,1,1,1,1
CDS 2 2023,Moderate,68.04942573637348,57.34529169573339,34.02654031107267,159.42125774317952,102.07596604744614,1,1,1,1
CDS 2 2022,Easy,59.053270128378315,39.25013571596425,35.774315809787815,134.07772165413036,94.82758593816612,0,1,0,0
CDS 1 2023,Hard,57.41409116370047,54.15115790295075,32.60201340683475,144.16726247348598,90.01610457053522,1,1,1,0
CDS 1 2023,Hard,62.911400043558835,25.861843751988676,27.721635546820536,116.49487934236804,90.63303559037936,0,1,0,0
CDS 1 2023,Hard,59.32850402519974,49.06221968564732,38.88602537931713,147.27674909016417,98.21452940451687,1,1,1,1
CDS 1 2022,Moderate,70.84477524857287,42.40057238189225,32.88110468801757,146.1264523184827,103.72587993659045,1,1,0,0
CDS 1 2022,Moderate,52.63098647768201,47.05691044837417,34.44103533386404,134.12893225992022,87.07202181154605,0,1,0,0
CDS 1 2023,Hard,57.066776285391164,38.39646724327874,28.965620343715937,124.42886387238585,86.0323966291071,1,1,0,0
CDS 2 2023,Moderate,52.23305947027856,48.918216746924536,44.41619013551491,145.56746635271801,96.64924960579347,1,1,1,0
Standard Mock,Moderate,58.25556065714718,32.01704267530697,27.525707467507953,117.7983107999621,85.78126812465513,0,0,0,0
CDS 2 2022,Easy,78.07964192549343,35.51298588916039,45.54638708131807,159.1390148959719,123.6260290068115,1,1,1,1
CDS 2 2022,Easy,72.63142300709657,56.492513467611154,49.224811702331095,178.34874817703883,121.85623470942767,1,1,1,1
Standard Mock,Moderate,75.98110895751759,30.998117664609723,37.16719642122883,144.14642304335615,113.14830537874641,1,1,0,1
Standard Mock,Moderate,63.65169001048321,40.76043781466214,37.448973017127294,141.86110084227263,101.1006630276105,1,1,0,1
CDS 2 2023,Moderate,65.73558836877424,59.88680192931348,18.32334733809138,143.9457376361791,84.05893570686563,1,1,1,0
CDS 2 2022,Easy,56.21878296394547,53.634102732310275,30.150538748829675,140.00342444508541,86.36932171277515,1,1,0,0
CDS 1 2023,Hard,59.329729280436354,31.088090010731463,31.31139250874744,121.72921179991525,90.64112178918379,1,1,0,0
CDS 1 2023,Hard,49.939107088081116,37.30384118044156,20.935661220980304,108.17860948950297,70.87476830906142,0,0,0,0
CDS 1 2022,Moderate,70.7502121451091,58.31297105711344,34.95737062356124,164.02055382578376,105.70758276867033,1,1,1,1
CDS 2 2022,Easy,79.55401337726192,52.76112096333562,34.11981480963033,166.43494915022788,113.67382818689225,1,1,1,1
CDS 2 2022,Easy,86.71192861062495,34.93114569025177,54.44343411979945,176.08650842067618,141.1553627304244,1,1,1,1
CDS 2 2023,Moderate,63.87148316060907,57.91743733030515,35.00559992339696,156.79452041431117,98.87708308400602,1,1,1,0
CDS 1 2022,Moderate,52.550212325149445,39.887151416476684,26.603916279593278,119.0412800212194,79.15412860474272,0,0,0,0
CDS 2 2022,Easy,59.28071453801567,40.825585922213435,48.153241668090146,148.25954212831925,107.43395620610582,1,1,0,1
CDS 2 2023,Moderate,53.77386100040681,60.08541388094848,17.109876094985587,130.96915097634087,70.8837370953924,1,1,0,0
Standard Mock,Moderate,72.71030099431141,44.424607622241325,31.729265691362137,148.86417430791488,104.43956668567355,1,1,1,1
CDS 1 2023,Hard,59.532219022828976,44.90332897076701,41.79585605902604,146.23140405262203,101.32807508185502,1,1,1,1
CDS 2 2023,Moderate,53.024580575248855,34.61848484803815,18.811774280135594,106.4548397034226,71.83635485538446,0,0,0,0
CDS 2 2022,Easy,65.73219450312465,57.339612471889104,33.44672476799206,156.5185317430058,99.17891927111671,1,1,1,0
CDS 2 2023,Moderate,54.47075983763766,33.875620422563145,24.418535687055886,112.7649159472567,78.88929552469355,0,0,0,0
CDS 1 2023,Hard,70.6235450937323,60.7662154219355,37.11190199346915,168.50166250913696,107.73544708720145,1,1,1,1
CDS 2 2022,Easy,70.39950900755103,70.88009106987926,35.70008591385161,176.97968599128188,106.09959492140264,1,1,1,0
CDS 2 2023,Moderate,59.66931998638232,47.48610745109377,37.208417702903525,144.36384514037962,96.87773768928585,1,1,1,0
Standard Mock,Moderate,30.530957807159854,53.89204735149304,51.04735012294853,135.47035528160143,81.57830793010838,1,1,0,0
Standard Mock,Moderate,63.2982306086851,49.96113384463357,34.38223937729439,147.64160383061306,97.6804699859795,1,1,1,0
CDS 1 2023,Hard,49.02721064153752,24.31481986721041,34.93263481845817,108.2746653272061,83.95984545999569,0,0,0,0
CDS 2 2022,Easy,66.86068432470547,52.61597039412516,45.61573470571105,165.0923894245417,112.47641903041652,1,1,1,1
CDS 2 2023,Moderate,63.708677924710244,36.41007874924843,25.086656077657498,125.20541275161617,88.79533400236774,0,1,0,0
CDS 1 2022,Moderate,62.36717121026393,25.50161213397947,41.78549654621052,129.65427989045392,104.15266775647444,0,1,0,0
CDS 1 2022,Moderate,65.22020635110766,45.68632695231105,29.56798499623663,140.47451829965536,94.7881913473443,1,1,0,0
Standard Mock,Moderate,46.604820764349626,59.593503906363736,26.48382759813292,132.68215226884627,73.08864836248254,0,1,0,0
CDS 1 2022,Moderate,60.32863373980213,46.602139768427584,31.172215982904415,138.10298949113414,91.50084972270655,1,1,0,0
CDS 2 2023,Moderate,64.89211824664301,47.09967599523839,39.404944961633376,151.39673920351478,104.29706320827638,1,1,1,1
CDS 1 2023,Hard,65.92959110896669,44.960464349564745,37.76370109525333,148.65375655378477,103.69329220422003,1,1,1,1
Standard Mock,Moderate,60.5461178291007,51.7712090616142,41.57321095119539,153.8905378419103,102.11932878029609,1,1,1,1
CDS 2 2022,Easy,75.60800071805947,42.78095318298726,48.99561376738308,167.3845676684298,124.60361448544255,1,1,1,1
CDS 1 2022,Moderate,49.140368292582934,59.71366428080305,27.987504555959237,136.84153712934523,77.12787284854217,1,1,0,0
CDS 1 2022,Moderate,44.23691003228754,52.350517093115535,38.947573891079934,135.53500101648302,83.18448392336748,0,1,0,0
CDS 2 2022,Easy,76.62648058686193,38.881487312993194,41.80338690663888,157.311354806494,118.42986749350081,1,1,1,1
CDS 2 2023,Moderate,50.40645039351877,41.54467240400231,23.180044781021753,115.13116757854283,73.58649517454052,0,0,0,0
CDS 2 2022,Easy,63.17098432576073,72.64794388782747,28.34558473778943,164.16451295137762,91.51656906355015,1,1,1,0
CDS 1 2022,Moderate,46.74718628047559,62.221956377272086,48.461034238624805,157.43017689637247,95.2082205191004,1,1,1,0
CDS 2 2023,Moderate,68.98302549689035,52.10941055012282,28.062333925032497,149.15476997204567,97.04535942192285,1,1,1,0
Standard Mock,Moderate,47.22628866449382,47.11218262156477,44.10907035033749,138.44754163639607,91.33535901483131,1,1,0,0
Standard Mock,Moderate,55.906797854133146,18.269926576451798,22.762551533437307,96.93927596402224,78.66934938757045,0,0,0,0
CDS 2 2023,Moderate,49.614591429642445,43.16599885830235,46.12798195612906,138.90857224407387,95.74257338577151,1,1,0,0
CDS 1 2022,Moderate,58.306711428849525,69.66802653739518,41.555543582884525,169.53028154912923,99.86225501173405,1,1,1,0
Standard Mock,Moderate,73.25004654945639,24.689153142751124,25.276649961838118,123.21584965404563,98.5266965112945,0,0,0,0
Standard Mock,Moderate,83.59614259100104,50.26144315715139,57.68991611659453,191.54750186474695,141.28605870759557,1,1,1,1
CDS 1 2022,Moderate,47.295117544181785,46.70419576784868,44.63226533893939,138.63157865096986,91.92738288312117,1,1,0,0
CDS 2 2023,Moderate,58.87018876893389,52.01249696247958,43.94458843105129,154.82727416246476,102.81477719998517,1,1,1,1
CDS 2 2023,Moderate,48.141850889850545,55.93383514393616,31.75258064918026,135.82826668296696,79.8944315390308,1,1,0,0
CDS 1 2023,Hard,60.10252222405018,51.201075453710374,32.096132594867804,143.39973027262835,92.19865481891799,1,1,1,0
CDS 1 2022,Moderate,56.382830121827354,7.493050797868797,36.78669775219072,100.66257867188688,93.16952787401807,0,0,0,0
CDS 1 2022,Moderate,55.50349806157186,43.31526639459429,42.63902908575644,141.4577935419226,98.14252714732831,1,1,0,0
CDS 1 2022,Moderate,55.33772608282888,60.04039071274975,24.585470482251814,139.96358727783044,79.9231965650807,1,1,0,0
CDS 1 2022,Moderate,65.48463273540571,27.285432456505326,43.25414597823085,136.02421117014188,108.73877871363656,1,1,0,1
CDS 2 2023,Moderate,58.39549956734366,44.633139520817366,32.19888992249994,135.22752901066096,90.59438948984359,1,1,0,0
Standard Mock,Moderate,53.83972456282044,58.19573739247982,31.538957282199846,143.5744192375001,85.37868184502028,1,1,0,0
Standard Mock,Moderate,40.8714864665217,53.80609350031754,52.77294768030454,147.4505276471438,93.64443414682624,1,1,1,0
CDS 1 2023,Hard,54.57668104339787,22.57798305797878,37.25467317098341,114.40933727236006,91.83135421438128,0,1,0,0
CDS 1 2023,Hard,48.35299094848986,56.38672444518613,29.03139654087557,133.77111193455156,77.38438748936542,1,1,0,0
Standard Mock,Moderate,59.53503418873442,40.92505204876647,39.50054671185146,139.96063294935234,99.03558090058588,1,1,0,0
CDS 1 2023,Hard,59.868420689674906,51.94632030008937,43.41791674379566,155.23265773355993,103.28633743347056,1,1,1,1
Standard Mock,Moderate,59.18544012222121,54.930203455286545,41.7549084726547,155.87055205016244,100.9403485948759,1,1,1,1
CDS 2 2023,Moderate,65.06587671697275,61.2537324460496,46.11953360860409,172.43914277162645,111.18541032557684,1,1,1,1
CDS 1 2022,Moderate,58.728414031251155,43.40286094608248,41.41879061477769,143.55006559211134,100.14720464602885,1,1,0,0
CDS 2 2023,Moderate,50.769276036844225,47.084662179125004,32.305062442960136,130.15900065892936,83.07433847980437,1,1,0,0
CDS 2 2022,Easy,48.38419010822008,21.79209492877122,48.6033255941672,118.7796106311585,96.98751570238728,0,0,0,0
CDS 2 2023,Moderate,87.14816939486322,44.86789530993224,50.01879133796319,182.03485604275863,137.1669607328264,1,1,1,1
CDS 2 2023,Moderate,60.094263605637735,40.930075344132696,38.029718735872834,139.05405768564327,98.12398234151057,1,1,0,0
CDS 1 2023,Hard,56.926191475869366,38.86872739322841,28.848000178386712,124.64291904748448,85.77419165425607,1,1,0,0
CDS 2 2022,Easy,66.81461063480639,55.47483668960378,26.864722016460057,149.15416934087023,93.67933265126644,1,1,0,0
CDS 1 2022,Moderate,61.63447746617477,45.41003093476615,36.28849621355914,143.33300461450006,97.92297367973391,1,1,0,0
CDS 1 2022,Moderate,71.37857775969371,50.72791088187829,31.46347445118449,153.5699630927565,102.8420522108782,1,1,1,0
CDS 1 2022,Moderate,72.97297533925546,50.573559209610615,34.206238599796876,157.75277314866295,107.17921393905233,1,1,1,1
CDS 1 2023,Hard,54.036153636851026,36.907305260964456,39.89895834850879,130.84241724632426,93.93511198535981,1,1,0,0
Standard Mock,Moderate,72.83354577288206,37.6864833186238,33.964121053529354,144.48415014503522,106.79766682641142,1,1,0,1
CDS 1 2023,Hard,61.79373170574121,47.446010789189955,27.562657329954753,136.80239982488592,89.35638903569597,1,1,1,0
CDS 1 2022,Moderate,32.70595615076266,42.48473641491024,35.05205261894946,110.24274518462235,67.75800876971212,0,0,0,0
CDS 2 2022,Easy,54.36741313468722,48.11556226848818,34.467589981602,136.9505653847774,88.83500311628922,0,1,0,0
CDS 2 2022,Easy,64.52014205149419,58.79528536311656,26.326735387150443,149.6421628017612,90.84687743864464,1,1,0,0
Standard Mock,Moderate,73.66214785205788,57.70786331074811,37.80928496947826,169.17929613228426,111.47143282153615,1,1,1,1
CDS 2 2023,Moderate,70.94562454613795,70.44166431385567,47.36489512184177,188.7521839818354,118.31051966797972,1,1,1,1
CDS 2 2022,Easy,60.0079800172407,64.40158777989681,32.815160148388834,157.22472794552635,92.82314016562952,1,1,1,0
CDS 1 2022,Moderate,67.08266219657399,70.67138945100302,42.75675299615689,180.5108046437339,109.83941519273088,1,1,1,1
CDS 1 2023,Hard,55.11369908798494,28.235340982198302,33.40925247716948,116.75829254735271,88.52295156515441,0,1,0,0
CDS 1 2023,Hard,76.35321123975957,36.30140886207004,27.30764063032711,139.96226073215672,103.66085187008669,1,1,1,1
CDS 1 2022,Moderate,56.532501089917574,39.24675541382821,28.55104141355662,124.3302979173024,85.08354250347419,0,0,0,0
CDS 1 2023,Hard,49.762957171104745,30.57618495684114,19.07363257559244,99.41277470353833,68.83658974669719,0,0,0,0
CDS 2 2023,Moderate,79.4896311144762,59.110850120732614,42.35655143641369,180.9570326716225,121.84618255088989,1,1,1,1
CDS 1 2023,Hard,66.77208787416915,18.74292938267387,44.67307651489912,130.18809377174213,111.44516438906827,1,1,0,1
CDS 1 2023,Hard,42.701168847134596,34.36324244212483,23.570210712842517,100.63462200210193,66.2713795599771,0,0,0,0
Standard Mock,Moderate,56.99430609414751,50.63170695758465,30.53022447193959,138.15623752367173,87.5245305660871,1,1,0,0
CDS 1 2023,Hard,55.35295390745216,13.893414676149163,24.217321638574003,93.46369022217533,79.57027554602617,0,0,0,0
Standard Mock,Moderate,50.07131294621302,45.03504675830737,29.507613466874247,124.61397317139463,79.57892641308726,0,0,0,0
CDS 1 2023,Hard,43.703325406894635,26.428151338172963,26.073548268028638,96.20502501309625,69.77687367492328,0,0,0,0
CDS 2 2022,Easy,63.74180648451667,44.81314412355442,29.26908671637385,137.82403732444493,93.01089320089052,0,1,0,0
Standard Mock,Moderate,46.91315869010861,37.60262676057122,33.46499304430216,117.98077849498199,80.37815173441078,0,0,0,0
Standard Mock,Moderate,69.06784266675429,47.16177758179629,39.05850266692899,155.28812291547956,108.12634533368328,1,1,1,1
CDS 2 2022,Easy,57.025145026562114,63.288410672183645,43.80520305316303,164.11875875190879,100.83034807972514,1,1,1,0
CDS 2 2023,Moderate,61.426884122016304,53.51564781689779,51.0370185546693,165.9795504935834,112.4639026766856,1,1,1,1
CDS 2 2023,Moderate,69.13607217568034,56.10797343908372,36.335654155359784,161.57969977012385,105.47172633104012,1,1,1,1
CDS 1 2023,Hard,47.03218767330824,44.192362641788556,26.33281309429765,117.55736340939444,73.36500076760589,0,1,0,0
CDS 1 2023,Hard,58.42099481557381,53.20471470734475,34.06089458354598,145.68660410646453,92.4818893991198,1,1,1,0
Standard Mock,Moderate,45.75028828184588,50.75487169289104,25.25547452389704,121.76063449863395,71.00576280574292,0,0,0,0
CDS 1 2023,Hard,47.7563636819654,46.18863543004163,57.02214593031489,150.96714504232193,104.77850961228029,1,1,1,1
Standard Mock,Moderate,59.216691510698425,42.238052601683464,29.84530726916141,131.3000513815433,89.06199877985983,0,1,0,0
CDS 2 2022,Easy,65.30140661315177,49.51961026367785,41.11981932621258,155.94083620304218,106.42122593936435,1,1,1,0
Standard Mock,Moderate,57.26847753480098,64.6140595518124,48.44284575234596,170.32538283895934,105.71132328714694,1,1,1,1
CDS 2 2023,Moderate,62.52033979934877,54.46203787966852,21.58740272763262,138.5697804066499,84.10774252698138,1,1,0,0
CDS 2 2022,Easy,80.54282441611026,63.813110233716,53.697811019623785,198.05374566945005,134.24063543573405,1,1,1,1
Standard Mock,Moderate,74.22422955285822,55.53723563800446,35.53384272479022,165.2953079156529,109.75807227764844,1,1,1,1
Standard Mock,Moderate,53.192244336748196,63.95441092764629,37.922654561557124,155.06930982595162,91.11489889830531,1,1,1,0
CDS 2 2022,Easy,59.10576588513109,56.169867268284364,31.385565705357138,146.6611988587726,90.49133159048823,1,1,0,0
CDS 2 2022,Easy,62.73337796276,49.560885688635494,46.491477210704204,158.78574086209971,109.2248551734642,1,1,1,1
CDS 1 2022,Moderate,77.18439615602713,63.04481743463681,22.10323902038944,162.33245261105338,99.28763517641657,1,1,1,0
CDS 2 2023,Moderate,52.35150771691897,50.85450187618641,17.04017265415977,120.24618224726515,69.39168037107873,0,1,0,0
CDS 1 2022,Moderate,57.45392013986117,27.82347729941683,23.903906320969693,109.18130376024769,81.35782646083086,0,0,0,0
CDS 1 2023,Hard,54.916392127285434,47.019441917037334,37.80669513299054,139.74252917731332,92.72308726027597,1,1,1,0
CDS 1 2022,Moderate,60.567066488392655,47.673430411465716,39.78847573217735,148.02897263203573,100.35554222057002,1,1,1,0
CDS 1 2023,Hard,40.70275756969629,37.561977652183856,18.632848118212454,96.8975833400926,59.33560568790874,0,0,0,0
CDS 2 2023,Moderate,58.393467136339254,57.087650685296964,43.50982678506765,158.99094460670386,101.90329392140691,1,1,1,0
CDS 2 2023,Moderate,66.05133015758949,31.432173958678327,32.19717286922819,129.680676985496,98.24850302681767,0,1,0,0
CDS 1 2023,Hard,59.12071137066024,11.33762245026777,34.201354506097346,104.65968832702536,93.32206587675759,0,0,0,0
CDS 2 2023,Moderate,51.65661813417337,49.420202413481235,28.08945622606104,129.16627677371565,79.74607436023442,0,1,0,0
CDS 1 2023,Hard,46.96639567234306,37.47358071576409,29.69492344940288,114.13489983751003,76.66131912174595,0,1,0,0
CDS 2 2022,Easy,63.40850528462272,47.33217935119987,32.83605706299254,143.5767416988151,96.24456234761526,1,1,0,0
CDS 1 2023,Hard,44.19732940219308,46.85323154309642,33.040539524590656,124.09110046988016,77.23786892678373,1,1,0,0
CDS 2 2022,Easy,57.29382049874661,51.224782630695415,55.20640096017044,163.72500408961247,112.50022145891705,1,1,1,1
Standard Mock,Moderate,75.30185623796561,23.681066680806772,28.578728261683967,127.56165118045635,103.88058449964957,0,1,0,1
CDS 2 2022,Easy,69.0219782491235,55.412725543690996,42.48545105118987,166.92015484400437,111.50742930031338,1,1,1,1
CDS 1 2023,Hard,48.577675215560106,33.86488650556567,29.723422196113447,112.16598391723923,78.30109741167355,0,1,0,0
CDS 2 2022,Easy,61.976504336682495,57.21060675436112,48.41632255765075,167.60343364869436,110.39282689433324,1,1,1,1
CDS 1 2022,Moderate,66.09951387331978,43.8957918503427,32.6813149337421,142.67662065740458,98.78082880706188,1,1,0,0
CDS 2 2023,Moderate,48.46517469111356,8.146625332930334,31.29963387431803,87.91143389836193,79.7648085654316,0,0,0,0
CDS 1 2023,Hard,49.09778033694365,46.76408385124187,29.34500658247329,125.20687077065881,78.44278691941693,1,1,0,0
CDS 2 2022,Easy,62.313221224750436,28.842536063317056,43.47673542244999,134.63249271051748,105.78995664720043,0,1,0,0
CDS 1 2023,Hard,54.4316314779305,25.50035781208801,16.56397765669277,96.49596694671128,70.99560913462327,0,0,0,0
CDS 2 2023,Moderate,58.12834452136139,52.45448116164071,47.76263987873554,158.34546556173763,105.89098440009693,1,1,1,1
CDS 1 2023,Hard,55.18230997137117,31.43645328154639,29.843756884263183,116.46252013718075,85.02606685563435,0,1,0,0
CDS 1 2022,Moderate,54.56016586627317,31.37567377866607,39.27376045470797,125.2096000996472,93.83392632098113,0,0,0,0
CDS 2 2023,Moderate,65.93054050283021,57.90668489843478,31.11492932881147,154.95215473007647,97.04546983164168,1,1,1,0
CDS 2 2023,Moderate,69.61093457232083,41.02103084127339,18.2691598749426,128.90112528853683,87.88009444726343,0,1,0,0
CDS 1 2022,Moderate,51.444723120593764,35.609600685487074,16.87272034926857,103.92704415534939,68.31744346986233,0,0,0,0
CDS 2 2022,Easy,89.4125584526534,78.00745562326905,46.0950989621244,213.51511303804688,135.5076574147778,1,1,1,1
CDS 2 2023,Moderate,68.29098440018336,43.418745639911485,27.581568389915248,139.2912984300101,95.87255279009861,1,1,0,0
CDS 2 2023,Moderate,65.88436180240308,41.07189581149999,39.37506203473036,146.33131964863344,105.25942383713344,1,1,1,1
CDS 2 2023,Moderate,44.90006829420793,46.30620393188633,67.87761187388739,159.08388409998165,112.77768016809532,1,1,1,1
CDS 1 2022,Moderate,56.7426110681738,45.08725692826766,36.13334463905302,137.96321263549447,92.87595570722682,1,1,0,0
CDS 2 2023,Moderate,61.227289077054834,46.50541824376292,47.86947286116419,155.60218018198196,109.09676193821903,1,1,1,1
CDS 2 2023,Moderate,48.37289560672239,42.42717862308107,33.38356205521389,124.18363628501734,81.75645766193628,0,1,0,0
CDS 2 2022,Easy,79.23898937246851,56.290300005169584,51.71119064737571,187.24048002501382,130.95018001984423,1,1,1,1
CDS 2 2023,Moderate,47.212641451807436,48.18147913901464,22.741077365600542,118.13519795642262,69.95371881740797,0,0,0,0
CDS 2 2022,Easy,68.3632296932128,49.23796498951319,36.25377180673945,153.85496648946543,104.61700149995225,1,1,1,0
Standard Mock,Moderate,54.07200766821353,19.406851775123222,34.76606039756054,108.2449198408973,88.83806806577407,0,0,0,0
CDS 2 2023,Moderate,48.9867337123029,62.49003833942305,28.729491545526493,140.20626359725244,77.7162252578294,1,1,0,0
Standard Mock,Moderate,51.861863580710704,50.71851301117195,36.804681418312065,139.3850580101947,88.66654499902276,1,1,0,0
CDS 1 2023,Hard,67.97916505660763,39.309964374461,40.1006192557132,147.38974868678184,108.07978431232083,1,1,1,1
Standard Mock,Moderate,55.24515258810557,45.10724133041063,28.361668971743097,128.7140628902593,83.60682155984867,0,1,0,0
Standard Mock,Moderate,55.659666456764,53.04371780982245,40.53627409358232,149.2396583601688,96.19594055034632,1,1,1,0
CDS 1 2022,Moderate,65.91801191145015,70.35442945680212,47.592837114361686,183.86527848261397,113.51084902581184,1,1,1,1
CDS 2 2022,Easy,66.24663393407558,50.78007779398942,50.994637713956536,168.02134944202152,117.24127164803211,1,1,1,1
CDS 2 2023,Moderate,71.85006983583015,60.10099163931589,45.61509157175844,177.5661530469045,117.4651614075886,1,1,1,1
CDS 2 2023,Moderate,60.940698411915236,31.26565874561428,28.316418360091113,120.52277551762063,89.25711677200636,0,1,0,0
CDS 1 2023,Hard,54.599627924789004,36.28186118363112,42.26410033799346,133.1455894464136,96.86372826278247,1,1,0,0
CDS 2 2023,Moderate,67.85126585460054,44.595765348873925,43.43951400518931,155.8865452086638,111.29077985978985,1,1,1,1
Standard Mock,Moderate,73.1634483751952,33.3269966551419,5.913392555194964,112.40383758553206,79.07684093039016,0,0,0,0
Standard Mock,Moderate,50.8436770364154,52.03515541423074,26.802849771326102,129.68168222197227,77.64652680774151,0,1,0,0
Standard Mock,Moderate,62.90037803053902,55.152977929589845,38.93990572175008,156.99326168187895,101.8402837522891,1,1,1,1
Standard Mock,Moderate,50.4989543085435,52.755836184094356,22.81823933192681,126.07302982456468,73.31719364047032,0,1,0,0
CDS 1 2023,Hard,48.69767926353561,51.65613141449778,17.436199637056234,117.79001031508962,66.13387890059184,0,1,0,0
CDS 2 2023,Moderate,73.95101906502298,50.24409265769664,50.57160889698659,174.7667206197062,124.52262796200957,1,1,1,1
Standard Mock,Moderate,66.25932095972902,40.30301051971879,48.69868223361911,155.26101371306692,114.95800319334813,1,1,1,1
CDS 2 2023,Moderate,71.10677684054092,58.96453982811109,37.753962341432086,167.8252790100841,108.860739181973,1,1,1,1
Standard Mock,Moderate,61.860930208759356,50.682285150498444,47.96256709748002,160.50578245673782,109.82349730623937,1,1,1,1
CDS 2 2023,Moderate,45.16020940532582,36.62963110833466,49.51926632314722,131.3091068368077,94.67947572847305,1,1,0,0
Standard Mock,Moderate,72.53058210243914,62.112131822372476,34.09757118559678,168.7402851104084,106.62815328803592,1,1,1,1
CDS 2 2022,Easy,76.34768614866765,61.10242381152557,44.30142974315371,181.75153970334694,120.64911589182137,1,1,1,1
CDS 1 2023,Hard,59.22628617192566,41.41996262677843,13.889401949751377,114.53565074845547,73.11568812167704,0,1,0,0
CDS 2 2023,Moderate,48.839358239281054,34.28468944340142,36.71187143745663,119.8359191201391,85.55122967673768,0,0,0,0
CDS 1 2023,Hard,43.15048058773925,52.833368657490276,42.83947601403121,138.82332525926074,85.98995660177047,1,1,1,0
CDS 2 2023,Moderate,59.958574150558455,45.02500769108389,36.84768650249024,141.83126834413258,96.8062606530487,1,1,0,0
CDS 2 2022,Easy,70.69876375979523,66.92488315441548,33.23945633451195,170.86310324872267,103.93822009430718,1,1,1,0
CDS 2 2022,Easy,62.46913158985889,55.26055622181811,35.80153004168771,153.53121785336472,98.2706616315466,1,1,1,0
Standard Mock,Moderate,54.08853170074389,41.5516489282392,38.28682349496483,133.92700412394794,92.37535519570872,0,1,0,0
CDS 2 2022,Easy,69.68523602818836,46.368139758301915,52.16006538911476,168.21344117560503,121.84530141730312,1,1,1,1
CDS 2 2022,Easy,63.69424542704829,49.769711740223116,44.613307130354215,158.07726429762562,108.3075525574025,1,1,1,1
CDS 1 2023,Hard,59.643205608266655,52.999141315531645,34.44319088521392,147.08553780901224,94.08639649348058,1,1,1,0
CDS 2 2022,Easy,58.94009953915088,51.309071325235074,30.572247597695252,140.8214184620812,89.51234713684613,1,1,0,0
CDS 2 2023,Moderate,50.322476604529,34.058984397883066,40.64498204047497,125.02644304288704,90.96745864500397,0,1,0,0
CDS 2 2023,Moderate,83.33016418252689,48.15090923520377,47.9592786157375,179.44035203346817,131.2894427982644,1,1,1,1
CDS 1 2023,Hard,63.67394492997976,70.2804799767947,16.905585085513668,150.86000999228813,80.57953001549343,1,1,1,0
CDS 1 2022,Moderate,54.09785387799511,25.72880055373876,33.79502586100641,113.62168029274028,87.89287973900151,0,0,0,0
Standard Mock,Moderate,64.86287304740895,49.21986913879235,23.93655842922891,138.0193006154302,88.79943147663786,1,1,0,0
CDS 1 2022,Moderate,54.55725567075462,38.34766197884859,24.222560650696565,117.12747830029979,78.7798163214512,0,0,0,0
CDS 2 2023,Moderate,62.25788034085521,39.01425994771708,22.185090271311758,123.45723055988404,84.44297061216696,0,1,0,0
CDS 1 2022,Moderate,66.63273381264477,53.731065834636055,61.02479874874313,181.38859839602395,127.65753256138791,1,1,1,1
CDS 2 2022,Easy,55.82738357822713,55.379068073830936,36.32885829927689,147.53530995133497,92.15624187750402,1,1,0,0
CDS 1 2022,Moderate,56.50575049364293,50.6096817961707,44.03058166736933,151.14601395718296,100.53633216101227,1,1,1,0
CDS 1 2022,Moderate,69.0785238490987,63.90600263665508,31.855562097023707,164.8400885827775,100.93408594612241,1,1,1,0
CDS 2 2022,Easy,63.335144157184544,81.12784457250666,30.288101308620085,174.7510900383113,93.62324546580463,1,1,1,0
CDS 1 2022,Moderate,41.75022253038883,40.475665778035264,27.612612746950724,109.83850105537482,69.36283527733956,0,0,0,0
CDS 1 2023,Hard,80.08306273056563,57.92713772370637,44.45487107317209,182.4650715274441,124.53793380373773,1,1,1,1
CDS 2 2022,Easy,61.693413376236684,59.420224046091654,64.26178003841775,185.3754174607461,125.95519341465445,1,1,1,1
CDS 2 2022,Easy,74.77263370303122,54.406401144120984,41.79695381106207,170.97598865821428,116.56958751409329,1,1,1,1
CDS 1 2023,Hard,52.48221326073621,47.30189978413695,28.322880052646703,128.10699309751988,80.80509331338291,1,1,0,0
CDS 1 2023,Hard,58.67199798775388,58.11428791238625,29.74822903837053,146.53451493851065,88.42022702612441,1,1,1,0
CDS 2 2023,Moderate,30.332469312592693,56.612864479907756,40.09887247921195,127.0442062717124,70.43134179180464,0,1,0,0
CDS 1 2022,Moderate,71.4696286825517,50.49504080860749,34.351285589466386,156.31595508062557,105.82091427201809,1,1,1,1
CDS 1 2022,Moderate,69.85948383314721,44.39356817785478,49.9116640428018,164.1647160538038,119.77114787594901,1,1,1,1
CDS 2 2022,Easy,67.6697578312756,29.51167508945379,56.785739643487574,153.96717256421698,124.45549747476318,1,1,1,1
CDS 1 2023,Hard,48.09987400185415,53.11045400329964,41.72668782882371,142.9370158339775,89.82656183067786,1,1,1,0
CDS 1 2023,Hard,60.22445210926694,29.418178012174966,26.411225015127037,116.05385513656894,86.63567712439398,0,1,0,0
CDS 1 2023,Hard,49.08784380757626,32.45868773013584,42.38406576654954,123.93059730426165,91.4719095741258,1,1,0,0
CDS 1 2022,Moderate,61.01422964239658,58.113288361188324,27.462923551382538,146.59044155496744,88.47715319377912,1,1,0,0
CDS 2 2023,Moderate,54.61273719653559,27.799414403486093,34.02406109845586,116.43621269847755,88.63679829499145,0,0,0,0
Standard Mock,Moderate,43.8663176379506,32.09811413762686,35.076731933215065,111.04116370879251,78.94304957116566,0,0,0,0
CDS 1 2022,Moderate,81.05086639334502,38.39789641603075,14.384768878877505,133.8335316882533,95.43563527222253,0,1,0,0
CDS 1 2023,Hard,55.16700867267551,26.75025452003297,27.078936497633723,108.9961996903422,82.24594517030923,0,0,0,0
Standard Mock,Moderate,50.42072160504732,44.559339662159246,25.093459225007614,120.07352049221417,75.51418083005493,0,0,0,0
CDS 1 2023,Hard,74.51929089517424,54.194805872650285,30.62349837246568,159.3375951402902,105.14278926763991,1,1,1,1
CDS 1 2022,Moderate,65.06976345828141,14.400428368876973,46.138623979822206,125.60881580698059,111.20838743810361,0,0,0,1
CDS 1 2023,Hard,51.9554197885177,33.13917012700799,40.457083385205706,125.55167330073141,92.41250317372341,1,1,0,0
CDS 2 2023,Moderate,77.62473164869613,42.37043140647045,49.838901537677614,169.8340645928442,127.46363318637374,1,1,1,1
CDS 1 2022,Moderate,54.96836480953643,40.44486921763443,24.86394157645531,120.27717560362618,79.83230638599174,0,0,0,0
CDS 2 2023,Moderate,47.674109358310844,30.5274420798428,39.28811180433006,117.4896632424837,86.9622211626409,0,0,0,0
Standard Mock,Moderate,66.03733016190222,28.06554713779293,41.280786969002484,135.38366426869763,107.31811713090471,1,1,0,1
Standard Mock,Moderate,75.4981860632834,56.996376257338426,40.13609294415222,172.63065526477405,115.63427900743562,1,1,1,1
CDS 1 2022,Moderate,52.413347984572276,61.516721396664785,41.22379118473118,155.15386056596824,93.63713916930345,1,1,1,0
CDS 2 2022,Easy,64.01391600995322,55.52877561895525,60.01922459248361,179.5619162213921,124.03314060243683,1,1,1,1
CDS 2 2023,Moderate,71.40785800452474,55.026258394282415,37.93008807258655,164.36420447139372,109.3379460771113,1,1,1,1
CDS 1 2022,Moderate,43.28667732365228,39.18029878491281,38.71053738215363,121.17751349071871,81.9972147058059,0,0,0,0
CDS 2 2023,Moderate,51.53601694222312,45.43475702325181,52.44103184465978,149.41180581013472,103.9770487868829,1,1,1,1
CDS 1 2023,Hard,44.966981690245035,24.394597252937036,27.126946975129,96.48852591831107,72.09392866537404,0,0,0,0
CDS 1 2022,Moderate,74.3388446819627,54.35159920732403,28.04319255833485,156.73363644762156,102.38203724029755,1,1,1,0
CDS 1 2023,Hard,68.56106714210325,46.38426918727343,25.998778550282164,140.94411487965885,94.55984569238542,1,1,1,0
CDS 2 2022,Easy,54.6991394509557,66.23656161539947,64.45769569113685,185.393396757492,119.15683514209255,1,1,1,1
Standard Mock,Moderate,58.07393561239194,46.632041365924486,27.27166269111036,131.9776396694268,85.3455983035023,0,1,0,0
Standard Mock,Moderate,56.60016277648481,33.293583333421175,54.529445539995066,144.42319164990104,111.12960831647987,1,1,0,1
CDS 2 2023,Moderate,61.34801423290203,46.59107639586156,34.8166193336629,142.7557099624265,96.16463356656493,1,1,1,0
CDS 1 2022,Moderate,58.91383345061658,58.4767927959852,33.83929189879517,151.22991814539694,92.75312534941175,1,1,1,0
CDS 1 2022,Moderate,66.08984446492435,11.592127654256771,39.18911611372786,116.87108823290899,105.27896057865222,0,0,0,1
CDS 1 2023,Hard,57.99794874163164,47.755841957629904,16.75488511863934,122.5086758179009,74.75283386027098,1,1,0,0
CDS 1 2022,Moderate,74.74497367570515,44.858631331887516,25.737608874114493,145.34121388170718,100.48258254981965,1,1,0,0
CDS 2 2023,Moderate,54.00644294947003,49.14033462326488,47.35431775756801,150.50109533030292,101.36076070703804,1,1,1,0
CDS 1 2022,Moderate,77.28329380566333,50.909402167629835,39.13754202947388,167.33023800276703,116.42083583513721,1,1,1,1
CDS 1 2022,Moderate,60.682067826028366,27.147765621055882,43.179920992573365,131.00975443965763,103.86198881860173,0,1,0,0
CDS 1 2022,Moderate,60.8534395552051,56.705025925893196,34.29953556272035,151.85800104381866,95.15297511792545,1,1,1,0
CDS 2 2023,Moderate,58.12298394125963,48.08820809903639,24.6126556583733,130.82384769866934,82.73563959963293,1,1,0,0
CDS 1 2022,Moderate,49.171594711316565,56.725469777825914,15.747377874125146,121.64444236326761,64.91897258544171,0,0,0,0
CDS 1 2023,Hard,60.790615726946704,55.635141063349735,33.7367275519486,150.16248434224502,94.5273432788953,1,1,1,0
CDS 2 2022,Easy,58.34968109696075,54.15964267830346,25.68885857228745,138.19818234755166,84.0385396692482,0,1,0,0
CDS 2 2023,Moderate,56.52499700294089,47.04181015814645,26.577042832299313,130.14384999338665,83.1020398352402,1,1,0,0
CDS 2 2023,Moderate,53.883948537954154,42.705879710474875,16.63994716643169,113.22977541486071,70.52389570438584,0,0,0,0
CDS 2 2023,Moderate,48.63624833296143,40.12758290111214,37.316480716109226,126.08031195018279,85.95272904907065,0,1,0,0
CDS 2 2022,Easy,76.11631474141052,63.152576476142876,56.03866067267866,195.30755189023205,132.15497541408917,1,1,1,1
CDS 2 2023,Moderate,44.489738180166796,66.90864540448518,50.051959988790394,161.45034357344238,94.5416981689572,1,1,1,0
CDS 2 2022,Easy,65.18790511307941,48.37989834343986,53.22926160335532,166.7970650598746,118.41716671643474,1,1,1,1
Standard Mock,Moderate,41.337540651504106,68.75161039253707,27.397155613784065,137.48630665782525,68.73469626528816,1,1,0,0
Standard Mock,Moderate,45.089200763885266,48.409726720082546,34.99521281931494,128.49414030328276,80.08441358320022,0,1,0,0
CDS 1 2023,Hard,49.87025756032188,40.86698961083443,26.45182720130308,117.1890743724594,76.32208476162496,0,1,0,0
CDS 2 2022,Easy,59.37837658065273,57.58038331532147,25.779415028320688,142.73817492429487,85.15779160897341,1,1,0,0
CDS 2 2022,Easy,75.73366582444973,45.28317439132226,48.69572518653421,169.7125654023062,124.42939101098395,1,1,1,1
CDS 2 2022,Easy,52.48772084622324,73.81349811754797,37.15812117845221,163.45934014222343,89.64584202467546,1,1,1,0
Standard Mock,Moderate,66.45598078959546,58.67828342142593,42.03964676794234,167.17391097896373,108.4956275575378,1,1,1,1
Standard Mock,Moderate,64.20766562518587,55.94768275977562,36.20608547613578,156.36143386109728,100.41375110132165,1,1,1,1
CDS 1 2023,Hard,49.5383389578198,48.675963215491876,18.684295909069434,116.89859808238111,68.22263486688924,0,1,0,0
CDS 1 2023,Hard,67.37738105749224,49.8630577889908,21.05414448515175,138.29458333163478,88.431525542644,1,1,1,0
CDS 2 2022,Easy,81.8076571338819,45.18397378309905,39.97753798242879,166.96916889940974,121.78519511631069,1,1,1,1
CDS 1 2022,Moderate,61.23018673526756,40.59923868052318,29.494660317992988,131.32408573378373,90.72484705326055,0,1,0,0
Standard Mock,Moderate,64.33184067271543,30.672852930093274,18.962705249701045,113.96739885250975,83.29454592241648,0,0,0,0
CDS 2 2023,Moderate,60.19290880373943,52.12265492447923,34.776914610875686,147.09247833909436,94.96982341461512,1,1,1,0
CDS 1 2023,Hard,73.75225388483389,47.178065804017535,30.836112288606568,151.766431977458,104.58836617344046,1,1,1,1
CDS 2 2023,Moderate,50.24467064385368,41.68330961867187,42.67937663516537,134.60735689769092,92.92404727901905,1,1,0,0
CDS 1 2022,Moderate,60.71420832581093,60.395690818968376,33.911513749308384,155.0214128940877,94.62572207511931,1,1,1,0
Standard Mock,Moderate,46.900234456250004,45.43880763494491,12.167613653849607,104.50665574504453,59.06784811009961,0,0,0,0
CDS 2 2022,Easy,69.68531256905123,69.78645084896694,41.522693758075,180.9944571760932,111.20800632712624,1,1,1,1
CDS 2 2022,Easy,69.37372674179669,27.094958150323833,34.3615166814014,130.83020157352192,103.73524342319809,0,0,0,0
CDS 1 2023,Hard,52.62687765804782,35.29542660799463,38.22367201806239,126.14597628410483,90.8505496761102,1,1,0,0
CDS 1 2023,Hard,55.283202636777645,27.81649150900221,33.37088203445367,116.47057618023352,88.65408467123132,0,1,0,0
Standard Mock,Moderate,66.23235896638818,45.92623977727912,51.37121790001706,163.52981664368434,117.60357686640523,1,1,1,1
CDS 1 2022,Moderate,48.70935578167698,21.307390696693574,34.333989729780264,104.35073620815082,83.04334551145725,0,0,0,0
CDS 1 2023,Hard,58.36903263976616,60.10763552614675,33.61819502118863,152.09486318710157,91.9872276609548,1,1,1,0
CDS 1 2022,Moderate,58.06005207433375,37.664542771369184,39.084853381464704,134.80944822716765,97.14490545579845,0,1,0,0
CDS 1 2023,Hard,51.43572879474921,37.662524544601176,17.798516506702416,106.89676984605279,69.23424530145162,0,0,0,0
CDS 2 2023,Moderate,56.94690846481435,40.51683743600833,37.991997660888956,135.45574356171164,94.93890612570331,1,1,0,0
Standard Mock,Moderate,60.83345350975092,44.02200734040583,31.666199443923343,136.52166029408008,92.49965295367426,1,1,0,0
CDS 1 2022,Moderate,60.8036232596303,57.134088468619666,35.4052294231701,153.34294115142006,96.2088526828004,1,1,1,0
Standard Mock,Moderate,58.79356965870165,45.83031065895329,31.501146508769967,136.12502682642491,90.29471616747162,1,1,0,0
Standard Mock,Moderate,52.85335883159007,72.37390455687877,31.400889064333285,156.6281524528021,84.25424789592336,1,1,1,0
CDS 1 2022,Moderate,50.87321239304133,43.350136040763715,32.213436661206906,126.43678509501194,83.08664905424823,0,0,0,0
CDS 2 2023,Moderate,57.52828387755601,51.350881214652,31.68760691121605,140.56677200342406,89.21589078877206,1,1,0,0
Standard Mock,Moderate,42.89824898608205,55.590993595706365,45.37171472532005,143.86095730710846,88.2699637114021,1,1,0,0
Standard Mock,Moderate,47.57128413936865,36.27513424630318,12.309227270475986,96.15564565614781,59.88051140984464,0,0,0,0
Standard Mock,Moderate,57.573335385728775,54.519083579691284,60.80291898690775,172.8953379523278,118.37625437263652,1,1,1,1
CDS 1 2022,Moderate,41.924103508185425,47.361450764724204,28.10344495099056,117.38899922390019,70.02754845917599,0,0,0,0
Standard Mock,Moderate,62.53683554298097,46.38011726427526,21.85251139689577,130.769464204152,84.38934693987673,0,1,0,0
CDS 2 2023,Moderate,52.82360862389459,51.115147760387444,23.962414373976834,127.90117075825887,76.78602299787143,0,1,0,0
CDS 1 2023,Hard,62.73877173442823,46.892636213606515,36.72833021569296,146.3597381637277,99.46710195012119,1,1,1,1
Standard Mock,Moderate,55.02630466859737,51.708653257251456,42.14549761463506,148.8804555404839,97.17180228323244,1,1,1,0
CDS 1 2023,Hard,56.339418829520135,34.03748647190166,25.106455026385614,115.4833603278074,81.44587385590575,0,1,0,0
CDS 1 2023,Hard,55.73886936124554,43.61490976109668,49.51899573588401,148.87277485822625,105.25786509712955,1,1,1,1
CDS 2 2022,Easy,58.88811497749714,49.09880064812557,31.67610555030557,139.6630211759283,90.56422052780272,0,1,0,0
CDS 2 2023,Moderate,81.77293447549066,58.88244641532342,31.00743354054038,171.66281443135446,112.78036801603103,1,1,1,1
Standard Mock,Moderate,56.24071754528644,57.500943288104665,37.611845412796285,151.3535062461874,93.85256295808273,1,1,1,0
CDS 2 2023,Moderate,54.28097150190076,67.90643633346396,28.588883458472303,150.776291293837,82.86985496037306,1,1,1,0
CDS 1 2023,Hard,64.84592894895798,49.44731551747497,36.32537854952582,150.61862301595878,101.1713074984838,1,1,1,1
Standard Mock,Moderate,64.59575488311066,48.52689962252588,55.17775813175065,168.30041263738718,119.77351301486131,1,1,1,1
CDS 2 2023,Moderate,65.77262367200919,38.10047176090511,20.490870714059874,124.36396614697416,86.26349438606906,0,1,0,0
CDS 2 2022,Easy,52.9918100016496,24.369518175751004,52.74063583516149,130.1019640125621,105.73244583681108,0,0,0,0
CDS 1 2022,Moderate,55.97689977247278,38.024545254217315,5.062933973393772,99.06437900008386,61.039833745866545,0,0,0,0
Standard Mock,Moderate,55.09051050268134,52.75953527065749,48.84871093794044,156.69875671127926,103.93922144062178,1,1,1,1
Standard Mock,Moderate,51.66858476671034,48.21398705435709,45.65963719731826,145.54220901838568,97.3282219640286,1,1,1,0
CDS 2 2022,Easy,65.37566858707252,43.11983543316233,27.97328492228008,136.46878894251495,93.34895350935261,0,1,0,0
CDS 1 2023,Hard,46.74902700054476,40.9346287237681,30.37169018523352,118.05534590954638,77.12071718577828,0,1,0,0
CDS 1 2023,Hard,70.44092663524046,7.509211675934708,33.08044134350268,111.03057965467785,103.52136797874314,0,0,0,1
CDS 2 2022,Easy,67.6264198787169,43.408348904661565,25.49983643832467,136.53460522170315,93.12625631704157,0,1,0,0
Standard Mock,Moderate,51.878305282736704,31.498207295516362,28.36661676487698,111.74312934313005,80.24492204761368,0,0,0,0
CDS 2 2023,Moderate,62.03482003452287,52.28001128699816,20.89197714909041,135.20680847061143,82.92679718361327,1,1,0,0
CDS 2 2022,Easy,87.3697107706163,51.585876347929336,26.70640941065936,165.661996529205,114.07612018127566,1,1,1,1
CDS 1 2022,Moderate,34.765426374875304,55.712605831577804,31.990647070298667,122.46867927675177,66.75607344517397,0,0,0,0
Standard Mock,Moderate,67.20639231357266,58.67116109710771,35.77363730284097,161.65119071352134,102.98002961641363,1,1,1,1
Standard Mock,Moderate,85.46054535942793,41.72974884708436,52.123046874375994,179.31334108088828,137.58359223380393,1,1,1,1
CDS 1 2022,Moderate,45.48896013533262,36.63620681259182,30.938485834261964,113.06365278218641,76.42744596959459,0,0,0,0
CDS 1 2022,Moderate,64.51347547864633,47.126130808915896,23.18806460570502,134.82767089326725,87.70154008435135,0,1,0,0
CDS 2 2022,Easy,73.3801405453631,43.644234127026444,38.99304127182823,156.0174159442178,112.37318181719134,1,1,1,1
CDS 1 2022,Moderate,71.74814057585692,44.06645932947044,16.21019055246173,132.0247904577891,87.95833112831865,0,1,0,0
CDS 2 2023,Moderate,59.58339976618665,50.165952672936974,35.15908658399631,144.90843902311994,94.74248635018296,1,1,1,0
CDS 1 2022,Moderate,66.10439819809493,43.58330061427583,34.64592560954649,144.33362442191725,100.75032380764142,1,1,0,0
Standard Mock,Moderate,55.92410655340304,57.45051989192238,28.884841979616454,142.25946842494187,84.8089485330195,1,1,0,0
CDS 2 2023,Moderate,53.53471520523485,48.22798898711845,43.467711090082446,145.23041528243573,97.00242629531729,1,1,1,0
CDS 2 2022,Easy,59.7874519314387,46.27055290332258,46.18407215744135,152.2420769922026,105.97152408888005,1,1,1,0
CDS 1 2022,Moderate,66.38184040728213,40.844103730896954,37.12726121191785,144.35320535009694,103.50910161919998,1,1,0,0
CDS 2 2023,Moderate,65.28634815334559,61.8902352697195,40.465897256886386,167.64248067995146,105.75224541023198,1,1,1,1
CDS 2 2022,Easy,74.66147012409296,41.468908585494844,44.91274020726283,161.04311891685063,119.57421033135579,1,1,1,1
CDS 1 2023,Hard,79.48586988174057,51.39115809138771,18.771070311425518,149.64809828455378,98.25694019316609,1,1,1,1
CDS 1 2022,Moderate,64.31283816886298,46.50838873345801,23.258576275188855,134.07980317750986,87.57141444405184,0,1,0,0
CDS 1 2022,Moderate,59.21247113755359,39.44026919663746,48.05582715810523,146.70856749229628,107.26829829565882,1,1,0,1
Standard Mock,Moderate,57.38054993575646,68.81715351748292,11.639303949787369,137.83700740302675,69.01985388554382,1,1,0,0
CDS 1 2023,Hard,44.29531756979929,38.78310604333763,32.6152869139134,115.69371052705031,76.91060448371269,0,1,0,0
Standard Mock,Moderate,59.0199903321666,68.05514952364362,43.09861984870875,170.17375970451897,102.11861018087535,1,1,1,1
CDS 2 2022,Easy,67.51493669941992,58.94669844072449,46.55078017630526,173.01241531644968,114.06571687572517,1,1,1,1
Standard Mock,Moderate,70.17531423930626,60.90468665299697,30.37083620513673,161.45083709743994,100.54615044444299,1,1,1,1
Standard Mock,Moderate,71.10499865647384,40.07822559196229,45.825370086829096,157.00859433526523,116.93036874330294,1,1,1,1
CDS 1 2022,Moderate,58.31662365762809,31.549895462051932,37.39466988780435,127.26118900748438,95.71129354543244,0,0,0,0
Standard Mock,Moderate,75.94920208086015,51.40713465125666,34.87723466497824,162.23357139709503,110.82643674583838,1,1,1,1
CDS 1 2023,Hard,49.22995560272797,32.75164137430275,19.38497952506382,101.36657650209455,68.6149351277918,0,0,0,0
CDS 2 2022,Easy,67.19204187633588,56.94149848723264,46.734288127536935,170.86782849110546,113.9263300038728,1,1,1,1
Standard Mock,Moderate,63.4672401624195,53.95498279494514,31.629736253186234,149.05195921055088,95.09697641560574,1,1,1,0
CDS 2 2023,Moderate,74.82832866385907,57.71450265903528,42.04789442438987,174.5907257472842,116.87622308824893,1,1,1,1
CDS 1 2023,Hard,57.94016399306631,27.46400163242508,17.974759443203183,103.37892506869457,75.91492343626949,0,0,0,0
CDS 2 2023,Moderate,64.54875800663844,53.27811463767394,34.89060948039914,152.71748212471152,99.43936748703757,1,1,1,0
CDS 2 2022,Easy,81.76423417844073,70.10663446891385,47.26035999229334,199.13122863964793,129.02459417073408,1,1,1,1
CDS 1 2022,Moderate,60.9468138947073,47.30560608942791,26.927843225155602,135.1802632092908,87.8746571198629,0,1,0,0
CDS 1 2022,Moderate,51.952481862808625,57.48469291842564,50.582949567724484,160.02012434895875,102.53543143053311,1,1,1,0
CDS 1 2023,Hard,60.205124966282796,15.759323025721294,39.88754561782483,115.85199360982892,100.09267058410762,0,1,0,1
CDS 1 2022,Moderate,65.8813795134266,47.91293161841207,21.893542156956272,135.68785328879494,87.77492167038287,0,1,0,0
Standard Mock,Moderate,56.88292407532786,50.738247467531465,41.61736612096948,149.2385376638288,98.50029019629733,1,1,1,0
CDS 1 2023,Hard,68.45117173611789,48.50937267559941,25.18482271253909,142.14536712425638,93.63599444865697,1,1,1,0
CDS 1 2022,Moderate,61.62223216898832,36.976602497723604,18.647097299284475,117.24593196599639,80.26932946827279,0,0,0,0
CDS 1 2022,Moderate,58.50121966477832,53.564676690685374,46.12292449891728,158.188820854381,104.6241441636956,1,1,1,0
CDS 1 2023,Hard,43.324991761192855,64.21367738551636,28.877470175622722,136.41613932233196,72.20246193681558,1,1,1,0
CDS 2 2023,Moderate,61.11223334840858,53.900875689074645,31.72674424927604,146.73985328675926,92.83897759768462,1,1,1,0
Standard Mock,Moderate,67.6339307958197,54.03089729245725,30.43831652519941,152.10314461347636,98.0722473210191,1,1,1,0
CDS 2 2022,Easy,61.71110503329191,57.03631789565541,47.193276018294384,165.94069894724169,108.90438105158628,1,1,1,1
CDS 2 2023,Moderate,64.81967827052893,38.144563391125686,27.408164538324957,130.37240619997957,92.22784280885388,1,1,0,0
CDS 2 2023,Moderate,69.45497304659395,51.42041690519234,34.20603618614506,155.08142613793137,103.66100923273902,1,1,1,1
CDS 2 2023,Moderate,56.936045729134804,40.70628023964411,43.98726774013644,141.62959370891537,100.92331346927125,1,1,0,0
CDS 1 2023,Hard,53.643987600991174,54.07561238997119,36.287942501625054,144.00754249258742,89.93193010261623,1,1,1,0
Standard Mock,Moderate,54.762407089733166,51.7589003243234,54.59683981955883,161.1181472336154,109.359246909292,1,1,1,1
CDS 1 2023,Hard,44.57071738191262,35.404009426198506,32.95241638871975,112.92714319683088,77.52313377063237,0,1,0,0
CDS 1 2023,Hard,59.34068487183177,40.89128428228174,29.657150018717296,129.8891191728308,88.99783489054906,1,1,0,0
CDS 1 2022,Moderate,50.884066234138544,34.12647159418761,44.9006123071636,129.91115013548975,95.78467854130214,0,1,0,0
CDS 1 2023,Hard,43.91235104595005,59.23413096613564,32.93888279317989,136.08536480526558,76.85123383912995,1,1,1,0
CDS 1 2022,Moderate,56.47406902935593,60.880082122362545,42.00972322703966,159.36387437875814,98.48379225639559,1,1,1,0
Standard Mock,Moderate,68.14684437294069,34.907439393671105,31.887917108263185,134.94220087487497,100.03476148120387,0,1,0,1
Standard Mock,Moderate,37.92452434328645,62.1370484227461,32.371595005376065,132.43316777140862,70.29611934866251,0,1,0,0
Standard Mock,Moderate,48.75834015238066,36.59816963937753,42.00209847518765,127.35860826694584,90.7604386275683,0,1,0,0
Standard Mock,Moderate,61.06072576386838,40.08605475793887,42.077916141550176,143.2246966633574,103.13864190541855,1,1,0,1
CDS 1 2023,Hard,56.704846806969144,48.46178390725812,26.67926930619737,131.84590002042464,83.38411611316651,1,1,0,0
CDS 2 2023,Moderate,62.35317168484637,66.70019952170372,35.565076744292675,164.61844795084278,97.91824842913906,1,1,1,0
CDS 2 2023,Moderate,66.62306142368303,46.969633190426855,28.09648133873711,141.689175952847,94.71954276242013,1,1,0,0
CDS 1 2022,Moderate,59.24101214920339,78.29411131928994,35.80319572625212,173.33831919474545,95.04420787545551,1,1,1,0
CDS 2 2022,Easy,68.70851892710996,48.486412339396416,19.64097429895224,136.83590556545863,88.34949322606221,0,1,0,0
CDS 1 2023,Hard,35.676279125041916,16.15227724328286,27.36161394363328,79.19017031195806,63.037893068675196,0,0,0,0
CDS 2 2022,Easy,56.28409528931572,59.60992213560973,24.792784703658803,140.68680212858425,81.07687999297453,1,1,0,0
CDS 2 2023,Moderate,60.005393626288786,46.745383337177685,38.02962307498731,144.7804000384538,98.0350167012761,1,1,1,0
CDS 1 2022,Moderate,46.05702249795582,71.06669472323344,40.13521369254735,157.2589309137366,86.19223619050317,1,1,1,0
CDS 2 2023,Moderate,64.09212578606547,30.86319388673466,30.74075400682434,125.69607367962446,94.8328797928898,0,1,0,0
CDS 1 2023,Hard,45.919330292400346,52.8774163215925,33.624317252576475,132.4210638665693,79.54364754497682,1,1,0,0
CDS 2 2023,Moderate,62.608661747219756,56.492138928326916,42.99887289705983,162.0996735726065,105.60753464427958,1,1,1,1
CDS 1 2023,Hard,60.065343913859174,42.08708214370183,24.73221123790995,126.88463729547095,84.79755515176913,1,1,0,0
CDS 1 2022,Moderate,51.516221961178616,51.970362372802946,35.17428952958102,138.66087386356259,86.69051149075963,1,1,0,0
CDS 2 2023,Moderate,76.78783807386856,53.778091571895665,21.902680256323677,152.4686099020879,98.69051833019223,1,1,1,0
CDS 1 2023,Hard,69.81236591623595,49.9953453139005,36.07078212671037,155.87849335684683,105.88314804294632,1,1,1,1
CDS 2 2023,Moderate,65.87694901867812,34.95026198265158,47.983344897754165,148.81055589908385,113.86029391643228,1,1,1,1
Standard Mock,Moderate,46.14073334029754,22.066054757139483,34.93665859534744,103.14344669278447,81.07739193564498,0,0,0,0
Standard Mock,Moderate,72.30645804178012,42.79979333898569,47.20715195495441,162.3134033357202,119.51360999673453,1,1,1,1
CDS 2 2023,Moderate,56.2922940333949,48.62424780527544,34.276525248493286,139.19306708716363,90.56881928188818,1,1,0,0
CDS 2 2023,Moderate,61.27173919194286,45.928483763898264,40.58232106878303,147.78254402462414,101.85406026072589,1,1,1,0
Standard Mock,Moderate,69.43193303477794,40.71643864952837,39.459477771253034,149.60784945555935,108.89141080603098,1,1,1,1
CDS 2 2022,Easy,78.35112667804097,53.89401027014228,26.41743013877513,158.66256708695838,104.7685568168161,1,1,1,0
CDS 2 2023,Moderate,69.66917401075467,51.71466776120582,27.769268950878555,149.15311072283905,97.43844296163323,1,1,1,0
CDS 2 2022,Easy,70.43339596999049,54.13026736487158,31.39476132018761,155.95842465504967,101.8281572901781,1,1,1,0
CDS 2 2022,Easy,63.4349616979079,82.6200982246093,34.48262148167707,180.53768140419425,97.91758317958497,1,1,1,0
Standard Mock,Moderate,52.36893646554525,43.2863877974263,45.04930294067883,140.70462720365038,97.41823940622407,1,1,0,0
Standard Mock,Moderate,49.13363811114718,55.78912061265001,36.02814243155069,140.95090115534788,85.16178054269787,1,1,0,0
CDS 1 2023,Hard,64.2050957506568,75.3429554792212,42.49812088524055,182.04617211511857,106.70321663589735,1,1,1,1
CDS 1 2022,Moderate,62.50514203755597,53.434491921538694,28.36907826174612,144.3087122208408,90.8742202993021,1,1,0,0
CDS 1 2022,Moderate,57.337870495935086,32.43402844361134,44.259661298522296,134.03156023806872,101.59753179445738,0,1,0,0
CDS 1 2023,Hard,78.68334542400437,19.791951786446024,36.848384758204105,135.3236819686545,115.53173018220848,1,1,1,1
CDS 2 2022,Easy,57.90971097685028,69.11612867405745,48.16081044113939,175.1866500920471,106.07052141798967,1,1,1,0
CDS 2 2022,Easy,52.277623727680364,31.63192152805692,47.13025850432949,131.03980376006677,99.40788223200985,0,0,0,0
CDS 1 2023,Hard,54.10664134528954,33.381811238764236,38.89637473682565,126.38482732087942,93.00301608211518,1,1,0,0
CDS 2 2023,Moderate,44.93077700861986,40.74337360037426,36.46214796377559,122.13629857276973,81.39292497239546,0,1,0,0
CDS 2 2022,Easy,71.29558366065835,45.7283573241628,31.146735677819397,148.17067666264055,102.44231933847774,1,1,0,0
CDS 2 2023,Moderate,39.789976791237564,46.069140740680815,36.699447110514825,122.5585646424332,76.48942390175239,0,1,0,0
CDS 1 2023,Hard,43.11615329259929,52.32484360772967,31.550389710136734,126.9913866104657,74.66654300273603,1,1,0,0
CDS 2 2022,Easy,62.8443205658105,58.27973499502197,42.68166949821974,163.8057250590522,105.52599006403024,1,1,1,0
CDS 2 2022,Easy,52.9567017282104,49.349802038532594,60.56585820707596,162.87236197381895,113.52255993528635,1,1,1,1
CDS 1 2022,Moderate,66.5611620186027,46.32485847461098,42.6921527722905,155.57817326550418,109.2533147908932,1,1,1,1
Standard Mock,Moderate,66.06795025059634,30.988322913271126,37.458192218163894,134.51446538203137,103.52614246876024,0,1,0,1
CDS 2 2023,Moderate,56.677272987499116,42.459059503846476,28.87449097645938,128.01082346780498,85.55176396395849,0,1,0,0
CDS 2 2023,Moderate,46.95996822163362,67.22391185536095,46.2643371674603,160.4482172444549,93.22430538909393,1,1,1,0
CDS 2 2023,Moderate,69.78002975998409,43.864381955902125,47.705292241471426,161.34970395735763,117.48532200145551,1,1,1,1
CDS 2 2022,Easy,58.63743165013963,62.72877907548667,32.21412953188288,153.5803402575092,90.85156118202252,1,1,1,0
Standard Mock,Moderate,62.2706305314415,63.541782530344115,34.227782884015745,160.04019594580134,96.49841341545724,1,1,1,0
CDS 2 2022,Easy,69.04941353815343,46.829094050371666,31.61342362479415,147.49193121331925,100.66283716294758,1,1,0,0
CDS 2 2023,Moderate,66.81993299254145,54.620162787071635,45.41732852654597,166.85742430615906,112.23726151908743,1,1,1,1
CDS 1 2022,Moderate,78.96888747872082,53.29243001820915,51.35007165731419,183.61138915424416,130.318959136035,1,1,1,1
Standard Mock,Moderate,51.61419340518498,43.35141905982342,21.900124882682324,116.86573734769073,73.5143182878673,0,0,0,0
CDS 2 2023,Moderate,67.53213446416157,53.0093644129296,53.26647079311938,173.80796967021055,120.79860525728095,1,1,1,1
CDS 2 2022,Easy,76.68722794231236,62.473229502730604,37.54692513812198,176.70738258316493,114.23415308043434,1,1,1,1
CDS 1 2023,Hard,63.23356829477173,35.03873437148188,14.163245793179774,112.43554845943338,77.3968140879515,0,1,0,0
CDS 2 2022,Easy,74.4970038427787,40.6418194221888,42.74468335636565,157.88350662133314,117.24168719914434,1,1,1,1
CDS 2 2023,Moderate,35.69877624272644,47.14097168527345,31.342192546979938,114.18194047497983,67.04096878970637,0,0,0,0
CDS 1 2023,Hard,46.16077050171654,46.076640966794734,31.144679496223954,123.38209096473523,77.3054499979405,1,1,0,0
CDS 2 2022,Easy,71.70687170726232,39.22857882630256,16.44081075067678,127.37626128424165,88.1476824579391,0,0,0,0
Standard Mock,Moderate,56.95377351645264,53.870808162600426,40.721731310374636,151.5463129894277,97.67550482682728,1,1,1,0
Standard Mock,Moderate,64.71869947876675,44.06839875228047,31.165820580310683,139.9529188113579,95.88452005907743,1,1,0,0
CDS 1 2023,Hard,47.71670731578259,28.95413454712506,36.145553024846784,112.81639488775444,83.86226034062938,0,1,0,0
CDS 1 2022,Moderate,68.5003639518957,47.45946625853816,37.07853238137646,153.0383625918103,105.57889633327216,1,1,1,1
CDS 1 2022,Moderate,53.43289600223533,40.228166923463455,21.444581388358735,115.10564431405751,74.87747739059407,0,0,0,0
CDS 1 2022,Moderate,56.69993131375114,45.63173813598403,11.309756884187486,113.64142633392265,68.00968819793863,0,0,0,0
CDS 2 2022,Easy,74.24357368026006,49.04552949110191,45.67217905433873,168.9612822257007,119.91575273459878,1,1,1,1
CDS 1 2023,Hard,55.469362984152276,41.78512880002835,25.550683444624003,122.80517522880464,81.02004642877628,1,1,0,0
CDS 2 2022,Easy,80.40107823744032,61.24953166831303,49.68498802624876,191.33559793200212,130.08606626368908,1,1,1,1
CDS 1 2023,Hard,50.07115087616282,19.757476583523363,35.99950714355871,105.82813460324488,86.07065801972152,0,0,0,0
CDS 1 2023,Hard,52.4764651800911,48.88505456857302,34.6696913585916,136.03121110725573,87.1461565386827,1,1,1,0
Standard Mock,Moderate,66.6988449021574,45.6513002509934,37.948306892096944,150.29845204524776,104.64715179425434,1,1,1,1
CDS 1 2023,Hard,60.37975969826489,29.863872840481,22.377111675309596,112.62074421405549,82.75687137357448,0,1,0,0
CDS 2 2023,Moderate,60.61734676460297,26.092617857224244,36.731976427087474,123.44194104891469,97.34932319169044,0,1,0,0
CDS 2 2023,Moderate,64.55146380949519,47.072577150404456,42.72728377919393,154.35132473909357,107.27874758868913,1,1,1,1
CDS 2 2022,Easy,88.74466283283992,50.66695403935756,33.17064893684814,172.58226580904562,121.91531176968806,1,1,1,1
CDS 2 2023,Moderate,56.049330938727906,44.05530224440451,34.23812388708983,134.34275707022223,90.28745482581773,1,1,0,0
CDS 2 2022,Easy,50.93189455395128,53.828551650711084,34.53451703763525,139.29496324229763,85.46641159158654,0,1,0,0
Standard Mock,Moderate,72.28572082061997,64.02568677420786,57.02243273372913,193.33384032855696,129.3081535543491,1,1,1,1
CDS 1 2022,Moderate,52.246209703273934,46.08805706988779,28.041903893738343,126.37617066690007,80.28811359701228,0,0,0,0
CDS 2 2023,Moderate,77.84558888853586,32.06991011355083,33.345759478181066,143.26125848026777,111.19134836671692,1,1,1,1
Standard Mock,Moderate,54.98822863046965,56.279283322753045,42.57056001819417,153.83807197141687,97.55878864866382,1,1,1,0
Standard Mock,Moderate,57.99783333508344,20.721933569438015,41.83414673560031,120.55391364012178,99.83198007068376,0,0,0,0
CDS 1 2023,Hard,56.03829235032698,30.005640698145577,36.88548337094904,122.92941641942159,92.92377572127602,1,1,0,0
CDS 1 2022,Moderate,51.63661463503712,67.07874713772833,16.335518472365248,135.0508802451307,67.97213310740237,0,1,0,0
CDS 1 2022,Moderate,52.79846022978433,55.247004497800496,37.410432778621114,145.45589750620596,90.20889300840545,1,1,0,0
CDS 2 2023,Moderate,75.12067949141453,41.52684247465898,33.46102226014365,150.10854422621716,108.58170175155819,1,1,1,1
CDS 1 2023,Hard,56.73067648570554,37.957929623190594,40.2726422123383,134.96124832123445,97.00331869804384,1,1,0,0
CDS 1 2023,Hard,45.451309184159236,25.344431384737298,17.6739375334771,88.46967810237363,63.12524671763634,0,0,0,0
CDS 1 2023,Hard,63.64391497406665,32.709749080951475,27.43500418954551,123.78866824456364,91.07891916361216,1,1,0,0
Standard Mock,Moderate,52.84032776816058,45.126538874812994,35.850458602001815,133.8173252449754,88.69078637016239,0,1,0,0
CDS 1 2023,Hard,52.26867856280747,58.4561953823396,40.794591422485915,151.519465367633,93.06326998529339,1,1,1,0
CDS 2 2022,Easy,48.899783270910035,45.677654816543296,43.27592731142958,137.8533653988829,92.1757105823396,0,1,0,0
CDS 2 2022,Easy,62.51748886138906,52.44736099682897,43.092783851266944,158.05763370948497,105.61027271265601,1,1,1,0
Standard Mock,Moderate,62.30459880627633,51.53492160648384,41.72970206031918,155.56922247307935,104.03430086659552,1,1,1,1
CDS 2 2023,Moderate,53.531636958323766,30.723536440583572,28.708003930296762,112.9631773292041,82.23964088862053,0,0,0,0
CDS 2 2022,Easy,56.46079702479282,45.49595711085706,59.62068361898528,161.57743775463516,116.0814806437781,1,1,1,1
Standard Mock,Moderate,48.066211875561805,46.675622888497685,38.199278618447735,132.94111338250724,86.26549049400954,0,1,0,0
CDS 2 2022,Easy,63.044067631507744,61.589520106700384,54.0904596641209,178.72404740232903,117.13452729562864,1,1,1,1
CDS 1 2023,Hard,49.70007068296525,33.96896183313178,26.60419265926576,110.2732251753628,76.30426334223101,0,0,0,0
CDS 1 2023,Hard,63.74739621580257,18.482157970550194,27.5348189643749,109.76437315072766,91.28221518017747,0,0,0,0
CDS 2 2022,Easy,64.51680321265655,81.21076722105883,24.629739988720708,170.3573104224361,89.14654320137726,1,1,1,0
CDS 1 2023,Hard,45.34332086152769,43.09843281641364,28.705081877138156,117.14683555507949,74.04840273866584,0,1,0,0
CDS 2 2023,Moderate,57.1134183932077,53.06192743393053,32.09969598533807,142.2750418124763,89.21311437854578,1,1,1,0
CDS 1 2023,Hard,70.26215958796278,57.742166542882515,36.14007265453838,164.14439878538366,106.40223224250116,1,1,1,1
CDS 2 2022,Easy,54.53380891906498,56.86295262469935,43.17362633255361,154.57038787631794,97.70743525161859,1,1,1,0
CDS 1 2022,Moderate,63.510912916767346,45.35053020249535,48.762319706355726,157.62376282561843,112.27323262312308,1,1,1,1
CDS 1 2023,Hard,50.944966334459124,18.661567269209833,34.27184637934931,103.87837998301828,85.21681271380844,0,0,0,0
CDS 1 2023,Hard,52.63147950877822,28.9556966043169,28.926418485716376,110.5135945988115,81.5578979944946,0,0,0,0
Standard Mock,Moderate,70.57059011356577,46.36952341963445,24.377596826567157,141.31771035976737,94.94818694013293,1,1,0,0
CDS 2 2023,Moderate,62.93157225322968,47.87332278142976,48.53451561476118,159.33941064942064,111.46608786799086,1,1,1,1
CDS 2 2023,Moderate,69.3615359412821,49.48149067402971,42.00595397277127,160.8489805880831,111.36748991405338,1,1,1,1
CDS 1 2023,Hard,44.10486591726544,41.278064817030234,18.523353112765207,103.90628384706088,62.62821903003065,0,0,0,0
CDS 1 2022,Moderate,54.57303126097386,56.95027821718293,44.19261091681292,155.71592039496971,98.76564217778679,1,1,1,0
CDS 1 2023,Hard,53.1538900556295,46.12882659528728,20.738296608469845,120.02101325938662,73.89218666409934,1,1,0,0
CDS 2 2023,Moderate,49.8205055386485,36.24701114141814,27.41536077069135,113.482877450758,77.23586630933985,0,0,0,0
CDS 2 2023,Moderate,58.61498978060047,47.939509557317656,46.70192334070562,153.25642267862375,105.31691312130609,1,1,1,1
CDS 1 2022,Moderate,55.567813075723045,54.625495016758116,19.743850699547558,129.93715879202873,75.3116637752706,0,1,0,0
CDS 2 2022,Easy,57.19595394071372,50.749376609000315,41.17517619158097,149.120506741295,98.3711301322947,1,1,0,0
CDS 1 2023,Hard,63.38177219599437,39.29288374572338,28.742108863771584,131.41676480548932,92.12388105976595,1,1,0,0
CDS 2 2022,Easy,69.8574714745546,65.66136316430266,61.06940182263186,196.58823646148912,130.92687329718646,1,1,1,1
CDS 2 2022,Easy,64.1139389365139,48.70168647610679,40.031979906152884,152.84760531877356,104.14591884266679,1,1,1,0
CDS 2 2022,Easy,55.50004296480305,45.73421243545669,34.47249212933678,135.70674752959653,89.97253509413983,0,1,0,0
CDS 1 2023,Hard,61.533683837958854,55.998526736560535,21.430441137048113,138.9626517115675,82.96412497500697,1,1,1,0
CDS 1 2023,Hard,62.5204638361883,40.00382333758082,30.164013834941347,132.68830100871045,92.68447767112964,1,1,0,0
CDS 2 2022,Easy,59.42718690385446,68.05710955850307,42.70084411347764,170.1851405758352,102.1280310173321,1,1,1,0
CDS 1 2022,Moderate,52.968435377441864,56.43861905828093,19.666079110812696,129.07313354653547,72.63451448825455,0,1,0,0
CDS 1 2022,Moderate,63.243659742438005,39.19930354903059,23.798011985588204,126.2409752770568,87.04167172802622,0,0,0,0
Standard Mock,Moderate,51.40895725949859,44.115806951505746,27.75467730965751,123.27944152066185,79.1636345691561,0,0,0,0
CDS 1 2022,Moderate,57.33452695719253,38.90203416600086,28.4920634493154,124.72862457250879,85.82659040650793,0,0,0,0
CDS 1 2022,Moderate,57.712156560806186,44.20444156362186,36.676915348595614,138.59351347302365,94.38907190940179,1,1,0,0
CDS 1 2022,Moderate,71.58667023341302,28.90984971769565,40.08087714420786,140.57739709531654,111.66754737762088,1,1,0,1
CDS 2 2022,Easy,70.23727765413854,49.783180382509705,46.05543982585583,166.07589786250406,116.29271747999437,1,1,1,1
CDS 1 2023,Hard,40.04802412696844,39.90749618221307,30.06453407528909,110.0200543844706,70.11255820225753,0,0,0,0
Standard Mock,Moderate,48.78353763466805,46.94935744255873,20.487807837400645,116.22070291462742,69.2713454720687,0,0,0,0
CDS 1 2022,Moderate,57.66922807949178,46.999071183041266,30.827346346776064,135.49564560930912,88.49657442626784,0,1,0,0
Standard Mock,Moderate,48.97223626179681,54.39990036737217,30.65179387133886,134.02393050050784,79.62403013313568,0,1,0,0
CDS 2 2023,Moderate,56.50029919648711,42.32769266731714,18.28027528207448,117.10826714587873,74.78057447856159,0,0,0,0
CDS 1 2022,Moderate,49.298415364931394,51.82604884056511,37.67136296461731,138.7958271701138,86.9697783295487,1,1,0,0
CDS 2 2022,Easy,48.412253749139694,41.6537643846573,47.59012970582189,137.65614783961888,96.00238345496157,0,1,0,0
CDS 2 2022,Easy,80.59182290482352,40.043278017530056,39.51223735499383,160.1473382773474,120.10406025981735,1,1,1,1
CDS 2 2023,Moderate,48.58013929307319,43.30440132121947,38.480952917873445,130.3654935321661,87.06109221094664,1,1,0,0
CDS 1 2022,Moderate,59.03346090381859,39.6090712292511,51.1278023269704,149.7703344600401,110.16126323078899,1,1,1,1
CDS 1 2022,Moderate,60.599628576957066,51.246161705596805,49.19844487373053,161.0442351562844,109.7980734506876,1,1,1,1
CDS 1 2023,Hard,38.933972646419946,26.04396570659867,34.0431120938571,99.0210504468757,72.97708474027704,0,0,0,0
CDS 2 2022,Easy,79.06807528732965,90.63411409294798,31.77132395002022,201.47351333029786,110.83939923734987,1,1,1,1
Standard Mock,Moderate,74.67375988327679,48.24016566001933,27.033874303720214,149.9477998470163,101.707634186997,1,1,1,1
CDS 2 2023,Moderate,67.53644281633464,53.30803511971437,42.83660474226708,163.68108267831607,110.37304755860171,1,1,1,1
CDS 2 2023,Moderate,72.5215903696611,43.5993879770876,33.77031053365631,149.891288880405,106.29190090331741,1,1,1,1
CDS 1 2022,Moderate,56.531360120753895,52.382172483631756,43.58373231972127,152.49726492410693,100.11509244047517,1,1,1,0
CDS 2 2023,Moderate,62.91283665690256,23.38737110575374,42.952342492571816,129.25255025522813,105.86517914947439,0,1,0,1
CDS 2 2022,Easy,68.1006882387515,75.02569697560847,42.18568888873716,185.31207410309713,110.28637712748866,1,1,1,1
CDS 2 2022,Easy,49.71412017736333,55.90490954709599,55.57186632376758,161.1908960482269,105.2859865011309,1,1,1,0
CDS 2 2022,Easy,69.88989530660045,61.72913521606688,56.75918787609376,188.37821839876108,126.64908318269421,1,1,1,1
Standard Mock,Moderate,64.00368289462561,42.198262380067476,37.422911858023184,143.62485713271627,101.4265947526488,1,1,0,1
CDS 2 2023,Moderate,59.71510875489607,47.46519720689422,27.844872338772515,135.0251783005628,87.55998109366858,1,1,0,0
CDS 1 2022,Moderate,36.64069302944903,46.539152954596496,39.290395675675484,122.47024165972101,75.93108870512452,0,0,0,0
CDS 1 2023,Hard,51.63796263333236,22.79723292441471,31.758064671521147,106.19326022926822,83.3960273048535,0,0,0,0
CDS 1 2022,Moderate,79.29269996621282,46.24986680433373,33.972325385124,159.51489215567054,113.26502535133682,1,1,1,1
CDS 1 2022,Moderate,50.34603789867077,64.64351868327937,35.23946382449261,150.22902040644277,85.58550172316339,1,1,1,0
Standard Mock,Moderate,70.35916209432034,54.55678742000726,43.54437751140556,168.46032702573316,113.9035396057259,1,1,1,1
Standard Mock,Moderate,56.4145747243739,45.58753473760038,20.49836832963298,122.50047779160727,76.91294305400689,0,0,0,0
CDS 2 2022,Easy,62.641285354663225,58.712685309517845,50.48794439671241,171.84191506089348,113.12922975137563,1,1,1,1
CDS 1 2023,Hard,71.12311527903549,34.522052685950854,39.57990832030539,145.22507628529172,110.70302359934088,1,1,1,1
CDS 1 2023,Hard,37.04870803380132,56.31262267876893,41.084601871531845,134.44593258410208,78.13330990533316,1,1,0,0
CDS 2 2022,Easy,51.33788409097774,59.58540604711021,55.09240019827501,166.01569033636295,106.43028428925274,1,1,1,0
CDS 2 2022,Easy,66.60685498125653,71.13622207876737,56.147832542473274,193.89090960249717,122.75468752372981,1,1,1,1
CDS 1 2023,Hard,61.51330951995204,47.39673148636431,33.78573652649587,142.6957775328122,95.2990460464479,1,1,1,0
CDS 1 2023,Hard,50.99942566117474,29.172194144865486,29.559188402141434,109.73080820818166,80.55861406331617,0,0,0,0
CDS 2 2022,Easy,61.669602242610814,47.37633556454003,36.33366121331067,145.3795990204615,98.00326345592148,1,1,0,0
Standard Mock,Moderate,61.36746502648463,54.026816644223686,31.760191492994228,147.15447316370256,93.12765651947886,1,1,1,0
CDS 2 2023,Moderate,43.776793867062345,49.57861968212995,33.866452058927,127.22186560811929,77.64324592598935,0,1,0,0
CDS 2 2022,Easy,61.89370760163119,35.97704787124171,38.27607300190769,136.1468284747806,100.16978060353888,0,1,0,0
Standard Mock,Moderate,63.56477104669492,53.922447530445204,41.4760598256707,158.96327840281083,105.04083087236563,1,1,1,1
CDS 2 2023,Moderate,70.38727059442184,53.744174167811245,37.01529605782502,161.1467408200581,107.40256665224686,1,1,1,1
CDS 1 2023,Hard,56.56090738456852,21.073244366414535,35.50040575673995,113.134557507723,92.06131314130847,0,1,0,0
CDS 1 2023,Hard,46.06419032021989,10.474770134845535,42.69519725626473,99.23415771133014,88.75938757648461,0,0,0,0
CDS 1 2023,Hard,53.59822070174656,38.88087201349882,39.37819967686455,131.85729239210994,92.97642037861111,1,1,0,0
CDS 2 2023,Moderate,55.94988928549303,43.76255783997064,36.29421676815301,136.0066638936167,92.24410605364604,1,1,0,0
Standard Mock,Moderate,60.30849492756939,61.30409303946869,28.166189634798705,149.7787776018368,88.4746845623681,1,1,1,0
CDS 2 2022,Easy,79.2326492106566,38.36212695170508,38.66609677888378,156.26087294124545,117.89874598954037,1,1,1,1
Standard Mock,Moderate,54.761568296866045,54.066466522838496,33.16011339897036,141.9881482186749,87.92168169583641,1,1,0,0
Standard Mock,Moderate,49.919867768293216,54.128113654305686,27.308376813578494,131.35635823617739,77.2282445818717,0,1,0,0
CDS 1 2022,Moderate,69.38908832039557,32.00139535258805,28.784059548293158,130.1745432212768,98.17314786868873,0,1,0,0
Standard Mock,Moderate,92.84118201287885,44.79595485879562,42.833042370887135,180.4701792425616,135.674224383766,1,1,1,1
CDS 2 2023,Moderate,68.6903127553084,58.405882669202235,33.75543370285578,160.8516291273664,102.44574645816418,1,1,1,1
CDS 1 2023,Hard,56.593931977762225,38.63701758123054,30.730175185340585,125.96112474433335,87.32410716310281,1,1,0,0
CDS 1 2023,Hard,40.5261866653691,28.70159295678708,45.50475919514512,114.7325388173013,86.03094586051422,0,1,0,0
CDS 2 2022,Easy,51.39976423689406,43.46233823787392,37.87140117243633,132.73350364720432,89.2711654093304,0,1,0,0
Standard Mock,Moderate,59.48287209439729,59.94363480635067,41.87763848561769,161.30414538636563,101.36051058001497,1,1,1,1
CDS 2 2022,Easy,73.14730721621682,55.59510193193903,36.9436794521432,165.68608860029906,110.09098666836002,1,1,1,1
CDS 1 2022,Moderate,64.0787905089749,54.84701640143832,17.422125760579274,136.3479326709925,81.50091626955418,1,1,0,0
CDS 1 2022,Moderate,45.42700712416168,43.14581898429966,55.40346598906489,143.97629209752623,100.83047311322657,1,1,0,0
CDS 1 2023,Hard,53.15124822805409,32.44035961773172,23.842343206097155,109.43395105188296,76.99359143415124,0,0,0,0
CDS 2 2022,Easy,87.7409356914324,36.40957065822594,49.40369688623298,173.55420323589132,137.1446325776654,1,1,1,1
Standard Mock,Moderate,75.04212900685229,44.62545045254054,46.932422751414315,166.60000221080716,121.97455175826661,1,1,1,1
CDS 2 2022,Easy,68.06696942029838,78.67095885336319,39.85055920578926,186.5884874794508,107.91752862608763,1,1,1,1
CDS 2 2022,Easy,57.0370981100791,49.86225602808634,41.46010609775727,148.3594602359227,98.49720420783638,1,1,0,0
CDS 1 2023,Hard,40.66959595382146,25.82120105077105,47.5331060404399,114.02390304503241,88.20270199426136,0,1,0,0
CDS 1 2022,Moderate,62.20129187487776,43.21115352908288,17.592993936196645,123.00543934015728,79.7942858110744,0,0,0,0
CDS 2 2023,Moderate,64.21968821433458,55.04162220882786,26.752660204976372,146.0139706281388,90.97234841931095,1,1,1,0
CDS 2 2022,Easy,62.30958908111918,71.34113096008268,51.600825123986134,185.251545165188,113.91041420510531,1,1,1,1
CDS 2 2022,Easy,59.132552392699886,57.201450717666795,40.76732859392957,157.10133170429626,99.89988098662946,1,1,1,0
CDS 2 2022,Easy,71.19349295434698,57.282531512114105,40.143819962442656,168.61984442890375,111.33731291678964,1,1,1,1
Standard Mock,Moderate,57.5659352520488,63.575282322421586,36.152398669720185,157.29361624419056,93.71833392176899,1,1,1,0
CDS 1 2023,Hard,61.46083241211854,48.67684388962694,35.61004511554695,145.74772141729244,97.07087752766549,1,1,1,0
CDS 2 2023,Moderate,58.46191222118964,34.97791585997106,38.1882704357953,131.62809851695602,96.65018265698495,1,1,0,0
Standard Mock,Moderate,72.68807656316957,46.954219291974894,7.1703956765677965,126.81269153171226,79.85847223973737,0,1,0,0
CDS 1 2022,Moderate,71.40895977150274,52.797359011402214,21.361320663706586,145.56763944661154,92.77028043520932,1,1,0,0
Standard Mock,Moderate,53.19233553420973,59.351291527673254,31.311967348111313,143.8555944099943,84.50430288232104,1,1,0,0
CDS 1 2023,Hard,56.9805692588515,28.28289352322082,13.725153056925098,98.98861583899742,70.7057223157766,0,0,0,0
CDS 1 2023,Hard,64.75335734888759,60.97762687029142,33.59154174554398,159.32252596472298,98.34489909443157,1,1,1,1
CDS 2 2023,Moderate,76.82647594013298,78.03885366083387,31.577548698532084,186.44287829949894,108.40402463866506,1,1,1,1
CDS 1 2022,Moderate,60.24479669851911,40.39632160907307,25.373314655909745,126.01443296350193,85.61811135442886,0,0,0,0
CDS 1 2023,Hard,32.43274894710581,59.137143868526366,42.85615206599425,134.4260448816264,75.28890101310006,1,1,0,0
CDS 1 2022,Moderate,49.84492561186679,49.14729052935093,32.72115711618094,131.71337325739867,82.56608272804773,0,1,0,0
CDS 1 2023,Hard,45.396469478578865,37.47570875467706,15.959183749830707,98.83136198308662,61.35565322840957,0,0,0,0
Standard Mock,Moderate,56.78920570540753,50.672592751211575,31.115887590112248,138.57768604673134,87.90509329551978,1,1,0,0
CDS 2 2022,Easy,79.29519658525992,57.045315984656355,36.96907280308274,173.309585372999,116.26426938834265,1,1,1,1
CDS 2 2022,Easy,72.26870523744935,47.626917706625896,45.54142926512749,165.43705220920273,117.81013450257684,1,1,1,1
CDS 1 2023,Hard,55.963771231140356,26.45978394987067,34.380318561352425,116.80387374236345,90.34408979249278,0,1,0,0
CDS 2 2022,Easy,77.63539010796508,46.32663693466608,54.31588905214111,178.27791609477228,131.9512791601062,1,1,1,1
CDS 2 2023,Moderate,61.93670018348169,41.45263012405497,41.42278256671032,144.81211287424696,103.359482750192,1,1,1,1
CDS 2 2023,Moderate,64.81613845688095,30.38498186833439,36.63255626292165,131.833676588137,101.4486947198026,1,1,0,0
CDS 2 2022,Easy,69.59161315978558,66.27043421994456,28.998575837289643,164.8606232170198,98.59018899707522,1,1,1,0
CDS 1 2022,Moderate,53.28788924866111,64.4673469613589,33.38714566338855,151.14238187340857,86.67503491204965,1,1,1,0
CDS 2 2023,Moderate,64.96381646528845,35.82100115041099,24.205260804254547,124.99007841995399,89.169077269543,0,1,0,0
CDS 1 2022,Moderate,54.00697211376274,52.29959777919322,38.94644083356666,145.25301072652263,92.95341294732941,1,1,0,0
CDS 1 2023,Hard,46.568976953371305,43.37900086103001,20.662324115085127,110.61030192948644,67.23130106845643,0,0,0,0
CDS 1 2022,Moderate,58.18139934209838,48.43924387875695,56.572158874477374,163.1928020953327,114.75355821657575,1,1,1,1
CDS 1 2023,Hard,73.14252827700275,21.121444725259515,20.63693121516528,114.90090421742755,93.77945949216803,0,1,0,0
CDS 1 2022,Moderate,48.79914867474466,69.0732190763224,46.89129781453467,164.76366556560174,95.69044648927932,1,1,1,0
Standard Mock,Moderate,52.17820546047366,33.97222907745,30.394339702404423,116.54477424032808,82.57254516287809,0,0,0,0
Standard Mock,Moderate,41.88360152881613,50.67624363554596,42.184116977766294,134.7439621421284,84.06771850658242,0,1,0,0
CDS 1 2023,Hard,55.10487982673875,59.67948018194393,18.799547702692962,133.58390771137564,73.90442752943171,1,1,0,0
CDS 2 2023,Moderate,54.96643261950527,30.54526313706331,40.33626424816476,125.84796000473332,95.30269686767002,0,1,0,0
Standard Mock,Moderate,58.094748103799624,51.92490261663969,37.91374456238584,147.93339528282516,96.00849266618546,1,1,1,0
CDS 2 2022,Easy,66.54648543236625,41.433754527604464,44.945224920487725,152.92546488045843,111.49171035285397,1,1,1,1
CDS 2 2022,Easy,66.97372605439661,57.780072210340734,41.13757683480277,165.8913750995401,108.11130288919938,1,1,1,1
CDS 1 2023,Hard,55.723452173191816,24.186402974692314,19.81429780869282,99.72415295657696,75.53774998188464,0,0,0,0
CDS 1 2023,Hard,32.85731814115449,49.93189011682239,36.54027607876238,119.32948433673926,69.39759421991687,0,1,0,0
CDS 2 2022,Easy,73.43550291222121,29.40256938738267,43.06789962461452,145.9059719242184,116.50340253683572,1,1,0,1
CDS 1 2022,Moderate,49.73289508214734,49.62621603350154,36.70415417593112,136.06326529158,86.43704925807846,1,1,0,0
CDS 2 2023,Moderate,57.77251786847979,48.139820492222945,38.68917202908247,144.6015103897852,96.46168989756225,1,1,1,0
CDS 1 2023,Hard,56.207704655513616,51.784131833459085,24.88747733734387,132.87931382631658,81.09518199285749,1,1,0,0
Standard Mock,Moderate,55.69228391319616,38.74801184617526,21.693509169793735,116.13380492916515,77.38579308298989,0,0,0,0
Standard Mock,Moderate,56.5153380863802,47.49278401878249,44.940027883688465,148.94814998885116,101.45536597006867,1,1,1,1
CDS 2 2022,Easy,63.13851781034351,64.42579107795491,27.513365752373726,155.07767464067214,90.65188356271723,1,1,1,0
CDS 2 2022,Easy,58.48047845976615,72.76219692258238,38.99972141058664,170.24239679293515,97.48019987035278,1,1,1,0
CDS 1 2023,Hard,60.08763331049305,18.765877163770334,16.973967618278607,95.82747809254198,77.06160092877165,0,0,0,0
CDS 1 2023,Hard,54.35689549880754,47.78256097159597,20.29807508100156,122.43753155140507,74.6549705798091,1,1,0,0
CDS 2 2022,Easy,65.42263064964979,46.51908182029176,41.65384769023863,153.59556016018018,107.07647833988841,1,1,1,1
CDS 2 2022,Easy,82.41383655286705,51.65698331491942,68.42593728010459,202.49675714789106,150.83977383297164,1,1,1,1
CDS 1 2023,Hard,58.530392484150006,36.88375763870717,30.7793387445145,126.19348886737168,89.3097312286645,1,1,0,0
CDS 1 2023,Hard,46.67929532267203,26.37283281369371,21.320256100156183,94.37238423652192,67.99955142282822,0,0,0,0
CDS 2 2023,Moderate,64.05240025549145,17.060485798313636,29.803255217963645,110.91614127176874,93.8556554734551,0,0,0,0
CDS 2 2022,Easy,69.44858220598323,71.16007601681375,39.61738717535844,180.2260453981554,109.06596938134166,1,1,1,1
CDS 1 2023,Hard,58.731223970910094,13.243880311240225,18.170611229517622,90.14571551166793,76.90183520042771,0,0,0,0
CDS 2 2022,Easy,57.80527615662063,66.31791041200199,33.74892579306347,157.8721123616861,91.5542019496841,1,1,1,0
CDS 1 2022,Moderate,59.91129067710427,32.10200333156838,46.33688498098509,138.35017898965776,106.24817565808937,1,1,0,1
Standard Mock,Moderate,69.65264384380448,23.781190662825644,42.20989153430919,135.64372604093933,111.86253537811368,1,1,0,1
CDS 1 2023,Hard,68.22617841260772,44.70453404642207,30.74766793413082,143.6783803931606,98.97384634673854,1,1,1,1
CDS 1 2023,Hard,46.35103887571577,25.76977204913356,40.20197610337578,112.32278702822512,86.55301497909156,0,1,0,0
CDS 2 2022,Easy,73.32092018373946,43.309990861933336,48.20607475908671,164.8369858047595,121.52699494282618,1,1,1,1
Standard Mock,Moderate,79.83373599422575,55.84671132325229,37.31528480217519,172.99573211965324,117.14902079640095,1,1,1,1
CDS 2 2023,Moderate,44.72879204664244,33.30531671729892,56.17730003008565,134.21140879402702,100.90609207672809,1,1,0,0
CDS 1 2022,Moderate,70.2488643276593,40.57213436582781,25.052282820683047,135.87328151417017,95.30114714834235,0,1,0,0
CDS 1 2023,Hard,62.88754043885447,24.744589010630776,38.22042170940126,125.8525511588865,101.10796214825572,1,1,0,1
CDS 2 2022,Easy,75.90472169056994,43.74455909386129,50.44980495133194,170.09908573576317,126.35452664190188,1,1,1,1
Standard Mock,Moderate,75.9864759359111,40.502729006668616,20.43142371751962,136.92062866009934,96.41789965343072,1,1,0,0
CDS 1 2022,Moderate,64.79002624091989,51.16582902815209,26.464337152973936,142.42019242204591,91.25436339389383,1,1,0,0
Standard Mock,Moderate,62.41076078803295,57.98880646308672,33.12925730077279,153.52882455189246,95.54001808880574,1,1,1,0
CDS 2 2023,Moderate,57.716392073423606,61.75766252985483,37.31541068813806,156.7894652914165,95.03180276156166,1,1,1,0
CDS 1 2023,Hard,62.9068621002584,26.209844773398636,36.28813832651367,125.40484520017071,99.19500042677207,1,1,0,1
CDS 1 2023,Hard,60.24792575501322,24.623020242663685,22.972009672243964,107.84295566992087,83.21993542725718,0,0,0,0
CDS 1 2023,Hard,54.28293653715031,49.48741262607973,22.765638506787283,126.53598767001733,77.0485750439376,1,1,0,0
CDS 2 2022,Easy,73.14535459695324,45.06036952507732,20.97373763568558,139.17946175771613,94.11909223263882,0,1,0,0
Standard Mock,Moderate,45.40213328082001,53.462108038425896,30.373707234071095,129.23794855331698,75.7758405148911,0,1,0,0
Standard Mock,Moderate,57.577119018216116,63.60211832175767,29.102407593328646,150.28164493330243,86.67952661154476,1,1,1,0
CDS 2 2023,Moderate,36.95142827403711,41.46854048213417,47.368718935182244,125.78868769135353,84.32014720921936,0,1,0,0
CDS 1 2022,Moderate,59.218909898872106,66.51465726646941,29.726366622798913,155.45993378814043,88.94527652167102,1,1,1,0
Standard Mock,Moderate,47.6902150319474,54.32926382231996,35.11736369721936,137.13684255148672,82.80757872916676,1,1,0,0
CDS 2 2023,Moderate,43.88997232114832,46.22185759802125,25.801018295538462,115.91284821470802,69.69099061668678,0,0,0,0
CDS 2 2022,Easy,56.13334965315625,50.80164804308275,31.8440822878085,138.77907998404748,87.97743194096475,0,1,0,0
CDS 2 2022,Easy,71.49581331646174,67.94111433367536,36.57282223121855,176.00974988135565,108.06863554768029,1,1,1,1
CDS 1 2022,Moderate,50.022422173406454,71.1161448686536,22.480777395265473,143.61934443732554,72.50319956867193,1,1,0,0
CDS 2 2023,Moderate,53.42041872334489,27.095352698738036,21.8908799292784,102.40665135136133,75.3112986526233,0,0,0,0
CDS 1 2022,Moderate,70.75103453808939,44.95548317920322,31.58695485339941,147.29347257069202,102.33798939148879,1,1,1,0
CDS 2 2023,Moderate,58.4079828841336,45.845641992288954,45.12942884669781,149.38305372312038,103.53741173083142,1,1,1,1
CDS 2 2022,Easy,88.44053778832625,67.74141720349985,41.337605740542294,197.5195607323684,129.77814352886855,1,1,1,1
CDS 2 2022,Easy,73.05239857904407,47.95634816775444,39.63552679741962,160.64427354421812,112.68792537646368,1,1,1,1
Standard Mock,Moderate,63.31963928566554,41.12896742248167,40.10098731207273,144.54959402021996,103.42062659773828,1,1,0,1
CDS 2 2022,Easy,66.66338865950655,79.83937286883614,52.36204978259596,198.86481131093865,119.02543844210251,1,1,1,1
CDS 1 2022,Moderate,68.54369320349421,40.44750946552253,53.62759686380282,162.61879953281957,122.17129006729704,1,1,1,1
CDS 1 2023,Hard,62.01882252059294,29.24400000433605,40.708156068650176,131.97097859357916,102.72697858924312,1,1,0,1
CDS 1 2023,Hard,50.14409887954991,28.298813730556724,43.903238094682,122.34615070478864,94.04733697423191,1,1,0,0
Standard Mock,Moderate,46.58869967344289,62.36115869976526,50.279815736395115,159.22967410960328,96.86851540983801,1,1,1,0
CDS 2 2022,Easy,69.32120243983769,49.73770593274022,39.542892453541725,158.60180082611964,108.86409489337942,1,1,1,1
CDS 1 2023,Hard,57.81948873809051,42.862793513704915,42.6384556592124,143.32073791100783,100.45794439730291,1,1,1,1
CDS 2 2022,Easy,86.66959267246966,54.763830948060765,31.020580143597698,172.45400376412812,117.69017281606736,1,1,1,1
CDS 2 2022,Easy,61.269413323360844,53.16299520388414,29.14858456837667,143.58099309562164,90.41799789173751,1,1,0,0
CDS 1 2023,Hard,59.1732930166044,66.04542614733467,34.19384143961624,159.4125606035553,93.36713445622064,1,1,1,0
CDS 1 2022,Moderate,64.6446746972356,48.79313095558771,46.50136803679616,159.93917368961948,111.14604273403177,1,1,1,1
CDS 2 2023,Moderate,76.78055600452595,54.3730215717114,58.984492855880696,190.13807043211804,135.76504886040664,1,1,1,1
CDS 1 2022,Moderate,50.073409845484186,51.383211638461944,29.511949772228316,130.96857125617444,79.5853596177125,0,1,0,0
Standard Mock,Moderate,64.56498035250645,53.52237217476049,41.98425134384372,160.07160387111065,106.54923169635018,1,1,1,1
Standard Mock,Moderate,60.069849162559386,52.81365913517075,28.638015587978714,141.52152388570886,88.7078647505381,1,1,0,0
CDS 1 2023,Hard,73.54987357480657,46.41644739563438,38.159428843422035,158.12574981386297,111.7093024182286,1,1,1,1
CDS 1 2022,Moderate,70.2956692382275,41.90081824700015,31.289359710991477,143.48584719621914,101.58502894921898,1,1,0,0
CDS 2 2023,Moderate,52.52214895634018,42.93592923949104,33.747133772305624,129.20521196813684,86.2692827286458,0,1,0,0
CDS 2 2023,Moderate,72.08274740652139,38.367339405301,30.246765823178112,140.6968526350005,102.3295132296995,1,1,0,1
CDS 2 2023,Moderate,79.42577178830632,49.84234148700421,30.486247689186563,159.7543609644971,109.91201947749289,1,1,1,1
Standard Mock,Moderate,64.51322824743411,62.82580523403683,23.633068810791848,150.9721022922628,88.14629705822597,1,1,1,0
CDS 1 2023,Hard,61.371190404112276,31.849336753382797,42.467072095046255,135.68759925254133,103.83826249915853,1,1,1,1
Standard Mock,Moderate,60.9912579247616,51.16666193220026,35.39355754994195,147.5514774069038,96.38481547470354,1,1,1,0
CDS 2 2022,Easy,50.45385251422839,37.882433062915055,41.108363786922226,129.44464936406567,91.56221630115061,0,0,0,0
CDS 1 2022,Moderate,63.583340711969214,25.78095798851296,13.713508754814804,103.07780745529698,77.29684946678401,0,0,0,0
Standard Mock,Moderate,68.18548716439999,36.14570311641311,29.53161544805217,133.86280572886525,97.71710261245215,0,1,0,0
CDS 1 2023,Hard,67.70845621075549,50.4650823464054,32.62100973862732,150.79454829578822,100.32946594938281,1,1,1,1
Standard Mock,Moderate,58.33757927679169,40.74583367328246,61.79628693900003,160.87969988907417,120.13386621579173,1,1,1,1
Standard Mock,Moderate,77.44495549359888,28.14587526104705,34.38633959900087,139.9771703536468,111.83129509259976,1,1,0,1
CDS 2 2023,Moderate,64.82848745748109,35.38413822912924,38.147625614551636,138.36025130116195,102.97611307203272,1,1,0,1
Standard Mock,Moderate,50.777807228652854,52.196973782975775,34.75302356915008,137.7278045807787,85.53083079780293,1,1,0,0
CDS 2 2023,Moderate,35.29336717120599,42.06602431422027,45.53121452523803,122.8906060106643,80.82458169644403,0,1,0,0
CDS 1 2023,Hard,41.68252515601824,39.71658424697853,37.528532411615444,118.9276418146122,79.21105756763367,0,1,0,0
CDS 2 2023,Moderate,72.16165776782255,47.98182596462345,39.379522629797556,159.52300636224356,111.54118039762011,1,1,1,1
Standard Mock,Moderate,58.47270055019844,43.03762489428804,39.82712760556138,141.33745305004786,98.29982815575983,1,1,0,0
CDS 1 2022,Moderate,51.47427411253501,46.26614590266685,41.09909122654644,138.8395112417483,92.57336533908145,1,1,0,0
CDS 1 2022,Moderate,60.33567648069006,46.63348070717111,45.893798361546075,152.86295554940725,106.22947484223613,1,1,1,1
CDS 2 2022,Easy,65.1503392554179,60.16887920778221,34.003504885490685,159.3227233486908,99.15384414090859,1,1,1,0
Standard Mock,Moderate,63.49827912680088,41.05045395591749,44.00775131790558,148.55648440062396,107.50603044470645,1,1,1,1
CDS 2 2023,Moderate,55.421830304098144,51.026556040354365,42.92137399145469,149.3697603359072,98.34320429555284,1,1,1,0
CDS 2 2023,Moderate,50.937818738073055,27.61859317919699,48.065540677345005,126.62195259461505,99.00335941541806,0,1,0,0
CDS 2 2022,Easy,72.84284753263752,77.62946219782633,27.347879640018036,177.8201893704819,100.19072717265556,1,1,1,0
CDS 2 2023,Moderate,44.554002730943765,47.020387679865074,46.52250651872748,138.0968969295363,91.07650924967125,1,1,0,0
CDS 2 2022,Easy,61.33397430161256,62.582804069893754,41.85396656467761,165.77074493618392,103.18794086629018,1,1,1,0
Standard Mock,Moderate,50.9559949766913,55.79525838135463,26.842122748314278,133.5933761063602,77.79811772500558,0,1,0,0
CDS 2 2022,Easy,47.926570463504,91.48824344991328,34.15770906807914,173.57252298149643,82.08427953158315,1,1,1,0
CDS 2 2023,Moderate,50.319870354107195,40.96859077543425,46.47802791759753,137.76648904713898,96.79789827170472,1,1,0,0
Standard Mock,Moderate,65.09045144797145,61.54748082219537,41.54355690596218,168.181489176129,106.63400835393362,1,1,1,1
CDS 2 2022,Easy,62.99746173187224,47.927961224977835,59.88884638754853,170.8142693443986,122.88630811942078,1,1,1,1
Standard Mock,Moderate,62.3422041359956,34.53638256060702,37.452769322176074,134.3313560187787,99.79497345817168,0,1,0,0
CDS 2 2022,Easy,62.1412774502088,49.81454748244696,41.61513499238407,153.57095992503983,103.75641244259288,1,1,1,0
CDS 1 2023,Hard,79.40923965456534,54.15309361768513,23.291010611203752,156.85334388345422,102.70025026576909,1,1,1,1
CDS 1 2023,Hard,63.56459813148786,29.617491353773037,29.88910292396583,123.07119240922673,93.45370105545369,1,1,0,0
CDS 1 2022,Moderate,52.3174467960823,26.571104616644845,29.8203270078349,108.70887842056204,82.1377738039172,0,0,0,0
CDS 1 2023,Hard,44.965345742007095,56.1505000381326,18.14018787709086,119.25603365723055,63.105533619097955,0,1,0,0
CDS 2 2022,Easy,71.18462392388219,62.06598341850337,47.85974098865461,181.11034833104017,119.04436491253679,1,1,1,1
CDS 2 2023,Moderate,61.66967623334163,40.67084813121915,49.606803321291366,151.94732768585214,111.276479554633,1,1,1,1
CDS 2 2023,Moderate,61.06669655367045,32.14548921772645,42.47058827824123,135.6827740496381,103.53728483191168,1,1,0,1
CDS 1 2023,Hard,85.96588896142549,41.703873406907114,30.228526102220687,157.8982884705533,116.19441506364618,1,1,1,1
CDS 1 2023,Hard,67.56878031674921,40.456936232757506,37.31964266408179,145.3453592135885,104.888422980831,1,1,1,1
Standard Mock,Moderate,61.30129438098042,41.322410665800284,19.95851469052021,122.5822197373009,81.25980907150063,0,0,0,0
CDS 1 2022,Moderate,65.1721021615896,62.653989000049044,39.43892839042886,167.2650195520675,104.61103055201846,1,1,1,0
Standard Mock,Moderate,58.79498941776676,60.68076516930813,21.12713486569134,140.60288945276622,79.92212428345809,1,1,0,0
CDS 2 2023,Moderate,74.36089346182015,46.036395949710105,43.9824457285623,164.37973514009255,118.34333919038245,1,1,1,1
CDS 1 2023,Hard,65.44386051876579,41.38182777328571,57.43128382406571,164.2569721161172,122.8751443428315,1,1,1,1
CDS 2 2022,Easy,51.88263307754875,62.50571200364861,34.13714950447848,148.52549458567586,86.01978258202723,1,1,0,0
CDS 1 2023,Hard,38.95195689101937,44.56403980379059,31.355224599296555,114.87122129410652,70.30718149031593,0,1,0,0
CDS 2 2023,Moderate,75.35121739812652,58.375017501021254,48.10194856054301,181.8281834596908,123.45316595866953,1,1,1,1
CDS 2 2022,Easy,43.3732098948547,63.46616063272296,49.21053128047925,156.04990180805692,92.58374117533396,1,1,1,0
CDS 1 2023,Hard,57.55944377078347,30.678713089755277,16.158222990836116,104.39637985137486,73.71766676161958,0,0,0,0
CDS 1 2023,Hard,43.33177230465934,39.965018183022465,13.879932483943275,97.17672297162508,57.21170478860262,0,0,0,0
CDS 1 2022,Moderate,52.0217787855722,45.974736726745085,61.25305580268912,159.2495713150064,113.27483458826131,1,1,1,1
Standard Mock,Moderate,72.9375315586596,41.63892496794156,19.309009753067755,133.88546627966892,92.24654131172736,0,1,0,0
Standard Mock,Moderate,60.96897876034315,42.93359178234307,25.918460513923296,129.8210310566095,86.88743927426644,0,1,0,0
Standard Mock,Moderate,57.820490937564614,70.26142287642415,32.66092014555105,160.7428339595398,90.48141108311566,1,1,1,0
Standard Mock,Moderate,63.7822628543151,54.475857292140844,39.79510562941303,158.05322577586895,103.57736848372812,1,1,1,1
CDS 2 2023,Moderate,66.12626377337112,44.151043542253845,34.17113016125135,144.44843747687634,100.29739393462248,1,1,1,0
CDS 2 2022,Easy,66.66816059518277,68.51485826123661,51.568039489134726,186.7510583455541,118.23620008431749,1,1,1,1
CDS 1 2022,Moderate,57.596015243115886,45.66498404352399,42.67843694668112,145.93943623332098,100.274452189797,1,1,0,0
CDS 1 2023,Hard,55.33870549435244,37.820258333125196,26.211812947566422,119.37077677504405,81.55051844191885,0,1,0,0
CDS 2 2022,Easy,78.4133006954968,56.623390102627816,40.92421147339236,175.96090227151697,119.33751216888916,1,1,1,1
CDS 1 2022,Moderate,45.527822207420414,45.10422115506326,31.907560923672705,122.53960428615638,77.43538313109312,0,0,0,0
CDS 2 2023,Moderate,51.70856514556595,42.84981251726815,35.21665411703564,129.77503177986972,86.92521926260159,0,1,0,0
CDS 1 2022,Moderate,60.79995855243582,36.530947706128266,36.215030098189345,133.54593635675343,97.01498865062516,0,1,0,0
Standard Mock,Moderate,56.012982175168105,62.2115931738807,35.77374282760834,153.99831817665716,91.78672500277645,1,1,1,0
CDS 2 2023,Moderate,62.56719172795741,52.788057110926225,28.380648200825725,143.73589703970936,90.94783992878314,1,1,1,0
CDS 2 2023,Moderate,77.07548889321761,54.57031836522744,44.167064725890185,175.81287198433523,121.2425536191078,1,1,1,1
CDS 2 2022,Easy,72.25590175482321,67.90752152821192,54.39954041428631,194.56296369732144,126.65544216910952,1,1,1,1
CDS 2 2023,Moderate,65.66760381117658,35.02018684483127,45.686422195900846,146.37421285190868,111.35402600707742,1,1,1,1
CDS 2 2022,Easy,49.97734747659719,55.82416851580646,41.5709865064383,147.37250249884195,91.54833398303549,1,1,0,0
Standard Mock,Moderate,54.560899464867425,25.64563696258517,43.258526698277095,123.4650631257297,97.81942616314453,0,0,0,0
CDS 1 2022,Moderate,54.652277439421965,28.364378578806487,30.15044455122385,113.16710056945229,84.80272199064581,0,0,0,0
CDS 2 2022,Easy,79.94731007269304,47.939919312307765,26.407987313366768,154.2952166983676,106.35529738605982,1,1,1,0
CDS 2 2022,Easy,74.07979757805134,41.70190364218304,46.46045343428732,162.2421546545217,120.54025101233866,1,1,1,1
Standard Mock,Moderate,66.82489209260636,75.9964267453376,37.89784478658222,180.71916362452617,104.72273687918857,1,1,1,1
CDS 2 2023,Moderate,64.03940416068305,37.721976514566926,33.58758178931468,135.34896246456466,97.62698594999773,1,1,0,0
CDS 2 2023,Moderate,52.55756633044429,64.45318576694307,26.742309045318418,143.75306114270577,79.29987537576271,1,1,1,0
Standard Mock,Moderate,60.17969915016471,66.17097119977065,40.6524712397473,167.00314158968266,100.83217038991201,1,1,1,1
Standard Mock,Moderate,36.415358577925346,48.66476294140001,47.78873764700375,132.8688591663291,84.20409622492909,0,1,0,0
Standard Mock,Moderate,64.35048371640444,38.93850721861778,26.715967782517488,130.00495871753972,91.06645149892194,0,1,0,0
CDS 1 2022,Moderate,64.88845889812988,60.03975975377882,58.8459780033147,183.7741966552234,123.73443690144458,1,1,1,1
CDS 1 2022,Moderate,72.6552292141854,40.79754930497246,33.0799872973858,146.53276581654364,105.7352165115712,1,1,0,1
CDS 2 2022,Easy,57.19195048421007,30.366610801953698,35.11726275303312,122.67582403919688,92.30921323724318,0,0,0,0
CDS 1 2022,Moderate,52.750806571083984,45.89570190726191,29.396468439401566,128.04297691774747,82.14727501048554,0,1,0,0
CDS 2 2022,Easy,66.31750109747291,54.82089553068448,43.62450868625611,164.7629053144135,109.94200978372902,1,1,1,1
CDS 2 2023,Moderate,54.18556913657243,41.09629669917848,15.366413567344793,110.6482794030957,69.55198270391722,0,0,0,0
CDS 2 2023,Moderate,50.27549362312995,58.911448760324326,39.66066748278604,148.8476098662403,89.93616110591599,1,1,1,0
CDS 2 2023,Moderate,69.3857106705994,46.39769117457014,42.569527361278205,158.35292920644775,111.9552380318776,1,1,1,1
CDS 2 2023,Moderate,54.78044434524104,29.910013000778996,27.52897246332934,112.21942980934938,82.30941680857038,0,0,0,0
Standard Mock,Moderate,69.91853700507858,33.04391647654951,33.25288962070026,136.21534310232835,103.17142662577884,1,1,0,1
CDS 2 2022,Easy,56.73508624289765,55.516293820181524,31.330265435674477,143.58164549875366,88.06535167857213,1,1,0,0
CDS 1 2023,Hard,65.67467851070685,12.96959782259621,27.216083603235333,105.8603599365384,92.89076211394219,0,0,0,0
CDS 1 2022,Moderate,58.1081966484108,45.30095722877374,33.438060999028046,136.84721487621258,91.54625764743884,1,1,0,0
CDS 2 2023,Moderate,53.72538833524298,48.79369338178802,37.174390807258426,139.69347252428943,90.89977914250142,1,1,0,0
CDS 1 2023,Hard,54.75169685873353,34.842006122225754,33.30113089154373,122.89483387250301,88.05282775027726,1,1,0,0
CDS 1 2023,Hard,50.134143302993465,46.712264916585234,41.0409863166832,137.8873945362619,91.17512961967667,1,1,1,0
CDS 1 2022,Moderate,68.269460609428,54.3113301674976,47.26104585334068,169.84183663026627,115.53050646276867,1,1,1,1
CDS 1 2023,Hard,64.28388679136171,42.449846463952326,17.365238703437917,124.09897195875195,81.64912549479962,1,1,0,0
CDS 2 2022,Easy,63.17281538185672,66.1317463816396,56.776840908998096,186.08140267249442,119.94965629085482,1,1,1,1
Standard Mock,Moderate,53.6955480920682,50.01217600139088,38.72794158529206,142.43566567875115,92.42348967736027,1,1,0,0
Standard Mock,Moderate,64.54331433152228,52.320197582858704,24.81157530625348,141.67508722063445,89.35488963777576,1,1,0,0
CDS 2 2022,Easy,62.71848650711766,46.30737801853397,42.824497640556004,151.85036216620762,105.54298414767366,1,1,0,0
CDS 2 2022,Easy,59.149368286034004,42.38142929991807,51.738420203667026,153.2692177896191,110.88778848970102,1,1,1,1
Standard Mock,Moderate,50.222455989579515,38.73731549776855,34.48418742784422,123.44395891519228,84.70664341742373,0,0,0,0
CDS 2 2023,Moderate,51.14971367737201,29.939209717155542,36.05075971208295,117.1396831066105,87.20047338945497,0,0,0,0
CDS 1 2023,Hard,44.92037765086362,45.51370070762811,46.43276466338915,136.8668430218809,91.35314231425278,1,1,1,0
CDS 2 2023,Moderate,52.53436647730089,54.80796572383956,39.18215078266197,146.52448298380244,91.71651725996287,1,1,1,0
CDS 1 2022,Moderate,69.94414420090239,59.71797243327467,33.7284397054327,163.39055633960976,103.67258390633509,1,1,1,0
CDS 1 2022,Moderate,39.615534751178274,49.96645682083747,24.43691869524247,114.0189102672582,64.05245344642074,0,0,0,0
CDS 2 2023,Moderate,63.296335328077916,51.11303989515791,25.882177123313582,140.2915523465494,89.1785124513915,1,1,0,0
Standard Mock,Moderate,53.7615975131274,60.29728560798013,32.230409057728345,146.28929217883586,85.99200657085575,1,1,1,0
CDS 2 2023,Moderate,69.08937496888599,35.31298245575876,25.029396726367374,129.43175415101211,94.11877169525337,0,1,0,0
Standard Mock,Moderate,55.88826604446684,40.10521813710311,34.73253698827075,130.7260211698407,90.6208030327376,0,1,0,0
CDS 2 2023,Moderate,70.40642442799668,52.873021318493144,38.47389841708555,161.75334416357538,108.88032284508223,1,1,1,1
CDS 2 2023,Moderate,47.334611710550284,14.157974133111708,46.6729071738378,108.16549301749978,94.00751888438808,0,0,0,0
CDS 2 2022,Easy,73.34055451849369,49.811185752664464,49.34311737670771,172.49485764786587,122.6836718952014,1,1,1,1
CDS 1 2023,Hard,67.72910217247424,40.74918043992932,29.49521957636523,137.9735021887688,97.22432174883947,1,1,1,0
CDS 2 2022,Easy,68.39528787404217,71.13320689699606,71.86574911811056,211.39424388914878,140.26103699215273,1,1,1,1
CDS 1 2023,Hard,62.01131200712918,41.723077905753904,22.69756410719044,126.43195402007353,84.70887611431962,1,1,0,0
Standard Mock,Moderate,51.86875906153614,49.68560370881828,43.22110847282813,144.77547124318255,95.08986753436426,1,1,0,0
CDS 1 2023,Hard,43.754783203861045,29.806990363404335,30.648996667348023,104.2107702346134,74.40377987120907,0,0,0,0
CDS 1 2023,Hard,56.51216221337547,40.329851600329754,23.127381469077946,119.96939528278318,79.63954368245342,0,1,0,0
CDS 2 2023,Moderate,67.50469861935095,43.309340793931334,34.46948008074894,145.28351949403122,101.97417870009988,1,1,1,0
CDS 1 2022,Moderate,62.032762210574624,34.713800761418874,41.97182620792853,138.718389179922,104.00458841850315,1,1,0,0
CDS 2 2023,Moderate,62.606561547052024,54.88388355932058,48.175408190174,165.6658532965466,110.78196973722602,1,1,1,1
CDS 1 2022,Moderate,60.57754146667228,53.42995747323219,41.39737506698895,155.4048740068934,101.97491653366123,1,1,1,0
CDS 1 2023,Hard,62.53601109159814,21.358526396040816,13.808547112136445,97.7030845997754,76.34455820373458,0,0,0,0
Standard Mock,Moderate,70.04829149483237,52.81846362863046,19.947208238385592,142.81396336184844,89.99549973321797,1,1,0,0
CDS 1 2023,Hard,51.47950343967708,44.195797085769684,22.030486035232023,117.70578656067879,73.5099894749091,0,1,0,0
CDS 2 2022,Easy,67.0103350371657,47.50226554556933,61.10342652096378,175.6160271036988,128.11376155812948,1,1,1,1
Standard Mock,Moderate,74.40110120069174,40.06773742148745,38.524229143843144,152.99306776602234,112.92533034453488,1,1,1,1
CDS 1 2022,Moderate,67.99246457517245,48.430119538296594,40.65738504453951,157.07996915800857,108.64984961971196,1,1,1,1
Standard Mock,Moderate,62.66295356440624,38.09055449694592,29.030129689544683,129.78363775089684,91.69308325395092,0,1,0,0
Standard Mock,Moderate,67.59442173822583,47.03900402101089,32.76060575686726,147.39403151610398,100.35502749509308,1,1,1,1
CDS 2 2022,Easy,67.79821595944277,37.84808234831122,42.65288344783808,148.2991817555921,110.45109940728085,1,1,0,1
CDS 2 2023,Moderate,72.86252086454859,45.568160846134205,36.21182151900678,154.64250322968957,109.07434238355538,1,1,1,1
CDS 1 2022,Moderate,64.30846005169747,57.20475227387642,37.36542193614863,158.87863426172254,101.6738819878461,1,1,1,0
CDS 2 2022,Easy,70.3798367215094,71.21192686873019,47.17846228996267,188.77022588020225,117.55829901147207,1,1,1,1
CDS 1 2022,Moderate,68.83624548970973,34.52518612707801,33.39513779671437,136.7565694135021,102.23138328642409,1,1,0,0
CDS 1 2022,Moderate,76.67797933004515,42.322711039673734,32.62276626652887,151.62345663624774,109.30074559657402,1,1,1,1
CDS 1 2023,Hard,37.63273182235561,41.786639247445244,32.70778484249689,112.12715591229775,70.3405166648525,0,1,0,0
Standard Mock,Moderate,44.848850637505194,42.02169695158273,39.53274042133176,126.40328801041969,84.38159105883696,0,1,0,0
CDS 2 2023,Moderate,86.90315007288694,42.77768001362648,29.306388079091317,158.98721816560476,116.20953815197826,1,1,1,1
CDS 1 2023,Hard,46.25223775745632,35.52669046642296,40.22301216833578,122.00194039221506,86.4752499257921,1,1,0,0
CDS 1 2022,Moderate,52.750858462345036,31.43576477504178,42.06955009920542,126.25617333659224,94.82040856155047,0,0,0,0
CDS 1 2023,Hard,61.25110546248948,46.79929399402107,44.25119773280686,152.30159718931742,105.50230319529634,1,1,1,1
Standard Mock,Moderate,66.37898316259925,68.51649634410623,43.70060216907484,178.59608167578034,110.0795853316741,1,1,1,1
CDS 1 2022,Moderate,72.09893960019104,58.846696807632014,39.39669722273024,170.3423336305533,111.49563682292128,1,1,1,1
CDS 2 2022,Easy,56.14065074534889,42.93332834579503,47.76293590747322,146.83691499861715,103.90358665282211,1,1,0,0
CDS 1 2022,Moderate,56.32977581368373,52.81715591240955,4.174378248567624,113.3213099746609,60.50415406225136,0,0,0,0
CDS 1 2022,Moderate,53.561279888916474,52.682311327264834,46.11145215204463,152.35504336822595,99.67273204096111,1,1,1,0
CDS 2 2022,Easy,76.24095894701625,67.46063244591559,29.16403455327462,172.86562594620648,105.40499350029087,1,1,1,0
CDS 2 2023,Moderate,81.05856344363326,57.484188104307464,42.64158299931894,181.18433454725965,123.7001464429522,1,1,1,1
Standard Mock,Moderate,61.695976763949346,57.134308472418105,29.753312194346357,148.5835974307138,91.44928895829571,1,1,1,0
CDS 2 2022,Easy,49.939170895979316,33.74731837195381,35.822448750791835,119.50893801872496,85.76161964677115,0,0,0,0
CDS 2 2023,Moderate,52.96343622684917,54.06472051464556,41.420450918935614,148.44860766043035,94.38388714578478,1,1,1,0
CDS 2 2023,Moderate,60.50913695535473,25.369624585629488,36.704009940620104,122.58277148160431,97.21314689597483,0,1,0,0
CDS 2 2023,Moderate,56.27437719429085,40.09128371382551,28.1864839356479,124.55214484376427,84.46086112993875,0,1,0,0
CDS 1 2022,Moderate,65.99578627813753,40.74382979847107,26.394926734946896,133.1345428115555,92.39071301308442,0,1,0,0
CDS 1 2023,Hard,34.12930754290484,26.945949427436563,27.647014556990644,88.72227152733204,61.77632209989548,0,0,0,0
Standard Mock,Moderate,60.79202928689644,49.254506946590595,25.488919532575352,135.5354557660624,86.28094881947179,1,1,0,0
Standard Mock,Moderate,58.55314239257657,53.96661576543833,51.72041773042321,164.2401758884381,110.27356012299978,1,1,1,1
Standard Mock,Moderate,41.60362127437697,48.662496107908,22.351111558972917,112.61722894125788,63.95473283334989,0,0,0,0
CDS 2 2023,Moderate,50.701520516073494,64.19455576600492,5.316315697641478,120.2123919797199,56.01783621371497,0,1,0,0
Standard Mock,Moderate,67.20224016905408,40.71212345434902,40.209768734917716,148.12413235832082,107.4120089039718,1,1,1,1
CDS 1 2022,Moderate,64.27676771009929,50.45828760261229,27.956396757791182,142.69145207050275,92.23316446789048,1,1,0,0
CDS 2 2023,Moderate,50.79416774163523,29.157160151017862,50.16288450556014,130.11421239821323,100.95705224719538,1,1,0,0
CDS 1 2022,Moderate,72.32283829510831,42.12639605589611,35.389158280173305,149.83839263117773,107.71199657528162,1,1,1,1
CDS 1 2023,Hard,56.67002921695738,56.400960840332765,35.86678405742545,148.9377741147156,92.53681327438284,1,1,1,0
Standard Mock,Moderate,63.13143023133532,48.66756148518946,26.093039147377226,137.892030863902,89.22446937871254,1,1,0,0
CDS 2 2022,Easy,83.16793236662373,65.9051617374923,53.476780855126236,202.54987495924226,136.64471322174995,1,1,1,1
CDS 1 2023,Hard,62.956870201223865,53.90505801411844,35.59560072485233,152.45752894019463,98.5524709260762,1,1,1,1
CDS 1 2023,Hard,50.43371214278095,40.82804200884474,19.159311473799953,110.42106562542563,69.5930236165809,0,0,0,0
Standard Mock,Moderate,51.82418413222309,39.356657080944814,24.449792446228155,115.63063365939605,76.27397657845124,0,0,0,0
CDS 1 2022,Moderate,84.85313924533686,52.342894036331856,36.36124634075844,173.55727962242716,121.2143855860953,1,1,1,1
Standard Mock,Moderate,47.77637192995746,38.17136828257433,16.5624704120737,102.51021062460549,64.33884234203117,0,0,0,0
CDS 2 2023,Moderate,74.38195585208749,55.18314109733271,38.34275466076521,167.9078516101854,112.7247105128527,1,1,1,1
CDS 1 2022,Moderate,67.38566039202061,64.65558700768041,29.086506202017222,161.12775360171824,96.47216659403783,1,1,1,0
Standard Mock,Moderate,53.67192400777818,53.30762587362409,49.06232359262553,156.0418734740278,102.7342476004037,1,1,1,1
CDS 2 2022,Easy,47.109548457536775,33.58073760553474,32.51990513399465,113.21019119706617,79.62945359153142,0,0,0,0
CDS 1 2022,Moderate,71.63282132794208,21.259890720602638,34.752645791975986,127.64535784052072,106.38546711991808,0,0,0,1
Standard Mock,Moderate,63.75746881719658,30.19432973960012,29.6283573761168,123.5801559329135,93.38582619331338,0,0,0,0
CDS 1 2022,Moderate,76.77965836968697,44.47882317224025,36.072858660965785,157.33134020289302,112.85251703065276,1,1,1,1
CDS 1 2022,Moderate,56.00575219013983,32.345413204990685,19.867205308422278,108.21837070355278,75.8729574985621,0,0,0,0
CDS 1 2023,Hard,67.84916784875084,40.26481241124236,26.208937041714247,134.32291730170743,94.05810489046509,1,1,0,0
CDS 2 2022,Easy,44.55669523798925,62.317750238497034,26.819079642044944,133.69352511853123,71.3757748800342,0,1,0,0
Standard Mock,Moderate,63.777117601138336,64.11547597957471,52.53375198724316,180.42634556795622,116.3108695883815,1,1,1,1
CDS 1 2023,Hard,52.69289027515177,36.20075868516311,33.78362851770617,122.67727747802105,86.47651879285795,1,1,0,0
CDS 1 2022,Moderate,80.54809818638648,50.03622109029301,46.490146960524,177.0744662372035,127.03824514691048,1,1,1,1
CDS 2 2023,Moderate,62.00394784876352,54.95493416536617,49.44850287259808,166.40738488672775,111.4524507213616,1,1,1,1
CDS 1 2023,Hard,70.58628017070086,45.53473913798558,12.450816589929012,128.57183589861546,83.03709676062988,1,1,0,0
CDS 2 2022,Easy,59.84565135318615,73.55678424627794,57.56377987627992,190.966215475744,117.40943122946607,1,1,1,1
Standard Mock,Moderate,60.328358091013065,69.39737423991008,50.356309788110316,180.08204211903347,110.68466787912338,1,1,1,1
Standard Mock,Moderate,60.744066719261475,47.623906167963334,59.71933772431858,168.0873106115434,120.46340444358006,1,1,1,1
CDS 2 2022,Easy,62.85479049664091,50.75451122629224,48.65872588584343,162.26802760877658,111.51351638248434,1,1,1,1
CDS 2 2023,Moderate,60.85339775794894,48.23062622660724,49.0943442405091,158.1783682250653,109.94774199845804,1,1,1,1
CDS 1 2022,Moderate,43.049822070246925,39.64447705137126,38.673193878491965,121.36749300011016,81.72301594873889,0,0,0,0
CDS 2 2022,Easy,73.65271157294546,72.65680417799827,46.96189715826246,193.2714129092062,120.61460873120792,1,1,1,1
CDS 2 2023,Moderate,69.07532300792697,39.970838878347436,45.90244283658065,154.94860472285507,114.97776584450762,1,1,1,1
CDS 2 2023,Moderate,68.03986495890503,39.7362010963588,54.6845128936029,162.46057894886673,122.72437785250793,1,1,1,1
CDS 2 2023,Moderate,77.99738291727098,37.77634505940031,29.506499087986697,145.280227064658,107.50388200525768,1,1,1,1
CDS 1 2022,Moderate,62.96200443354838,58.94100148766718,42.1591041612881,164.06211008250364,105.12110859483647,1,1,1,1
CDS 2 2023,Moderate,50.38237579226798,39.77334514219794,39.345400972542905,129.50112190700884,89.72777676481088,0,1,0,0
CDS 1 2023,Hard,40.11077743929423,30.98919560853018,22.570109475737723,93.67008252356214,62.680886915031955,0,0,0,0
CDS 2 2023,Moderate,65.21595160352507,30.3215204414968,46.52213663068669,142.05960867570855,111.73808823421176,1,1,1,1
CDS 1 2022,Moderate,63.51961074208056,55.54902490816801,23.233018142290938,142.3016537925395,86.75262888437149,1,1,0,0
CDS 2 2023,Moderate,53.77269418996252,57.5959741841709,24.486709819767214,135.85537819390063,78.25940400972974,1,1,0,0
CDS 2 2023,Moderate,54.13077394554905,21.360130949323484,31.840360486473017,107.33126538134556,85.97113443202207,0,0,0,0
CDS 2 2023,Moderate,69.46551361423474,48.065494131375765,43.209085211691075,160.74009295730158,112.67459882592581,1,1,1,1
CDS 2 2023,Moderate,44.72419058644241,40.004839363670506,47.09369178334763,131.82272173346055,91.81788236979004,1,1,0,0
Standard Mock,Moderate,55.46646549899412,39.556362670689246,58.12044056359531,153.1432687332787,113.58690606258943,1,1,1,1
CDS 1 2022,Moderate,67.422099624265,52.68206631456102,40.62092262082618,160.7250885596522,108.04302224509118,1,1,1,1
CDS 1 2022,Moderate,62.82000542554511,51.263287091286486,38.76388561889199,152.8471781357236,101.58389104443711,1,1,1,0
Standard Mock,Moderate,59.48081641223939,32.24807327040866,50.11283124110742,141.84172092375547,109.5936476533468,1,1,0,1
Standard Mock,Moderate,70.21458104015376,56.380789455952815,43.22342298687552,169.8187934829821,113.43800402702928,1,1,1,1
CDS 1 2023,Hard,66.16979427640129,17.57231109007748,29.259204837852856,113.00131020433162,95.42899911425414,0,1,0,0
Standard Mock,Moderate,59.277073402855144,39.21768948170323,25.088057823754454,123.58282070831284,84.3651312266096,0,0,0,0
CDS 1 2023,Hard,42.57580326167588,32.840515672198606,26.181241132449326,101.59756006632381,68.7570443941252,0,0,0,0
CDS 2 2022,Easy,41.22430170072897,81.64386229605859,47.00221911282289,169.87038310961046,88.22652081355187,1,1,1,0
CDS 2 2022,Easy,71.06237193496288,54.34304325188541,37.97076043465772,163.376175621506,109.0331323696206,1,1,1,1
CDS 1 2023,Hard,50.79014131986824,39.5559028711212,30.720332670935665,121.06637686192511,81.5104739908039,1,1,0,0
CDS 2 2023,Moderate,51.58951569601706,30.15414917148275,51.82888388947831,133.5725487569781,103.41839958549537,1,1,0,1
CDS 1 2023,Hard,62.18331543194246,62.80998178078894,29.190418981459747,154.18371619419113,91.3737344134022,1,1,1,0
Standard Mock,Moderate,63.408645992482214,45.02751361878603,31.40094462816752,139.83710423943575,94.80959062064973,1,1,0,0
CDS 2 2023,Moderate,60.39906694519761,38.79756569858506,23.572093050035992,122.76872569381867,83.9711599952336,0,1,0,0
CDS 2 2023,Moderate,42.150560308081424,49.126877779925394,25.77023101625906,117.04766910426588,67.92079132434048,0,0,0,0
CDS 2 2023,Moderate,63.00175049284521,46.35345956346959,15.20670305003598,124.56191310635077,78.20845354288119,0,1,0,0
CDS 2 2022,Easy,70.63409950822133,47.3945362506664,38.370878066237644,156.39951382512535,109.00497757445896,1,1,1,1
Standard Mock,Moderate,55.878388549517865,40.359233290703315,29.59236645022778,125.82998829044897,85.47075499974565,0,1,0,0
CDS 2 2023,Moderate,61.73823525244848,39.0756009971378,58.076882277354514,158.8907185269408,119.81511752980299,1,1,1,1
CDS 2 2023,Moderate,56.81857367338573,39.751746787700476,34.483020606247685,131.0533410673339,91.3015942796334,1,1,0,0
CDS 2 2022,Easy,75.98235803523427,48.62728995545589,16.29114626693562,140.9007942576258,92.2735043021699,1,1,0,0
CDS 2 2022,Easy,73.18313736319962,45.149932493796506,37.05905691611366,155.3921267731098,110.24219427931328,1,1,1,1
CDS 2 2023,Moderate,64.40756754438765,50.5276253425807,44.06343235397152,158.99862524093987,108.47099989835917,1,1,1,1
CDS 2 2023,Moderate,51.987796401871165,43.17540839670252,39.56203319151743,134.7252379900911,91.5498295933886,1,1,0,0
CDS 2 2022,Easy,72.45186881893828,23.73307893173761,54.832588848565905,151.0175365992418,127.28445766750418,1,1,0,1
CDS 2 2022,Easy,66.11067473195632,84.30146302395724,22.64266063052373,173.05479838643728,88.75333536248004,1,1,1,0
CDS 2 2022,Easy,60.318754662038096,54.57619768486125,47.46373241825373,162.35868476515307,107.78248708029182,1,1,1,1
Standard Mock,Moderate,51.969154192809405,67.0281500772091,25.779469528225732,144.77677379824422,77.74862372103513,1,1,0,0
CDS 1 2022,Moderate,69.5593806017831,48.66544002189239,54.43584087377563,172.66066149745112,123.99522147555874,1,1,1,1
CDS 2 2022,Easy,67.87919621246,51.55501356261989,37.32808434344712,156.762294118527,105.20728055590712,1,1,1,0
CDS 2 2023,Moderate,49.58113067522632,38.52904086136564,35.840101909243515,123.95027344583548,85.42123258446983,0,1,0,0
Standard Mock,Moderate,64.41908922164203,51.45218452410867,36.700102189802095,152.5713759355528,101.11919141144412,1,1,1,1
Standard Mock,Moderate,76.75129939690225,57.080724034241136,34.62282050234409,168.4548439334875,111.37411989924635,1,1,1,1
CDS 1 2023,Hard,75.5150946408558,53.83803638145814,40.45293655436038,169.8060675766743,115.96803119521618,1,1,1,1
Standard Mock,Moderate,56.933117844795,32.1806844956407,37.296430555677965,126.41023289611365,94.22954840047296,0,1,0,0
Standard Mock,Moderate,64.98914400964415,48.28062150187417,37.74460177613842,151.01436728765674,102.73374578578256,1,1,1,1
CDS 1 2022,Moderate,70.2719478824286,67.61835421392416,22.922251775756035,160.81255387210882,93.19419965818464,1,1,1,0
CDS 2 2023,Moderate,69.01764687940283,46.21524494619128,34.29366020348026,149.52655202907437,103.31130708288309,1,1,1,1
CDS 2 2023,Moderate,64.80611215248594,49.21929262428013,50.208512320637794,164.23391709740386,115.01462447312373,1,1,1,1
CDS 1 2023,Hard,56.44030901979226,61.38428935241767,30.14494782100697,147.9695461932169,86.58525684079923,1,1,1,0
Standard Mock,Moderate,56.31116897062976,65.56122785113193,34.70492401380929,156.57732083557096,91.01609298443904,1,1,1,0
CDS 2 2023,Moderate,61.47010833612863,37.0646393171645,46.37058860045522,144.90533625374835,107.84069693658385,1,1,1,1
CDS 2 2022,Easy,62.94707478371486,46.883923410837454,54.84434038440229,164.6753385789546,117.79141516811714,1,1,1,1
CDS 1 2023,Hard,53.487009602302926,28.13014578408416,32.05348184713183,113.67063723351892,85.54049144943475,0,1,0,0
Standard Mock,Moderate,55.86189881378103,48.56018080994353,36.1263668182564,140.54844644198096,91.98826563203744,1,1,0,0
CDS 1 2023,Hard,67.80352020837135,29.726981535989065,42.33165755865803,139.86215930301844,110.13517776702938,1,1,1,1
CDS 2 2023,Moderate,61.11268519167489,66.19616958959037,41.74248308424765,169.05133786551292,102.85516827592255,1,1,1,1
CDS 2 2022,Easy,72.18490297317129,62.99851038379157,42.909134015923314,178.09254737288617,115.0940369890946,1,1,1,1
CDS 1 2023,Hard,61.7376883433626,42.31358551007523,22.578285661725054,126.62955951516288,84.31597400508765,1,1,0,0
Standard Mock,Moderate,74.59160994188692,49.55335971056933,32.926432313059955,157.0714019655162,107.51804225494686,1,1,1,1
CDS 2 2023,Moderate,57.57483550473978,48.24708212681615,11.86140504393125,117.68332267548719,69.43624054867104,0,0,0,0
CDS 2 2022,Easy,68.01791930652873,41.144356613383266,34.87506609119098,144.03734201110296,102.89298539771971,1,1,0,0
CDS 2 2023,Moderate,51.193935402183506,71.67029727656286,42.64187616135564,165.506108840102,93.83581156353915,1,1,1,0
CDS 1 2023,Hard,68.82433340905433,50.255527726608435,19.245231961355586,138.32509309701834,88.06956537040992,1,1,1,0
Standard Mock,Moderate,53.3683762419071,42.456292824344594,29.17732937491223,125.00199844116392,82.54570561681933,0,1,0,0
CDS 1 2022,Moderate,67.0606694985543,46.82362714464254,44.59253376449038,158.47683040768723,111.65320326304469,1,1,1,1
Standard Mock,Moderate,59.18929258991975,54.8159344742909,39.64263743235793,153.64786449656856,98.83193002227767,1,1,1,0
CDS 1 2022,Moderate,71.7622570675853,48.24032807764836,22.15628024490801,142.15886539014167,93.9185373124933,1,1,0,0
CDS 2 2023,Moderate,49.31975624108823,45.285896547830866,34.490577209365966,129.09622999828505,83.8103334504542,0,1,0,0
CDS 1 2022,Moderate,59.53250546097298,30.152522481510857,27.002571118894682,116.68759906137852,86.53507657986766,0,0,0,0
CDS 2 2023,Moderate,39.05562473285097,42.82798673000473,33.6881984573516,115.5718099202073,72.74382319020256,0,0,0,0
CDS 2 2023,Moderate,53.24062335196173,37.686741758456265,48.22548462831661,139.1528497387346,101.46610798027834,1,1,0,0
CDS 2 2023,Moderate,74.16834082138803,24.58919439852743,51.23843744269257,149.99597266260804,125.4067782640806,1,1,1,1
Standard Mock,Moderate,60.923814589989696,13.05835266339281,31.003035091640093,104.9852023450226,91.92684968162979,0,0,0,0
CDS 2 2023,Moderate,45.55358746931586,72.23039103253518,42.74936107108474,160.53333957293577,88.30294854040059,1,1,1,0
Standard Mock,Moderate,69.02678142699249,47.74401142042695,38.236324725129776,155.00711757254922,107.26310615212226,1,1,1,1
Standard Mock,Moderate,76.82662914648114,40.95788784570976,56.48239201957641,174.26690901176732,133.30902116605756,1,1,1,1
Standard Mock,Moderate,40.00013439689709,63.862571905917626,14.018125367287983,117.88083167010271,54.018259764185075,0,0,0,0
CDS 2 2023,Moderate,59.52941459225613,26.512188084519444,36.83241910458719,122.87402178136276,96.36183369684332,0,1,0,0
CDS 1 2023,Hard,47.46811087211534,42.49406060036885,27.63615348879374,117.59832496127794,75.10426436090908,0,1,0,0
CDS 2 2023,Moderate,56.01407961086241,38.58519608876972,24.62673801698657,119.2260137166187,80.64081762784897,0,0,0,0
Standard Mock,Moderate,72.08323285947233,55.34588168346662,37.447846196034995,164.87696073897393,109.53107905550732,1,1,1,1
CDS 1 2022,Moderate,51.0112618912267,41.72274831738604,5.4617651459937555,98.1957753546065,56.47302703722046,0,0,0,0
CDS 1 2022,Moderate,51.33429445574504,87.4286845641821,38.49012268628079,177.25310170620793,89.82441714202582,1,1,1,0
Standard Mock,Moderate,66.95166017618256,54.82523634407338,62.35960159383488,184.1364981140908,129.31126177001744,1,1,1,1
CDS 2 2023,Moderate,53.701137624272846,69.3676631937325,38.47916078120883,161.54796159921418,92.18029840548168,1,1,1,0
CDS 1 2023,Hard,73.29562596321239,43.03820434839159,25.39730105565537,141.73113136725934,98.69292701886775,1,1,1,1
CDS 1 2023,Hard,40.70733120328855,58.640256388670736,36.59734899753144,135.94493658949074,77.30468020081999,1,1,1,0
Standard Mock,Moderate,60.39799454116016,52.32157141533075,28.32615945639872,141.04572541288962,88.72415399755889,1,1,0,0
CDS 2 2022,Easy,69.17459031363165,57.144581492031435,40.8114383184962,167.1306101241593,109.98602863212786,1,1,1,1
Standard Mock,Moderate,58.26185149530629,56.83472934198152,44.959549282264064,160.05613011955188,103.22140077757035,1,1,1,1
CDS 2 2023,Moderate,50.16896852855851,44.94750699568126,24.894093968414055,120.01056949265381,75.06306249697256,0,1,0,0
CDS 1 2022,Moderate,67.36837124105179,40.28219507852813,36.480574138908146,144.13114045848806,103.84894537995993,1,1,0,0
Standard Mock,Moderate,62.6151859672583,58.56583752268958,31.69189480477728,152.87291829472514,94.30708077203558,1,1,1,0
CDS 1 2023,Hard,58.33058435067048,42.77822526455754,27.47777450038285,128.58658411561086,85.80835885105333,1,1,0,0
Standard Mock,Moderate,73.15048059524202,52.83188377976593,29.303699234536225,155.28606360954416,102.45417982977824,1,1,1,1
CDS 1 2023,Hard,54.295396595340044,32.14522070085123,33.415869470896794,119.85648676708809,87.71126606623685,0,1,0,0
CDS 2 2023,Moderate,61.103354331593756,36.75591622504671,46.07823282416801,143.9375033808085,107.18158715576178,1,1,1,1
CDS 1 2023,Hard,41.70594896674918,25.95204963759773,19.668355484104286,87.32635408845121,61.37430445085347,0,0,0,0
CDS 2 2022,Easy,70.95323287892664,51.42525586307763,25.941403141345347,148.3198918833496,96.89463602027199,1,1,0,0
CDS 2 2022,Easy,71.18289303310708,50.373292240450176,44.166590605485936,165.72277587904318,115.34948363859301,1,1,1,1
CDS 2 2023,Moderate,61.90923731755106,45.309108533421764,36.07145329737568,143.2897991483485,97.98069061492674,1,1,1,0
CDS 1 2022,Moderate,57.8916528134542,57.71173084717561,57.35427434756961,172.95765800819942,115.24592716102381,1,1,1,1
CDS 2 2023,Moderate,84.80650917512143,46.98040083734223,30.030368670794985,161.81727868325865,114.83687784591642,1,1,1,1
CDS 1 2023,Hard,41.67874234723352,62.82295778395001,23.52346558328342,128.02516571446697,65.20220793051695,1,1,0,0
CDS 2 2023,Moderate,54.77965710158244,33.07965287184132,54.19281300144459,142.05212297486835,108.97247010302704,1,1,1,1
CDS 2 2023,Moderate,49.465309659267234,47.23500093984987,31.587687789765788,128.2879983888829,81.05299744903303,0,1,0,0
Standard Mock,Moderate,69.2308729245013,43.004216911871666,39.507704171862656,151.74279400823562,108.73857709636395,1,1,1,1
Standard Mock,Moderate,58.66684193481894,37.02415517609124,31.809370802152998,127.50036791306319,90.47621273697195,0,1,0,0
CDS 1 2022,Moderate,51.12037063398378,26.06202086487432,45.278838914334095,122.4612304131922,96.39920954831788,0,0,0,0
CDS 2 2023,Moderate,76.17358697445054,38.729896723294075,31.57005774397768,146.47354144172232,107.74364471842823,1,1,1,1
CDS 2 2023,Moderate,67.39759290697269,61.41158929924749,49.85216584147118,178.66134804769135,117.24975874844387,1,1,1,1
CDS 2 2023,Moderate,65.01852049359891,27.402029074273607,45.86863489721836,138.28918446509087,110.88715539081727,1,1,0,1
Standard Mock,Moderate,54.781694585118515,62.6956647745821,25.888299399751553,143.36565875945217,80.66999398487008,1,1,0,0
CDS 1 2023,Hard,51.16521981076113,46.430283309863654,36.763252454256445,134.35875557488123,87.92847226501758,1,1,0,0
Standard Mock,Moderate,51.37693063836319,63.52581228977671,29.130417900237155,144.03316082837705,80.50734853860035,1,1,0,0
CDS 1 2023,Hard,47.24517351315586,30.60950456408266,30.998940881563833,108.85361895880236,78.2441143947197,0,0,0,0
CDS 1 2023,Hard,51.86047813084139,30.605601876430104,29.630704448240223,112.09678445551172,81.49118257908162,0,1,0,0
CDS 2 2022,Easy,55.39553046016118,44.86315109450589,42.862733367774425,143.1214149224415,98.25826382793561,1,1,0,0
CDS 1 2023,Hard,46.893424443013274,39.06510344402418,22.487574850384235,108.44610273742168,69.38099929339751,0,0,0,0
CDS 2 2023,Moderate,69.43701634399841,39.288982968074656,50.06528636312267,158.79128567519572,119.50230270712107,1,1,1,1
Standard Mock,Moderate,81.50310793331211,61.00258227993444,24.952951392932043,167.4586416061786,106.45605932624414,1,1,1,1
CDS 2 2023,Moderate,52.78303545984557,39.062926118587335,26.290767301299894,118.1367288797328,79.07380276114546,0,0,0,0
CDS 2 2022,Easy,64.47552300350881,63.03841645485787,45.7997217103361,173.31366116870277,110.27524471384491,1,1,1,1
Standard Mock,Moderate,50.560149846521114,37.00033567963743,25.103407124887312,112.66389265104586,75.66355697140843,0,0,0,0
CDS 1 2023,Hard,53.88645597614489,28.59789445516246,28.318755166473004,110.80310559778034,82.20521114261788,0,0,0,0
CDS 1 2022,Moderate,62.69603694063244,41.943414457978186,57.62568808335318,162.2651394819638,120.32172502398562,1,1,1,1
Standard Mock,Moderate,55.66488178796467,41.29420449915846,40.596615703243685,137.55570199036683,96.26149749120836,1,1,0,0
CDS 1 2022,Moderate,66.68964481718183,69.98543529092761,27.814572932209597,164.48965304031904,94.50421774939143,1,1,1,0
CDS 2 2023,Moderate,63.44774972592295,40.935699606368715,28.799770509232886,133.18321984152453,92.24752023515583,1,1,0,0
CDS 2 2022,Easy,59.86200247291965,39.774987908784595,53.72749666248873,153.36448704419297,113.58949913540837,1,1,1,1
CDS 1 2023,Hard,48.32058329540495,39.811744398916744,25.50671554459659,113.63904323891829,73.82729884000155,0,1,0,0
CDS 2 2023,Moderate,57.288903073532055,43.20212779685439,20.08772168609537,120.57875255648182,77.37662475962742,0,1,0,0
CDS 2 2022,Easy,64.00449316815032,63.24130586857198,33.71902164920217,160.96482068592445,97.72351481735248,1,1,1,0
Standard Mock,Moderate,69.19408428753647,50.76649904220875,34.21613300270607,154.1767163324513,103.41021729024254,1,1,1,1
CDS 2 2023,Moderate,38.38944002650729,60.05786030109495,30.78897227838168,129.2362726059839,69.17841230488897,0,1,0,0
CDS 1 2022,Moderate,55.76563416820723,75.33226711237117,27.62738323608039,158.7252845166588,83.39301740428762,1,1,1,0
CDS 2 2022,Easy,83.19077190195804,68.66692733776057,44.67574912482157,196.5334483645402,127.86652102677962,1,1,1,1
Standard Mock,Moderate,37.740645820419225,42.360505521922185,27.124485593712933,107.22563693605434,64.86513141413215,0,0,0,0
Standard Mock,Moderate,57.64019901133054,17.39968450180384,30.100559790260377,105.14044330339476,87.74075880159091,0,0,0,0
CDS 2 2023,Moderate,63.8602461870856,67.22278549907978,40.43654128280607,171.51957296897143,104.29678746989167,1,1,1,1
Standard Mock,Moderate,52.116907352250365,15.84018616842637,26.29836842220098,94.25546194287772,78.41527577445135,0,0,0,0
CDS 2 2022,Easy,62.06433163409114,47.65878565368737,49.01111781062171,158.73423509840023,111.07544944471286,1,1,1,1
Standard Mock,Moderate,81.43444818543648,49.76390741146267,32.43405164210476,163.6324072390039,113.86849982754124,1,1,1,1
CDS 2 2023,Moderate,46.36896919418406,24.248162461767656,37.872203451752796,108.4893351077045,84.24117264593686,0,0,0,0
CDS 2 2022,Easy,71.93697955013145,71.31149709203812,47.24428176235412,190.4927584045237,119.18126131248557,1,1,1,1
CDS 2 2022,Easy,54.800312812323114,61.76579871263805,41.60562118297419,158.17173270793535,96.4059339952973,1,1,1,0
CDS 2 2022,Easy,69.4228163833031,26.296217325326317,31.347007248651487,127.0660409572809,100.76982363195458,0,0,0,0
CDS 2 2022,Easy,68.46960296884481,48.19995288446272,38.4750032169008,155.14455907020835,106.94460618574561,1,1,1,0
CDS 1 2022,Moderate,67.63945363715466,32.169659366786405,34.55080461845567,134.35991762239672,102.19025825561033,0,1,0,0
CDS 1 2023,Hard,35.685477109037784,68.71614753720144,20.968293878934677,125.3699185251739,56.653770987972464,1,1,0,0
CDS 2 2023,Moderate,67.22776773932773,45.820068873770346,36.88612341975012,149.9339600328482,104.11389115907785,1,1,1,1
CDS 1 2023,Hard,52.52607060052564,34.112851097158824,39.33756786687276,125.97648956455723,91.8636384673984,1,1,0,0
CDS 1 2023,Hard,60.76920410684293,63.28187958202075,27.21257639766725,151.26366008653093,87.98178050451017,1,1,1,0
CDS 1 2023,Hard,62.422885075783036,32.98708270374114,39.96445451746901,135.3744222969932,102.38733959325205,1,1,1,1
Standard Mock,Moderate,70.58136112567422,49.32041788719419,31.874225746053092,151.77600475892152,102.45558687172732,1,1,1,1
CDS 2 2022,Easy,81.35047670619458,57.4389727756648,29.57224943243581,168.3616989142952,110.9227261386304,1,1,1,1
CDS 1 2023,Hard,59.38005258518727,34.59058608287842,34.16003504640648,128.13067371447215,93.54008763159375,1,1,0,0
CDS 1 2022,Moderate,80.86264100808081,65.50662466358963,22.050681146597398,168.41994681826785,102.91332215467821,1,1,1,0
Standard Mock,Moderate,72.15065605591639,28.94127481550616,54.008887896036846,155.10081876745937,126.15954395195322,1,1,1,1
CDS 2 2022,Easy,56.3116851211029,32.47553014443629,54.919430591616404,143.7066458571556,111.2311157127193,1,1,0,1
CDS 1 2022,Moderate,43.935410989595866,50.30392546346721,30.116922132885083,124.35625858594815,74.05233312248095,0,0,0,0
CDS 2 2022,Easy,80.92225073648775,47.701130223225526,38.147340850696416,166.7707218104097,119.06959158718416,1,1,1,1
CDS 2 2022,Easy,68.11389937696427,60.29487786604325,44.69596483294401,173.10474207595155,112.80986420990828,1,1,1,1
CDS 1 2023,Hard,53.22013792048655,28.988608130724014,14.359311088654803,96.56805713986537,67.57944900914136,0,0,0,0
CDS 2 2022,Easy,79.20271085267463,51.12973457071532,41.870689379766,172.20313480315596,121.07340023244063,1,1,1,1
CDS 1 2023,Hard,66.18168548373974,37.295822395443906,20.959066941048413,124.43657482023207,87.14075242478816,1,1,0,0
CDS 1 2023,Hard,56.37758405174037,41.20915387481919,26.468979973642966,124.05571790020252,82.84656402538334,1,1,0,0
CDS 1 2022,Moderate,58.12306068578235,50.17773458254867,21.00656952214125,129.30736479047226,79.1296302079236,0,1,0,0
CDS 2 2022,Easy,51.71648208487132,71.48962988980131,41.65615125096722,164.86226322563985,93.37263333583854,1,1,1,0
CDS 2 2022,Easy,62.18976802723945,53.476146241540235,28.285168700290136,143.95108296906983,90.47493672752958,1,1,0,0
CDS 2 2022,Easy,56.68028891921469,53.22413502972576,45.945090026314695,155.84951397525515,102.62537894552938,1,1,1,0
CDS 2 2022,Easy,82.09763251664573,53.163033946223166,51.62989595677338,186.89056241964227,133.7275284734191,1,1,1,1
CDS 1 2022,Moderate,67.15609067973091,48.40748262198202,31.067635908371546,146.63120921008448,98.22372658810245,1,1,0,0
CDS 2 2023,Moderate,56.38565803649688,65.19585932051494,42.664559598497085,164.2460769555089,99.05021763499397,1,1,1,0
CDS 2 2023,Moderate,67.98648207191144,59.07640124682875,44.219366012853556,171.28224933159373,112.205848084765,1,1,1,1
Standard Mock,Moderate,65.5125592233471,68.411658232998,23.60713840789732,157.5313558642424,89.11969763124442,1,1,1,0
CDS 2 2022,Easy,83.04410826698425,50.55162501740582,37.66120396686632,171.2569372512564,120.70531223385058,1,1,1,1
Standard Mock,Moderate,66.12411652915375,45.576647174963774,40.50812835183505,152.20889205595256,106.6322448809888,1,1,1,1
CDS 2 2023,Moderate,47.49974344412396,54.61723845810654,38.057011907497774,140.17399380972827,85.55675535162173,1,1,0,0
CDS 2 2022,Easy,72.25821148038797,51.74661821965709,43.492927723542074,167.49775742358713,115.75113920393005,1,1,1,1
CDS 2 2023,Moderate,69.94002039506279,42.420923827623355,35.658484975659185,148.01942919834534,105.59850537072197,1,1,1,1
Standard Mock,Moderate,58.19346617954279,45.813098109857535,17.54030967525018,121.5468739646505,75.73377585479297,0,0,0,0
CDS 2 2022,Easy,71.88436519874668,73.24797007577423,43.397830221392304,188.5301654959132,115.28219542013898,1,1,1,1
Standard Mock,Moderate,57.370250859842955,57.512882115669264,39.87313163053316,154.7562646060454,97.24338249037612,1,1,1,0
CDS 1 2023,Hard,78.42857008287407,27.46975385363172,31.158123928941123,137.05644786544693,109.5866940118152,1,1,1,1
CDS 2 2022,Easy,73.47928753355282,51.129415477280546,58.65727355968457,183.26597657051792,132.1365610932374,1,1,1,1
Standard Mock,Moderate,68.41081538606416,60.20478652764184,47.287280552289204,175.90288246599522,115.69809593835336,1,1,1,1
Standard Mock,Moderate,61.25558522473578,47.02464542383697,28.015262417868538,136.29549306644128,89.27084764260432,1,1,0,0
CDS 2 2023,Moderate,64.58600453877631,52.00734057598847,44.08222524091729,160.67557035568208,108.6682297796936,1,1,1,1
CDS 1 2022,Moderate,56.20092033459423,58.321020812913844,40.553796561497684,155.07573770900575,96.7547168960919,1,1,1,0
CDS 1 2022,Moderate,63.79610056414481,45.82312758339372,26.638128854616753,136.2573570021553,90.43422941876156,1,1,0,0
Standard Mock,Moderate,69.47820776412466,22.88186373130609,21.169821912555264,113.52989340798601,90.64802967667993,0,0,0,0
Standard Mock,Moderate,75.08082850144021,55.280760030241275,40.1141525502188,170.47574108190028,115.194981051659,1,1,1,1
CDS 2 2023,Moderate,49.231830263729435,51.30298425082037,42.37528063466538,142.91009514921518,91.60711089839481,1,1,1,0
CDS 1 2023,Hard,39.15672422151603,41.904199883424745,41.394267314190856,122.45519141913164,80.55099153570688,1,1,0,0
CDS 1 2022,Moderate,56.039160339207314,23.81733713481148,31.220102540147824,111.07660001416662,87.25926287935513,0,0,0,0
Standard Mock,Moderate,65.93336599631364,45.67103841200286,37.618572072457255,149.22297648077375,103.5519380687709,1,1,1,1
CDS 1 2023,Hard,67.78485207451672,32.83873028358862,18.929127848033232,119.55271020613857,86.71397992254995,0,1,0,0
CDS 1 2023,Hard,46.49991745239614,40.809640303086674,27.769640161827574,115.07919791731038,74.26955761422371,0,1,0,0
CDS 1 2023,Hard,59.30013523811355,29.471731178141276,27.224212375159063,115.99607879141388,86.52434761327261,0,1,0,0
CDS 2 2023,Moderate,76.86006949770444,49.719440062584304,59.11640191788569,185.69591147817445,135.97647141559014,1,1,1,1
Standard Mock,Moderate,52.43219632979133,30.638914724058417,49.754541310422944,132.82565236427268,102.18673764021428,0,1,0,1
CDS 2 2023,Moderate,56.652266752951725,34.085573394594135,28.038829486536983,118.77666963408284,84.6910962394887,0,0,0,0
Standard Mock,Moderate,57.199757670782304,48.15185356978385,26.35827920826035,131.7098904488265,83.55803687904265,0,1,0,0
CDS 1 2022,Moderate,60.27177167672464,43.55383972087356,28.786682764780206,132.61229416237842,89.05845444150485,0,1,0,0
CDS 1 2023,Hard,52.6915103209629,38.21884718722977,36.47876848895542,127.38912599714808,89.17027880991832,1,1,0,0
CDS 1 2023,Hard,63.24701740786097,46.8583683628089,34.68650386843724,144.79188963910713,97.93352127629822,1,1,1,0
CDS 2 2022,Easy,78.87845970345973,49.32180272431464,28.8060912025409,157.00635363031526,107.68455090600062,1,1,1,1
Standard Mock,Moderate,77.63298800299569,14.218515721129805,32.426834994107324,124.27833871823282,110.05982299710301,0,0,0,1
Standard Mock,Moderate,57.97031656852115,16.594642590825472,36.3493953016325,110.91435446097911,94.31971187015364,0,0,0,0
CDS 1 2022,Moderate,73.33935639887949,51.942757382250186,27.86287536134398,153.14498914247366,101.20223176022347,1,1,1,0
CDS 1 2023,Hard,52.74018454655938,27.15390238437496,19.693188646367666,99.587275577302,72.43337319292704,0,0,0,0
CDS 1 2023,Hard,45.64917163572453,38.229541742798176,38.685375273469106,122.56408865199181,84.33454690919363,1,1,0,0
CDS 1 2023,Hard,49.78134483448253,54.35380265831351,22.52312869927815,126.6582761920742,72.30447353376069,1,1,0,0
CDS 1 2023,Hard,69.64201272523587,45.90924806985,39.477951189653446,155.02921198473933,109.11996391488933,1,1,1,1
CDS 1 2022,Moderate,62.898300418707116,45.05017047946731,22.840621820240983,130.78909271841542,85.7389222389481,0,1,0,0
CDS 2 2023,Moderate,53.16139796653563,60.68452102998439,16.744878910152902,130.59079790667292,69.90627687668854,1,1,0,0
CDS 2 2022,Easy,58.041700536077244,65.58095680912015,51.95941907435307,175.58207641955048,110.00111961043032,1,1,1,1
Standard Mock,Moderate,65.56717976633419,40.61623341511551,41.12884071763184,147.31225389908155,106.69602048396604,1,1,1,1
CDS 1 2022,Moderate,78.57850151290666,51.62318022142445,35.431254309530495,165.6329360438616,114.00975582243714,1,1,1,1
Standard Mock,Moderate,53.509236664333606,53.72755210571308,25.6883473922304,132.92513616227708,79.19758405656401,0,1,0,0
Standard Mock,Moderate,62.175134959387854,30.738879374695152,27.106476340974226,120.02049067505723,89.28161130036207,0,0,0,0
CDS 2 2023,Moderate,47.30076912672453,40.64095422419914,46.96133717091107,134.90306052183473,94.2621062976356,1,1,0,0
CDS 2 2023,Moderate,56.61091454324166,34.53419326216302,49.50340258759062,140.64851039299532,106.11431713083229,1,1,0,1
CDS 1 2023,Hard,47.73005174282943,59.416821773992474,23.849865371514454,130.99673888833635,71.57991711434389,1,1,0,0
Standard Mock,Moderate,79.93383500582414,57.40061668985088,42.51563225402171,179.85008394969674,122.44946725984585,1,1,1,1
CDS 1 2023,Hard,49.19644997147269,43.21235505230394,45.57862789523426,137.9874329190109,94.77507786670695,1,1,1,0
CDS 1 2023,Hard,63.531102644497395,36.783608952068676,29.155800489832366,129.47051208639843,92.68690313432975,1,1,0,0
CDS 2 2022,Easy,81.63042259596118,72.41650553284458,45.39723679738307,199.44416492618882,127.02765939334425,1,1,1,1
CDS 2 2022,Easy,67.55328171745045,47.999884805458144,31.51633463576909,147.0695011586777,99.06961635321954,1,1,0,0
Standard Mock,Moderate,61.0296524246461,34.71046309646771,28.73499783956673,124.47511336068055,89.76465026421283,0,0,0,0
CDS 2 2022,Easy,77.01417031787025,56.658312973495846,34.55129929176488,168.22378258313097,111.56546960963513,1,1,1,1
CDS 2 2022,Easy,67.96133589885605,72.40959359570488,34.11846874679431,174.48939824135525,102.07980464565037,1,1,1,0
Standard Mock,Moderate,48.82858238795387,50.953412476519006,37.61625263580771,137.3982475002806,86.44483502376158,1,1,0,0
CDS 1 2022,Moderate,59.45745397135852,58.44981062236157,22.030873867280174,139.93813846100028,81.4883278386387,1,1,0,0
CDS 2 2023,Moderate,67.43510670334597,56.489846486464344,28.244314714087835,152.16926790389815,95.6794214174338,1,1,1,0
CDS 2 2022,Easy,68.74907686300776,44.75285302514371,27.193878546388916,140.69580843454037,95.94295540939667,1,1,0,0
CDS 1 2023,Hard,66.3828144488958,33.22836465027249,32.475329481136406,132.0865085803047,98.85814393003221,1,1,0,1
CDS 2 2023,Moderate,51.41524108827358,42.66624564146755,29.846062018845792,123.92754874858693,81.26130310711937,0,1,0,0
CDS 2 2022,Easy,56.54036967370748,68.68015943680942,22.58235887616698,147.80288798668388,79.12272854987447,1,1,0,0
CDS 1 2022,Moderate,69.70633672611443,49.63573554676401,22.267445481931404,141.60951775480984,91.97378220804583,1,1,0,0
CDS 1 2023,Hard,45.977617972852336,35.86280104151612,27.907462214187717,109.74788122855617,73.88508018704005,0,0,0,0
CDS 2 2023,Moderate,55.72165784282127,42.716091783885716,55.02947084076286,153.46722046746987,110.75112868358414,1,1,1,1
CDS 1 2023,Hard,46.91736174933075,52.52532347682106,23.89934856402362,123.34203379017544,70.81671031335438,1,1,0,0
CDS 1 2022,Moderate,43.478976683070655,65.36187408133841,27.373770835644798,136.21462160005387,70.85274751871546,1,1,0,0
CDS 1 2022,Moderate,62.43986187997647,73.58575752172442,36.91922005036113,172.944839452062,99.3590819303376,1,1,1,0
CDS 2 2023,Moderate,62.463479529484985,44.615075317483814,27.918138386404173,134.99669323337298,90.38161791588917,1,1,0,0
CDS 2 2022,Easy,53.645676909694316,61.894740610440586,52.559370400156965,168.09978792029187,106.20504730985128,1,1,1,0
Standard Mock,Moderate,71.24414149970889,43.02947062886961,47.1298392854937,161.4034514140722,118.37398078520259,1,1,1,1
CDS 2 2022,Easy,55.552471479911105,44.52686715053754,39.48286888691954,139.56220751736817,95.03534036683064,0,1,0,0
Standard Mock,Moderate,61.64956875409025,45.98232424740999,46.32096880834689,153.95286180984712,107.97053756243713,1,1,1,1
CDS 1 2022,Moderate,61.49995089907739,57.63273086925237,34.06154383776634,153.1942256060961,95.56149473684373,1,1,1,0
CDS 1 2022,Moderate,53.3221760571171,53.65042631250457,13.035537383569007,120.00813975319068,66.3577134406861,0,0,0,0
Standard Mock,Moderate,69.87834421307994,40.31723405438383,39.46374244758536,149.65932071504915,109.3420866606653,1,1,1,1
Standard Mock,Moderate,48.64987901813931,49.69774743521609,39.94497531780321,138.29260177115862,88.59485433594253,1,1,0,0
CDS 2 2022,Easy,63.7420737234167,43.638398869824016,58.22463342993791,165.60510602317862,121.9667071533546,1,1,1,1
CDS 2 2023,Moderate,77.75037021127466,25.973154277549504,35.3178390487064,139.04136353753054,113.06820925998105,1,1,0,1
Standard Mock,Moderate,58.20797345680859,43.619339606340354,44.59496076599441,146.42227382914336,102.802934222803,1,1,1,1
CDS 2 2022,Easy,50.25221458761605,44.71393151329953,38.3548546820383,133.3210007829539,88.60706926965435,0,1,0,0
CDS 1 2022,Moderate,64.91814401087963,35.324755107022725,42.733998160676116,142.97689727857846,107.65214217155574,1,1,0,1
Standard Mock,Moderate,52.941959448843505,37.69386866041249,42.566424651069376,133.2022527603254,95.50838409991289,0,1,0,0
CDS 1 2022,Moderate,49.17841864172005,52.22446335549745,23.21308868203745,124.61597067925496,72.39150732375751,0,0,0,0
CDS 1 2023,Hard,58.091577195174644,40.06102475353881,24.527631756967665,122.68023370568113,82.61920895214232,1,1,0,0
CDS 2 2022,Easy,80.27132384155131,31.579088691874606,30.259398430817782,142.1098109642437,110.53072227236909,1,1,0,1
CDS 2 2023,Moderate,64.5507557572037,39.47969895821878,33.89598836098411,137.9264430764066,98.44674411818781,1,1,0,0
Standard Mock,Moderate,66.52080237354907,21.500663761438886,43.3922514466879,131.41371758167585,109.91305382023697,0,1,0,1
CDS 1 2022,Moderate,53.47402090668512,55.00085898957829,58.17516231196855,166.65004220823195,111.64918321865366,1,1,1,1
CDS 2 2023,Moderate,66.7610363829715,48.20482590239671,46.72894278631478,161.694805071683,113.48997916928627,1,1,1,1
CDS 2 2023,Moderate,67.9668416009162,54.46849796103311,42.180620438372024,164.61596000032134,110.14746203928823,1,1,1,1
Standard Mock,Moderate,56.779880293825954,40.93966122831866,36.720589223662586,134.4401307458072,93.50046951748854,0,1,0,0
CDS 1 2022,Moderate,60.12814304566495,38.51251210472457,23.31509107900733,121.95574622939685,83.44323412467227,0,0,0,0
CDS 2 2022,Easy,62.17687958075071,48.93979275105788,30.56294568569924,141.67961801750783,92.73982526644994,1,1,0,0
Standard Mock,Moderate,58.36074023244484,59.39108762223491,39.02262344664378,156.77445130132352,97.38336367908862,1,1,1,0
CDS 2 2022,Easy,60.36215628621892,66.26333294350592,53.35104617268624,179.97653540241106,113.71320245890516,1,1,1,1
CDS 2 2023,Moderate,65.04093831943942,51.8294501024225,36.53649129296619,153.4068797148281,101.57742961240561,1,1,1,0
Standard Mock,Moderate,71.87051150666382,64.01936074060372,47.23579659759274,183.1256688448603,119.10630810425656,1,1,1,1
CDS 1 2022,Moderate,60.41326831877003,64.12255807946462,40.54967164998613,165.08549804822078,100.96293996875616,1,1,1,0
Standard Mock,Moderate,53.76283965083607,48.19243995616174,31.815831462816963,133.77111106981476,85.57867111365303,0,1,0,0
Standard Mock,Moderate,68.99598737979406,45.229630665624775,44.151721507186224,158.37733955260506,113.14770888698028,1,1,1,1
CDS 1 2022,Moderate,44.9139054562029,36.980206352059184,37.46183944295967,119.35595125122175,82.37574489916257,0,0,0,0
CDS 1 2023,Hard,40.100637953597776,43.91657209414672,19.88902751413027,103.90623756187478,59.989665467728045,0,0,0,0
CDS 1 2023,Hard,68.61037360932806,42.53656785575158,30.31115612988995,141.4580975949696,98.92152973921802,1,1,1,1
CDS 1 2022,Moderate,71.82894938877925,54.24211705920326,19.555450909164456,145.62651735714695,91.3844002979437,1,1,0,0
CDS 1 2022,Moderate,59.884102156811785,42.19819309915421,40.66057458832067,142.74286984428664,100.54467674513245,1,1,0,0
Standard Mock,Moderate,51.820627095735176,67.79029588001355,36.405089042856055,156.01601201860478,88.22571613859122,1,1,1,0
CDS 2 2023,Moderate,68.60910104541463,31.908335568224643,29.923072298199084,130.44050891183838,98.53217334361372,1,1,0,0
CDS 2 2023,Moderate,43.179327163022144,36.539012542370074,48.160994518504815,127.87933422389703,91.34032168152696,0,1,0,0
CDS 2 2022,Easy,61.74486587005064,35.6331825342521,53.212111260775764,150.5901596650785,114.9569771308264,1,1,0,1
CDS 1 2023,Hard,69.92264509475059,26.217000217135134,27.970876368859983,124.1105216807457,97.89352146361057,1,1,0,0
Standard Mock,Moderate,57.526490728510865,53.289837586868586,27.774032185985224,138.59036050136467,85.30052291449609,1,1,0,0
CDS 2 2022,Easy,58.518675661122224,52.35324958709213,20.88357789080957,131.75550313902392,79.40225355193179,0,0,0,0
CDS 1 2022,Moderate,46.43454947713461,33.75443601260011,37.043198839883196,117.23218432961792,83.47774831701781,0,0,0,0
CDS 2 2022,Easy,60.11987196827914,52.450495299588766,41.82587804214336,154.39624531001127,101.9457500104225,1,1,1,0
Standard Mock,Moderate,62.504302830010445,34.104795603224325,41.80287165717757,138.41197009041232,104.30717448718801,1,1,0,1
CDS 2 2023,Moderate,59.35602459375292,50.967999620190284,1.7049620249187072,112.0289862388619,61.06098661867163,0,0,0,0
Standard Mock,Moderate,56.991858696251576,51.78863306755829,25.165502365220288,133.94599412903014,82.15736106147186,0,1,0,0
CDS 1 2022,Moderate,71.72697577185068,36.66222611709936,30.23982252401057,138.6290244129606,101.96679829586125,1,1,0,0
Standard Mock,Moderate,61.650252624387115,40.07542355357353,21.643933333536395,123.36960951149703,83.2941859579235,0,0,0,0
CDS 2 2023,Moderate,72.22402161650503,25.446396432646004,35.62179229812288,133.2922103472739,107.84581391462791,1,1,0,1
CDS 2 2023,Moderate,42.03008352720599,58.34868691101225,36.62085692646775,136.99962736468598,78.65094045367374,1,1,0,0
CDS 2 2022,Easy,48.8237854137385,70.96412208987662,44.49712607496508,164.28503357858023,93.32091148870359,1,1,1,0
CDS 2 2022,Easy,83.87858987958639,61.08163113462969,43.31222759859876,188.27244861281486,127.19081747818515,1,1,1,1
CDS 2 2023,Moderate,38.668155723718556,41.094117442846546,55.99752547995989,135.75979864652498,94.66568120367845,1,1,0,0
Standard Mock,Moderate,50.665288415749586,66.14008097022517,32.44793865560376,149.25330804157852,83.11322707135335,1,1,1,0
CDS 1 2022,Moderate,82.08046047543547,59.97701007124386,36.25408679475844,178.31155734143778,118.33454727019392,1,1,1,1
CDS 1 2023,Hard,55.43204048685504,57.72092404945949,21.69763621585453,134.85060075216904,77.12967670270956,1,1,0,0
CDS 1 2023,Hard,48.77872519643611,55.58249595722901,42.28424618697506,146.64546734064018,91.06297138341117,1,1,1,0
CDS 1 2022,Moderate,66.14036263957207,74.78815239822886,53.28974756254353,194.21826260034447,119.4301102021156,1,1,1,1
CDS 1 2022,Moderate,58.247566370356886,25.628761952922332,26.912058815835685,110.7883871391149,85.15962518619257,0,0,0,0
CDS 2 2023,Moderate,82.44682255430256,61.620442285220875,30.603179910815506,174.67044475033896,113.05000246511807,1,1,1,1
CDS 1 2022,Moderate,52.587446324905166,39.59858889821504,50.38265640912035,142.56869163224056,102.97010273402552,1,1,0,0
CDS 1 2022,Moderate,48.08280866382657,41.61869158846035,32.9149356904625,122.61643594274942,80.99774435428907,0,0,0,0
CDS 1 2023,Hard,60.96299785461213,47.53242873462305,29.58884058245981,138.084267171695,90.55183843707194,1,1,1,0
CDS 2 2023,Moderate,57.08978526914706,40.997273425247116,28.34892628981195,126.43598498420612,85.438711558959,0,1,0,0
CDS 2 2022,Easy,85.44938798031026,31.194853486563467,42.251709322269356,158.8959507891431,127.70109730257963,1,1,1,1
Standard Mock,Moderate,54.79790986545919,70.14479617500454,35.96866032475876,160.91136636522248,90.76657019021795,1,1,1,0
Standard Mock,Moderate,70.286987158899,77.02026904286942,25.78282163518085,173.09007783694926,96.06980879407985,1,1,1,0
CDS 2 2022,Easy,64.68839635198522,41.13989803120117,52.46329811074945,158.29159249393584,117.15169446273467,1,1,1,1
CDS 1 2022,Moderate,36.01836904749102,8.995998285651531,20.91568509631639,65.93005242945895,56.934054143807415,0,0,0,0
CDS 1 2023,Hard,76.12089327252909,28.904271778623624,31.716263351091328,136.74142840224403,107.83715662362042,1,1,1,1
CDS 2 2022,Easy,69.5262402998012,62.45120074736789,41.893340361801656,173.87078140897074,111.41958066160285,1,1,1,1
CDS 1 2022,Moderate,72.09531401136269,37.44192832678816,32.100788469749844,141.6380308079007,104.19610248111253,1,1,0,0
Standard Mock,Moderate,68.27775214371917,49.20882969745614,43.02332777884466,160.50990962001998,111.30107992256383,1,1,1,1
Standard Mock,Moderate,81.77554188680773,37.20170434037678,30.62177877138348,149.59902499856798,112.3973206581912,1,1,1,1
CDS 2 2023,Moderate,64.18091427506602,53.946198289738746,28.250621430865017,146.37773399566976,92.43153570593103,1,1,1,0
CDS 2 2023,Moderate,51.6699174416056,70.69008504046998,30.997577170681144,153.35757965275673,82.66749461228675,1,1,1,0
Standard Mock,Moderate,55.94412643252321,62.048145464478004,27.01148455982704,145.00375645682826,82.95561099235024,1,1,1,0
Standard Mock,Moderate,49.48958049713306,54.918733446107936,28.07056769852932,132.47888164177033,77.56014819566238,0,1,0,0
CDS 2 2023,Moderate,69.38411423873292,39.03333801335418,47.20476391081075,155.62221616289784,116.58887814954366,1,1,1,1
CDS 1 2022,Moderate,65.9600867298612,40.73213239787241,30.338918004558202,137.03113713229183,96.29900473441941,1,1,0,0
Standard Mock,Moderate,72.03212782292286,51.33845515225176,29.50445604140414,152.87503901657877,101.536583864327,1,1,1,1
CDS 2 2023,Moderate,61.555794692306385,59.59311426427585,24.292456236614974,145.4413651931972,85.84825092892136,1,1,1,0
CDS 2 2023,Moderate,65.60280893678954,51.32905333484812,15.13709388129579,132.06895615293345,80.73990281808534,1,1,0,0
CDS 2 2023,Moderate,52.27026565833379,30.655201958630904,45.97075306412628,128.89622068109097,98.24101872246007,0,1,0,0
CDS 2 2022,Easy,61.43523031370456,55.6520835297025,43.620245509884654,160.7075593532917,105.0554758235892,1,1,1,0
CDS 2 2022,Easy,72.62958256713972,74.82297204240854,24.81578013990711,172.26833474945536,97.44536270704683,1,1,1,0
CDS 1 2022,Moderate,65.25144658788271,58.4908820307989,48.59718213000896,172.33951074869057,113.84862871789167,1,1,1,1
CDS 1 2023,Hard,54.883898855449566,33.23736182501559,19.726414312710716,107.84767499317587,74.61031316816027,0,0,0,0
CDS 2 2023,Moderate,75.89563332862578,40.56480023875572,48.854377816563826,165.3148113839453,124.7500111451896,1,1,1,1
CDS 2 2023,Moderate,31.816957137978214,44.5475653424506,32.87310265694881,109.23762513737762,64.69005979492702,0,0,0,0
CDS 2 2023,Moderate,57.50227387959617,58.51455095185996,40.28539201831401,156.30221684977016,97.78766589791019,1,1,1,0
CDS 2 2022,Easy,74.90299547099524,33.390751576928366,44.45709140135367,152.7508384492773,119.36008687234892,1,1,1,1
CDS 2 2022,Easy,61.588002673067045,59.49060081762974,63.0408978354919,184.1195013261887,124.62890050855894,1,1,1,1
CDS 2 2023,Moderate,63.67819568443865,52.984555470071875,38.59485939773858,155.2576105522491,102.27305508217722,1,1,1,1
CDS 1 2023,Hard,31.168878189140766,39.54528601846373,28.083805464711453,98.79796967231594,59.252683653852216,0,0,0,0
CDS 2 2022,Easy,77.81495399253413,35.241863360776705,40.47672894622296,153.53354629953378,118.29168293875709,1,1,1,1
CDS 2 2022,Easy,69.30089156171752,40.39857230702299,31.961753517572546,141.66121738631307,101.26264507929007,1,1,0,0
CDS 1 2023,Hard,46.65840953283419,55.10513487712082,34.34003383731613,136.10357824727112,80.99844337015031,1,1,1,0
CDS 1 2022,Moderate,64.82929945177587,53.676543274056016,41.32023223617021,159.8260749620021,106.14953168794608,1,1,1,1
CDS 2 2023,Moderate,61.01327176860468,18.974694395166953,41.96930634962757,121.9572725133992,102.98257811823225,0,1,0,1
CDS 2 2022,Easy,66.11088351304834,68.95483087052968,29.550749653777483,164.6164640373555,95.66163316682582,1,1,1,0
CDS 1 2023,Hard,53.5284469478314,21.93913750895436,30.247584706142643,105.7151691629284,83.77603165397404,0,0,0,0
CDS 2 2023,Moderate,70.16830889012851,54.68337458808604,41.27328120273809,166.12496468095264,111.4415900928666,1,1,1,1
CDS 2 2022,Easy,56.869771478311776,57.68319345335087,32.2636015506187,146.81656648228136,89.13337302893048,1,1,0,0
CDS 1 2022,Moderate,53.05501589751949,22.069048766799334,39.34892962677338,114.47299429109222,92.40394552429288,0,0,0,0
CDS 1 2023,Hard,50.12455443593407,45.27382993594918,44.37402772341193,139.77241209529518,94.498582159346,1,1,1,0
CDS 1 2022,Moderate,61.66793664530993,19.96855657438277,54.852265356713566,136.48875857640627,116.5202020020235,1,1,0,1
Standard Mock,Moderate,51.84688885211892,58.30021479606468,30.988268282526107,141.1353719307097,82.83515713464503,1,1,0,0
CDS 1 2023,Hard,63.756563632282365,51.975451865710596,23.071946328138992,138.80396182613197,86.82850996042136,1,1,1,0
CDS 2 2022,Easy,60.96685232678293,42.60828762253531,52.11639625649167,155.6915362058099,113.0832485832746,1,1,1,1
CDS 1 2022,Moderate,58.7668840093384,60.672364458788564,30.098326846234396,149.53757531436136,88.8652108555728,1,1,1,0
Standard Mock,Moderate,54.77218783433829,54.08173677195659,34.57551470988244,143.42943931617734,89.34770254422074,1,1,0,0
CDS 1 2022,Moderate,65.4525848302612,50.533497322136,43.869526074731716,159.85560822712893,109.32211090499291,1,1,1,1
Standard Mock,Moderate,55.81751084720169,48.30806778249134,31.503012546412496,135.62859117610552,87.32052339361418,1,1,0,0
CDS 2 2023,Moderate,62.49592476074383,48.23044105158657,33.52828352151564,144.25464933384603,96.02420828225948,1,1,1,0
CDS 1 2023,Hard,39.82746139427895,42.17334746667316,35.338842275637425,117.33965113658954,75.16630366991637,0,1,0,0
CDS 2 2023,Moderate,70.01870413541089,27.139229057738564,35.00160507407085,132.1595382672203,105.02030920948174,1,1,0,1
Standard Mock,Moderate,56.41553810693325,56.91483966520319,33.00070076881583,146.33107854095226,89.41623887574909,1,1,1,0
CDS 2 2022,Easy,44.29726455486605,61.16410258951967,40.41179516948935,145.87316231387507,84.7090597243554,1,1,0,0
Standard Mock,Moderate,53.385121147184805,40.47556189020187,35.74628009816848,129.60696313555516,89.13140124535329,0,1,0,0
CDS 1 2022,Moderate,52.704270667796095,39.47169609039587,30.91580149868683,123.0917682568788,83.62007216648293,0,0,0,0
CDS 2 2022,Easy,71.83618311936333,44.16507991542487,32.650481231646225,148.65174426643443,104.48666435100955,1,1,0,0
CDS 1 2022,Moderate,77.67928666839533,25.6618396720896,44.60740011824035,147.94852645872527,122.28668678663568,1,1,1,1
CDS 2 2022,Easy,57.35231710147467,58.88506080677792,42.424629717227106,158.6620076254797,99.77694681870177,1,1,1,0
CDS 1 2022,Moderate,45.095071342631066,57.90269303017951,46.58565492822322,149.58341930103379,91.68072627085428,1,1,1,0
CDS 2 2022,Easy,69.81901632040339,60.42747991085102,53.56728490712121,183.81378113837562,123.3863012275246,1,1,1,1
CDS 1 2022,Moderate,64.48580879251847,61.214634968732504,50.57679271822242,176.2772364794734,115.06260151074089,1,1,1,1
Standard Mock,Moderate,51.584925410884686,40.02878562049702,41.33195178671915,132.94566281810086,92.91687719760384,0,1,0,0
CDS 1 2022,Moderate,65.04154550950278,31.39839225052817,39.766135070198146,136.2060728302291,104.80768057970093,1,1,0,0
CDS 1 2023,Hard,53.78154388688965,34.764517708070116,32.12205618864322,120.66811778360298,85.90360007553286,1,1,0,0
CDS 2 2023,Moderate,63.1470994239076,47.632883229230934,43.058977770010685,153.83896042314922,106.20607719391828,1,1,1,1
Standard Mock,Moderate,62.24599476708259,53.67835899870271,48.83424078555975,164.75859455134506,111.08023555264234,1,1,1,1
CDS 1 2023,Hard,57.00824289674474,48.05231213666619,22.335364962869114,127.39591999628004,79.34360785961385,1,1,0,0
CDS 2 2022,Easy,68.30149949391938,55.562542519639734,52.83739433701408,176.7014363505732,121.13889383093345,1,1,1,1
Standard Mock,Moderate,41.83733499866004,56.828169165116805,17.998791311717383,116.66429547549423,59.83612631037742,0,0,0,0
Standard Mock,Moderate,54.29806402301847,49.37079173402827,39.36767751110497,143.03653326815171,93.66574153412344,1,1,0,0
CDS 2 2023,Moderate,58.33160332306079,37.61532593945728,34.03638714411777,129.98331640663582,92.36799046717856,0,1,0,0
CDS 2 2023,Moderate,59.84222311100329,43.53292175849154,29.15506567205601,132.53021054155084,88.9972887830593,1,1,0,0
Standard Mock,Moderate,56.76350955290839,59.06608147808504,32.73306730101281,148.56265833200624,89.4965768539212,1,1,1,0
Standard Mock,Moderate,58.702091707953066,66.45425941591778,45.23702336590098,170.39337448977182,103.93911507385405,1,1,1,1
Standard Mock,Moderate,68.5494465105615,51.921986513802246,40.34468535068511,160.81611837504886,108.8941318612466,1,1,1,1
Standard Mock,Moderate,68.65358709050071,59.814838151486384,35.8936073859624,164.36203262794947,104.5471944764631,1,1,1,1
CDS 1 2022,Moderate,66.14105805289684,58.75021056123367,31.40159539219612,156.29286400632662,97.54265344509295,1,1,1,0
CDS 2 2022,Easy,65.91480005977569,49.285610075212155,38.93867992387684,154.1390900588647,104.85347998365253,1,1,1,0
CDS 1 2022,Moderate,61.660188478745724,58.66728006711645,44.96462615412983,165.292094699992,106.62481463287556,1,1,1,1
CDS 2 2022,Easy,68.53393797458956,70.2603614982707,45.99643640725035,184.79073588011062,114.53037438183992,1,1,1,1
CDS 1 2023,Hard,53.50033708829139,55.61355822614287,21.07663997175835,130.1905352861926,74.57697706004974,1,1,0,0
CDS 1 2023,Hard,49.70221747969282,18.445626935985384,24.477295013248764,92.62513942892697,74.17951249294158,0,0,0,0
Standard Mock,Moderate,65.71283053164296,38.99689430769916,18.785473754477785,123.49519859381991,84.49830428612074,0,0,0,0
Standard Mock,Moderate,65.88236794515059,40.1795502213812,42.21921252408372,148.2811306906155,108.1015804692343,1,1,1,1
CDS 2 2022,Easy,63.65846673007594,48.41923854626581,31.27405473593847,143.3517600122802,94.9325214660144,1,1,0,0
Standard Mock,Moderate,62.66215260152907,45.06941951789197,29.983533212035425,137.71510533145647,92.6456858135645,1,1,0,0
CDS 1 2022,Moderate,45.352933183824334,54.12079911805279,46.32956164806137,145.8032939499385,91.6824948318857,1,1,0,0
CDS 1 2022,Moderate,67.92905371837202,38.0974454934514,47.90425324616862,153.93075245799204,115.83330696454064,1,1,1,1
CDS 1 2022,Moderate,56.41605516971976,85.68507492122684,16.05165632417789,158.1527864151245,72.46771149389765,1,1,1,0
Standard Mock,Moderate,58.50414684682624,33.1420662679745,45.38727899914912,137.03349211394988,103.89142584597536,1,1,0,1
CDS 1 2023,Hard,64.96388425643009,39.27663101166422,44.86072701319733,149.10124228129163,109.82461126962741,1,1,1,1
CDS 1 2023,Hard,44.891185034103984,13.278861700513282,28.889628792435712,87.05967552705297,73.7808138265397,0,0,0,0
CDS 1 2023,Hard,54.62113298978158,39.57090826751783,36.56773711450397,130.75977837180338,91.18887010428554,1,1,0,0
CDS 1 2022,Moderate,57.15860445311033,55.24829816339463,40.27568116112033,152.6825837776253,97.43428561423066,1,1,1,0
Standard Mock,Moderate,43.400944374948175,77.23182149075092,35.88822962278788,156.52099548848696,79.28917399773606,1,1,1,0
Standard Mock,Moderate,46.64983754351976,71.30095346462043,34.145811671669335,152.0966026798095,80.79564921518909,1,1,1,0
Standard Mock,Moderate,71.04175156543675,50.47362455547125,29.866033192239385,151.3814093131474,100.90778475767614,1,1,1,1
CDS 2 2022,Easy,64.97888320015177,54.10897471008301,32.519281956783324,151.6071398670181,97.4981651569351,1,1,0,0
CDS 2 2022,Easy,62.20033867193471,46.0194018317076,41.1274893807675,149.3472298844098,103.32782805270222,1,1,0,0
CDS 2 2023,Moderate,47.23381799755339,68.58141861814536,34.58719226607629,150.40242888177505,81.82101026362969,1,1,1,0
CDS 2 2023,Moderate,60.822029262627964,57.04902966046198,31.684062210684548,149.5551211337745,92.50609147331251,1,1,1,0
CDS 1 2023,Hard,53.41680387404622,39.953049888459056,44.94426339967288,138.31411716217815,98.3610672737191,1,1,1,1
CDS 1 2022,Moderate,67.00497063158163,54.03707104003995,27.453956176067273,148.49599784768884,94.45892680764891,1,1,1,0
CDS 1 2022,Moderate,62.75093476943754,41.97890686596335,34.43493875340792,139.16478038880882,97.18587352284547,1,1,0,0
CDS 1 2023,Hard,48.61969834347626,47.547269316357685,32.258821311837224,128.42578897167118,80.87851965531348,1,1,0,0
CDS 2 2023,Moderate,58.72837203705868,47.545023862406765,37.87267929120792,144.14607519067337,96.6010513282666,1,1,1,0
Standard Mock,Moderate,60.98526024905388,48.2156709524197,32.99555017322775,142.1964813747013,93.98081042228162,1,1,0,0
Standard Mock,Moderate,86.98040456817427,55.74356350117252,38.11634298807425,180.84031105742105,125.09674755624852,1,1,1,1
CDS 2 2022,Easy,69.38023605328097,70.52787055950002,37.371831767029406,177.2799383798104,106.75206782031037,1,1,1,0
CDS 2 2022,Easy,62.08836229573659,50.98951602320261,50.55054548942552,163.62842380836472,112.6389077851621,1,1,1,1
CDS 1 2023,Hard,45.40027480855959,26.743979726774718,32.923169665889546,105.06742420122384,78.32344447444913,0,0,0,0
CDS 1 2022,Moderate,65.3564022501661,44.17190363432576,23.058413439086834,132.58671932357868,88.41481568925293,0,1,0,0
CDS 1 2022,Moderate,45.682703034752585,28.15248528460423,63.24167009402729,137.07685841338412,108.92437312877988,1,1,0,1
Standard Mock,Moderate,60.098137403964046,60.4366309030443,46.433042743300135,166.96781105030848,106.53118014726418,1,1,1,1
CDS 2 2022,Easy,73.51342122173138,71.21306735604402,36.82771611778524,181.55420469556066,110.34113733951662,1,1,1,1
CDS 1 2022,Moderate,69.13391090802183,50.886969092719106,37.122996176604765,157.1438761773457,106.25690708462659,1,1,1,1
CDS 2 2023,Moderate,56.96077352384627,62.845811705744595,25.903479741669614,145.71006497126046,82.86425326551588,1,1,1,0
CDS 1 2022,Moderate,73.12207993601533,46.1545780182457,26.158908589700786,145.4355665439618,99.28098852571611,1,1,0,0
